<<<<<<< HEAD
ERROR - 2026-05-20 15:42:16 --> Table 'db_tk.siswa' doesn't exist
in SYSTEMPATH\Database\MySQLi\Connection.php on line 300.
 1 SYSTEMPATH\Database\MySQLi\Connection.php(300): mysqli->query('SELECT *
FROM `siswa`', 0)
 2 SYSTEMPATH\Database\BaseConnection.php(910): CodeIgniter\Database\MySQLi\Connection->execute('SELECT *
FROM `siswa`')
 3 SYSTEMPATH\Database\BaseConnection.php(827): CodeIgniter\Database\BaseConnection->simpleQuery('SELECT *
FROM `siswa`')
 4 SYSTEMPATH\Database\BaseBuilder.php(1649): CodeIgniter\Database\BaseConnection->query('SELECT *
FROM `siswa`', [], false)
 5 SYSTEMPATH\Model.php(253): CodeIgniter\Database\BaseBuilder->get()
 6 SYSTEMPATH\BaseModel.php(676): CodeIgniter\Model->doFindAll(0, 0)
 7 APPPATH\Controllers\Home.php(13): CodeIgniter\BaseModel->findAll()
 8 SYSTEMPATH\CodeIgniter.php(951): App\Controllers\Home->index()
 9 SYSTEMPATH\CodeIgniter.php(497): CodeIgniter\CodeIgniter->runController(Object(App\Controllers\Home))
=======
DEBUG - 2026-05-20 05:16:51 --> Session: Class initialized using 'CodeIgniter\Session\Handlers\FileHandler' driver.
DEBUG - 2026-05-20 05:17:01 --> Session: Class initialized using 'CodeIgniter\Session\Handlers\FileHandler' driver.
DEBUG - 2026-05-20 05:17:24 --> Session: Class initialized using 'CodeIgniter\Session\Handlers\FileHandler' driver.
DEBUG - 2026-05-20 05:17:52 --> Session: Class initialized using 'CodeIgniter\Session\Handlers\FileHandler' driver.
DEBUG - 2026-05-20 05:18:04 --> Session: Class initialized using 'CodeIgniter\Session\Handlers\FileHandler' driver.
DEBUG - 2026-05-20 05:18:06 --> Session: Class initialized using 'CodeIgniter\Session\Handlers\FileHandler' driver.
DEBUG - 2026-05-20 05:18:17 --> Session: Class initialized using 'CodeIgniter\Session\Handlers\FileHandler' driver.
DEBUG - 2026-05-20 05:18:33 --> Session: Class initialized using 'CodeIgniter\Session\Handlers\FileHandler' driver.
DEBUG - 2026-05-20 05:18:37 --> Session: Class initialized using 'CodeIgniter\Session\Handlers\FileHandler' driver.
DEBUG - 2026-05-20 05:19:24 --> Session: Class initialized using 'CodeIgniter\Session\Handlers\FileHandler' driver.
DEBUG - 2026-05-20 05:19:26 --> Session: Class initialized using 'CodeIgniter\Session\Handlers\FileHandler' driver.
DEBUG - 2026-05-20 05:19:50 --> Session: Class initialized using 'CodeIgniter\Session\Handlers\FileHandler' driver.
DEBUG - 2026-05-20 05:19:54 --> Session: Class initialized using 'CodeIgniter\Session\Handlers\FileHandler' driver.
DEBUG - 2026-05-20 05:19:55 --> Session: Class initialized using 'CodeIgniter\Session\Handlers\FileHandler' driver.
DEBUG - 2026-05-20 05:19:57 --> Session: Class initialized using 'CodeIgniter\Session\Handlers\FileHandler' driver.
DEBUG - 2026-05-20 05:20:01 --> Session: Class initialized using 'CodeIgniter\Session\Handlers\FileHandler' driver.
DEBUG - 2026-05-20 05:21:16 --> Session: Class initialized using 'CodeIgniter\Session\Handlers\FileHandler' driver.
DEBUG - 2026-05-20 05:21:27 --> Session: Class initialized using 'CodeIgniter\Session\Handlers\FileHandler' driver.
DEBUG - 2026-05-20 05:21:31 --> Session: Class initialized using 'CodeIgniter\Session\Handlers\FileHandler' driver.
DEBUG - 2026-05-20 05:21:35 --> Session: Class initialized using 'CodeIgniter\Session\Handlers\FileHandler' driver.
DEBUG - 2026-05-20 05:21:37 --> Session: Class initialized using 'CodeIgniter\Session\Handlers\FileHandler' driver.
DEBUG - 2026-05-20 05:21:41 --> Session: Class initialized using 'CodeIgniter\Session\Handlers\FileHandler' driver.
DEBUG - 2026-05-20 05:22:47 --> Session: Class initialized using 'CodeIgniter\Session\Handlers\FileHandler' driver.
DEBUG - 2026-05-20 05:23:04 --> Session: Class initialized using 'CodeIgniter\Session\Handlers\FileHandler' driver.
DEBUG - 2026-05-20 05:24:13 --> Session: Class initialized using 'CodeIgniter\Session\Handlers\FileHandler' driver.
DEBUG - 2026-05-20 05:24:14 --> Session: Class initialized using 'CodeIgniter\Session\Handlers\FileHandler' driver.
DEBUG - 2026-05-20 05:29:47 --> Session: Class initialized using 'CodeIgniter\Session\Handlers\FileHandler' driver.
DEBUG - 2026-05-20 05:29:50 --> Session: Class initialized using 'CodeIgniter\Session\Handlers\FileHandler' driver.
DEBUG - 2026-05-20 05:29:51 --> Session: Class initialized using 'CodeIgniter\Session\Handlers\FileHandler' driver.
DEBUG - 2026-05-20 05:29:53 --> Session: Class initialized using 'CodeIgniter\Session\Handlers\FileHandler' driver.
DEBUG - 2026-05-20 05:30:02 --> Session: Class initialized using 'CodeIgniter\Session\Handlers\FileHandler' driver.
DEBUG - 2026-05-20 05:30:02 --> Session: Class initialized using 'CodeIgniter\Session\Handlers\FileHandler' driver.
DEBUG - 2026-05-20 05:30:02 --> Session: Class initialized using 'CodeIgniter\Session\Handlers\FileHandler' driver.
DEBUG - 2026-05-20 05:30:03 --> Session: Class initialized using 'CodeIgniter\Session\Handlers\FileHandler' driver.
DEBUG - 2026-05-20 05:30:03 --> Session: Class initialized using 'CodeIgniter\Session\Handlers\FileHandler' driver.
DEBUG - 2026-05-20 05:30:03 --> Session: Class initialized using 'CodeIgniter\Session\Handlers\FileHandler' driver.
DEBUG - 2026-05-20 05:30:03 --> Session: Class initialized using 'CodeIgniter\Session\Handlers\FileHandler' driver.
DEBUG - 2026-05-20 05:30:03 --> Session: Class initialized using 'CodeIgniter\Session\Handlers\FileHandler' driver.
DEBUG - 2026-05-20 05:30:03 --> Session: Class initialized using 'CodeIgniter\Session\Handlers\FileHandler' driver.
DEBUG - 2026-05-20 05:30:04 --> Session: Class initialized using 'CodeIgniter\Session\Handlers\FileHandler' driver.
DEBUG - 2026-05-20 05:30:04 --> Session: Class initialized using 'CodeIgniter\Session\Handlers\FileHandler' driver.
DEBUG - 2026-05-20 05:30:04 --> Session: Class initialized using 'CodeIgniter\Session\Handlers\FileHandler' driver.
DEBUG - 2026-05-20 05:30:04 --> Session: Class initialized using 'CodeIgniter\Session\Handlers\FileHandler' driver.
DEBUG - 2026-05-20 05:30:04 --> Session: Class initialized using 'CodeIgniter\Session\Handlers\FileHandler' driver.
DEBUG - 2026-05-20 05:30:04 --> Session: Class initialized using 'CodeIgniter\Session\Handlers\FileHandler' driver.
DEBUG - 2026-05-20 05:30:05 --> Session: Class initialized using 'CodeIgniter\Session\Handlers\FileHandler' driver.
DEBUG - 2026-05-20 05:30:05 --> Session: Class initialized using 'CodeIgniter\Session\Handlers\FileHandler' driver.
DEBUG - 2026-05-20 05:30:05 --> Session: Class initialized using 'CodeIgniter\Session\Handlers\FileHandler' driver.
DEBUG - 2026-05-20 05:30:05 --> Session: Class initialized using 'CodeIgniter\Session\Handlers\FileHandler' driver.
DEBUG - 2026-05-20 05:30:05 --> Session: Class initialized using 'CodeIgniter\Session\Handlers\FileHandler' driver.
DEBUG - 2026-05-20 05:30:06 --> Session: Class initialized using 'CodeIgniter\Session\Handlers\FileHandler' driver.
DEBUG - 2026-05-20 05:30:06 --> Session: Class initialized using 'CodeIgniter\Session\Handlers\FileHandler' driver.
DEBUG - 2026-05-20 05:30:06 --> Session: Class initialized using 'CodeIgniter\Session\Handlers\FileHandler' driver.
DEBUG - 2026-05-20 05:30:06 --> Session: Class initialized using 'CodeIgniter\Session\Handlers\FileHandler' driver.
DEBUG - 2026-05-20 05:30:06 --> Session: Class initialized using 'CodeIgniter\Session\Handlers\FileHandler' driver.
DEBUG - 2026-05-20 05:30:06 --> Session: Class initialized using 'CodeIgniter\Session\Handlers\FileHandler' driver.
DEBUG - 2026-05-20 05:30:07 --> Session: Class initialized using 'CodeIgniter\Session\Handlers\FileHandler' driver.
DEBUG - 2026-05-20 05:30:16 --> Session: Class initialized using 'CodeIgniter\Session\Handlers\FileHandler' driver.
DEBUG - 2026-05-20 05:30:16 --> Session: Class initialized using 'CodeIgniter\Session\Handlers\FileHandler' driver.
DEBUG - 2026-05-20 05:30:17 --> Session: Class initialized using 'CodeIgniter\Session\Handlers\FileHandler' driver.
DEBUG - 2026-05-20 05:30:17 --> Session: Class initialized using 'CodeIgniter\Session\Handlers\FileHandler' driver.
DEBUG - 2026-05-20 05:30:18 --> Session: Class initialized using 'CodeIgniter\Session\Handlers\FileHandler' driver.
DEBUG - 2026-05-20 05:30:19 --> Session: Class initialized using 'CodeIgniter\Session\Handlers\FileHandler' driver.
DEBUG - 2026-05-20 05:30:28 --> Session: Class initialized using 'CodeIgniter\Session\Handlers\FileHandler' driver.
DEBUG - 2026-05-20 05:30:29 --> Session: Class initialized using 'CodeIgniter\Session\Handlers\FileHandler' driver.
DEBUG - 2026-05-20 05:30:29 --> Session: Class initialized using 'CodeIgniter\Session\Handlers\FileHandler' driver.
DEBUG - 2026-05-20 05:30:30 --> Session: Class initialized using 'CodeIgniter\Session\Handlers\FileHandler' driver.
DEBUG - 2026-05-20 05:30:30 --> Session: Class initialized using 'CodeIgniter\Session\Handlers\FileHandler' driver.
DEBUG - 2026-05-20 05:30:30 --> Session: Class initialized using 'CodeIgniter\Session\Handlers\FileHandler' driver.
DEBUG - 2026-05-20 05:30:30 --> Session: Class initialized using 'CodeIgniter\Session\Handlers\FileHandler' driver.
DEBUG - 2026-05-20 05:30:31 --> Session: Class initialized using 'CodeIgniter\Session\Handlers\FileHandler' driver.
DEBUG - 2026-05-20 05:30:31 --> Session: Class initialized using 'CodeIgniter\Session\Handlers\FileHandler' driver.
DEBUG - 2026-05-20 05:30:33 --> Session: Class initialized using 'CodeIgniter\Session\Handlers\FileHandler' driver.
DEBUG - 2026-05-20 05:30:35 --> Session: Class initialized using 'CodeIgniter\Session\Handlers\FileHandler' driver.
DEBUG - 2026-05-20 05:30:36 --> Session: Class initialized using 'CodeIgniter\Session\Handlers\FileHandler' driver.
DEBUG - 2026-05-20 05:30:57 --> Session: Class initialized using 'CodeIgniter\Session\Handlers\FileHandler' driver.
DEBUG - 2026-05-20 05:30:58 --> Session: Class initialized using 'CodeIgniter\Session\Handlers\FileHandler' driver.
DEBUG - 2026-05-20 05:30:59 --> Session: Class initialized using 'CodeIgniter\Session\Handlers\FileHandler' driver.
DEBUG - 2026-05-20 05:31:10 --> Session: Class initialized using 'CodeIgniter\Session\Handlers\FileHandler' driver.
DEBUG - 2026-05-20 05:31:11 --> Session: Class initialized using 'CodeIgniter\Session\Handlers\FileHandler' driver.
DEBUG - 2026-05-20 05:31:44 --> Session: Class initialized using 'CodeIgniter\Session\Handlers\FileHandler' driver.
DEBUG - 2026-05-20 05:31:46 --> Session: Class initialized using 'CodeIgniter\Session\Handlers\FileHandler' driver.
DEBUG - 2026-05-20 05:38:54 --> Session: Class initialized using 'CodeIgniter\Session\Handlers\FileHandler' driver.
DEBUG - 2026-05-20 05:39:02 --> Session: Class initialized using 'CodeIgniter\Session\Handlers\FileHandler' driver.
DEBUG - 2026-05-20 05:39:07 --> Session: Class initialized using 'CodeIgniter\Session\Handlers\FileHandler' driver.
DEBUG - 2026-05-20 05:41:14 --> Session: Class initialized using 'CodeIgniter\Session\Handlers\FileHandler' driver.
DEBUG - 2026-05-20 05:42:15 --> Session: Class initialized using 'CodeIgniter\Session\Handlers\FileHandler' driver.
DEBUG - 2026-05-20 05:42:54 --> Session: Class initialized using 'CodeIgniter\Session\Handlers\FileHandler' driver.
DEBUG - 2026-05-20 05:43:00 --> Session: Class initialized using 'CodeIgniter\Session\Handlers\FileHandler' driver.
DEBUG - 2026-05-20 05:43:22 --> Session: Class initialized using 'CodeIgniter\Session\Handlers\FileHandler' driver.
DEBUG - 2026-05-20 05:43:28 --> Session: Class initialized using 'CodeIgniter\Session\Handlers\FileHandler' driver.
DEBUG - 2026-05-20 05:44:24 --> Session: Class initialized using 'CodeIgniter\Session\Handlers\FileHandler' driver.
DEBUG - 2026-05-20 05:44:36 --> Session: Class initialized using 'CodeIgniter\Session\Handlers\FileHandler' driver.
DEBUG - 2026-05-20 05:44:42 --> Session: Class initialized using 'CodeIgniter\Session\Handlers\FileHandler' driver.
DEBUG - 2026-05-20 05:45:08 --> Session: Class initialized using 'CodeIgniter\Session\Handlers\FileHandler' driver.
DEBUG - 2026-05-20 05:46:35 --> Session: Class initialized using 'CodeIgniter\Session\Handlers\FileHandler' driver.
DEBUG - 2026-05-20 05:47:53 --> Session: Class initialized using 'CodeIgniter\Session\Handlers\FileHandler' driver.
DEBUG - 2026-05-20 05:49:47 --> Session: Class initialized using 'CodeIgniter\Session\Handlers\FileHandler' driver.
DEBUG - 2026-05-20 05:50:43 --> Session: Class initialized using 'CodeIgniter\Session\Handlers\FileHandler' driver.
DEBUG - 2026-05-20 05:50:50 --> Session: Class initialized using 'CodeIgniter\Session\Handlers\FileHandler' driver.
DEBUG - 2026-05-20 05:51:10 --> Session: Class initialized using 'CodeIgniter\Session\Handlers\FileHandler' driver.
DEBUG - 2026-05-20 05:51:48 --> Session: Class initialized using 'CodeIgniter\Session\Handlers\FileHandler' driver.
DEBUG - 2026-05-20 05:52:19 --> Session: Class initialized using 'CodeIgniter\Session\Handlers\FileHandler' driver.
DEBUG - 2026-05-20 05:52:34 --> Session: Class initialized using 'CodeIgniter\Session\Handlers\FileHandler' driver.
DEBUG - 2026-05-20 05:53:27 --> Session: Class initialized using 'CodeIgniter\Session\Handlers\FileHandler' driver.
DEBUG - 2026-05-20 05:53:46 --> Session: Class initialized using 'CodeIgniter\Session\Handlers\FileHandler' driver.
DEBUG - 2026-05-20 05:53:58 --> Session: Class initialized using 'CodeIgniter\Session\Handlers\FileHandler' driver.
DEBUG - 2026-05-20 05:55:05 --> Session: Class initialized using 'CodeIgniter\Session\Handlers\FileHandler' driver.
DEBUG - 2026-05-20 05:55:29 --> Session: Class initialized using 'CodeIgniter\Session\Handlers\FileHandler' driver.
DEBUG - 2026-05-20 05:55:46 --> Session: Class initialized using 'CodeIgniter\Session\Handlers\FileHandler' driver.
DEBUG - 2026-05-20 05:55:48 --> Session: Class initialized using 'CodeIgniter\Session\Handlers\FileHandler' driver.
DEBUG - 2026-05-20 05:57:22 --> Session: Class initialized using 'CodeIgniter\Session\Handlers\FileHandler' driver.
DEBUG - 2026-05-20 05:59:32 --> Session: Class initialized using 'CodeIgniter\Session\Handlers\FileHandler' driver.
DEBUG - 2026-05-20 05:59:47 --> Session: Class initialized using 'CodeIgniter\Session\Handlers\FileHandler' driver.
DEBUG - 2026-05-20 05:59:49 --> Session: Class initialized using 'CodeIgniter\Session\Handlers\FileHandler' driver.
DEBUG - 2026-05-20 05:59:51 --> Session: Class initialized using 'CodeIgniter\Session\Handlers\FileHandler' driver.
DEBUG - 2026-05-20 05:59:53 --> Session: Class initialized using 'CodeIgniter\Session\Handlers\FileHandler' driver.
DEBUG - 2026-05-20 06:00:10 --> Session: Class initialized using 'CodeIgniter\Session\Handlers\FileHandler' driver.
DEBUG - 2026-05-20 06:00:50 --> Session: Class initialized using 'CodeIgniter\Session\Handlers\FileHandler' driver.
DEBUG - 2026-05-20 06:01:49 --> Session: Class initialized using 'CodeIgniter\Session\Handlers\FileHandler' driver.
DEBUG - 2026-05-20 06:02:04 --> Session: Class initialized using 'CodeIgniter\Session\Handlers\FileHandler' driver.
DEBUG - 2026-05-20 06:03:07 --> Session: Class initialized using 'CodeIgniter\Session\Handlers\FileHandler' driver.
DEBUG - 2026-05-20 06:03:09 --> Session: Class initialized using 'CodeIgniter\Session\Handlers\FileHandler' driver.
DEBUG - 2026-05-20 06:04:28 --> Session: Class initialized using 'CodeIgniter\Session\Handlers\FileHandler' driver.
DEBUG - 2026-05-20 06:04:32 --> Session: Class initialized using 'CodeIgniter\Session\Handlers\FileHandler' driver.
DEBUG - 2026-05-20 06:04:38 --> Session: Class initialized using 'CodeIgniter\Session\Handlers\FileHandler' driver.
DEBUG - 2026-05-20 06:04:43 --> Session: Class initialized using 'CodeIgniter\Session\Handlers\FileHandler' driver.
DEBUG - 2026-05-20 06:04:57 --> Session: Class initialized using 'CodeIgniter\Session\Handlers\FileHandler' driver.
DEBUG - 2026-05-20 06:06:37 --> Session: Class initialized using 'CodeIgniter\Session\Handlers\FileHandler' driver.
DEBUG - 2026-05-20 06:09:23 --> Session: Class initialized using 'CodeIgniter\Session\Handlers\FileHandler' driver.
DEBUG - 2026-05-20 06:13:32 --> Session: Class initialized using 'CodeIgniter\Session\Handlers\FileHandler' driver.
CRITICAL - 2026-05-20 06:16:23 --> ErrorException: Undefined variable $kelas_list
[Method: GET, Route: orang-tua]
in APPPATH\Views\OrangTua\index.php on line 88.
 1 APPPATH\Views\OrangTua\index.php(88): CodeIgniter\Debug\Exceptions->errorHandler(2, 'Undefined variable $kelas_list', 'C:\\xampp-baru\\htdocs\\tk\\app\\Views\\OrangTua\\index.php', 88)
 2 SYSTEMPATH\View\View.php(240): include('C:\\xampp-baru\\htdocs\\tk\\app\\Views\\OrangTua\\index.php')
 3 SYSTEMPATH\View\View.php(243): CodeIgniter\View\View->CodeIgniter\View\{closure}()
 4 SYSTEMPATH\Common.php(1250): CodeIgniter\View\View->render('OrangTua/index', [], true)
 5 APPPATH\Controllers\OrangTua.php(29): view('OrangTua/index', [...])
 6 SYSTEMPATH\CodeIgniter.php(951): App\Controllers\OrangTua->index()
 7 SYSTEMPATH\CodeIgniter.php(497): CodeIgniter\CodeIgniter->runController(Object(App\Controllers\OrangTua))
 8 SYSTEMPATH\CodeIgniter.php(340): CodeIgniter\CodeIgniter->handleRequest(null, Object(Config\Cache), false)
 9 SYSTEMPATH\Boot.php(417): CodeIgniter\CodeIgniter->run()
10 SYSTEMPATH\Boot.php(68): CodeIgniter\Boot::runCodeIgniter(Object(CodeIgniter\CodeIgniter))
11 FCPATH\index.php(59): CodeIgniter\Boot::bootWeb(Object(Config\Paths))
DEBUG - 2026-05-20 06:19:10 --> Session: Class initialized using 'CodeIgniter\Session\Handlers\FileHandler' driver.
DEBUG - 2026-05-20 06:20:48 --> Session: Class initialized using 'CodeIgniter\Session\Handlers\FileHandler' driver.
DEBUG - 2026-05-20 06:20:57 --> Session: Class initialized using 'CodeIgniter\Session\Handlers\FileHandler' driver.
DEBUG - 2026-05-20 06:21:00 --> Session: Class initialized using 'CodeIgniter\Session\Handlers\FileHandler' driver.
DEBUG - 2026-05-20 06:21:08 --> Session: Class initialized using 'CodeIgniter\Session\Handlers\FileHandler' driver.
DEBUG - 2026-05-20 06:21:11 --> Session: Class initialized using 'CodeIgniter\Session\Handlers\FileHandler' driver.
DEBUG - 2026-05-20 06:21:12 --> Session: Class initialized using 'CodeIgniter\Session\Handlers\FileHandler' driver.
DEBUG - 2026-05-20 06:21:14 --> Session: Class initialized using 'CodeIgniter\Session\Handlers\FileHandler' driver.
DEBUG - 2026-05-20 06:21:18 --> Session: Class initialized using 'CodeIgniter\Session\Handlers\FileHandler' driver.
DEBUG - 2026-05-20 06:21:20 --> Session: Class initialized using 'CodeIgniter\Session\Handlers\FileHandler' driver.
DEBUG - 2026-05-20 06:21:21 --> Session: Class initialized using 'CodeIgniter\Session\Handlers\FileHandler' driver.
DEBUG - 2026-05-20 06:21:24 --> Session: Class initialized using 'CodeIgniter\Session\Handlers\FileHandler' driver.
DEBUG - 2026-05-20 06:22:05 --> Session: Class initialized using 'CodeIgniter\Session\Handlers\FileHandler' driver.
CRITICAL - 2026-05-20 06:24:10 --> ErrorException: Undefined variable $kelas_list
[Method: GET, Route: orang-tua]
in APPPATH\Views\OrangTua\index.php on line 84.
 1 APPPATH\Views\OrangTua\index.php(84): CodeIgniter\Debug\Exceptions->errorHandler(2, 'Undefined variable $kelas_list', 'C:\\xampp-baru\\htdocs\\tk\\app\\Views\\OrangTua\\index.php', 84)
 2 SYSTEMPATH\View\View.php(240): include('C:\\xampp-baru\\htdocs\\tk\\app\\Views\\OrangTua\\index.php')
 3 SYSTEMPATH\View\View.php(243): CodeIgniter\View\View->CodeIgniter\View\{closure}()
 4 SYSTEMPATH\Common.php(1250): CodeIgniter\View\View->render('OrangTua/index', [], true)
 5 APPPATH\Controllers\OrangTua.php(29): view('OrangTua/index', [...])
 6 SYSTEMPATH\CodeIgniter.php(951): App\Controllers\OrangTua->index()
 7 SYSTEMPATH\CodeIgniter.php(497): CodeIgniter\CodeIgniter->runController(Object(App\Controllers\OrangTua))
 8 SYSTEMPATH\CodeIgniter.php(340): CodeIgniter\CodeIgniter->handleRequest(null, Object(Config\Cache), false)
 9 SYSTEMPATH\Boot.php(417): CodeIgniter\CodeIgniter->run()
10 SYSTEMPATH\Boot.php(68): CodeIgniter\Boot::runCodeIgniter(Object(CodeIgniter\CodeIgniter))
11 FCPATH\index.php(59): CodeIgniter\Boot::bootWeb(Object(Config\Paths))
CRITICAL - 2026-05-20 06:24:16 --> ErrorException: Undefined variable $kelas_list
[Method: GET, Route: orang-tua]
in APPPATH\Views\OrangTua\index.php on line 84.
 1 APPPATH\Views\OrangTua\index.php(84): CodeIgniter\Debug\Exceptions->errorHandler(2, 'Undefined variable $kelas_list', 'C:\\xampp-baru\\htdocs\\tk\\app\\Views\\OrangTua\\index.php', 84)
 2 SYSTEMPATH\View\View.php(240): include('C:\\xampp-baru\\htdocs\\tk\\app\\Views\\OrangTua\\index.php')
 3 SYSTEMPATH\View\View.php(243): CodeIgniter\View\View->CodeIgniter\View\{closure}()
 4 SYSTEMPATH\Common.php(1250): CodeIgniter\View\View->render('OrangTua/index', [], true)
 5 APPPATH\Controllers\OrangTua.php(29): view('OrangTua/index', [...])
 6 SYSTEMPATH\CodeIgniter.php(951): App\Controllers\OrangTua->index()
 7 SYSTEMPATH\CodeIgniter.php(497): CodeIgniter\CodeIgniter->runController(Object(App\Controllers\OrangTua))
 8 SYSTEMPATH\CodeIgniter.php(340): CodeIgniter\CodeIgniter->handleRequest(null, Object(Config\Cache), false)
 9 SYSTEMPATH\Boot.php(417): CodeIgniter\CodeIgniter->run()
10 SYSTEMPATH\Boot.php(68): CodeIgniter\Boot::runCodeIgniter(Object(CodeIgniter\CodeIgniter))
11 FCPATH\index.php(59): CodeIgniter\Boot::bootWeb(Object(Config\Paths))
CRITICAL - 2026-05-20 06:24:32 --> ErrorException: Undefined variable $kelas_list
[Method: GET, Route: orang-tua]
in APPPATH\Views\OrangTua\index.php on line 84.
 1 APPPATH\Views\OrangTua\index.php(84): CodeIgniter\Debug\Exceptions->errorHandler(2, 'Undefined variable $kelas_list', 'C:\\xampp-baru\\htdocs\\tk\\app\\Views\\OrangTua\\index.php', 84)
 2 SYSTEMPATH\View\View.php(240): include('C:\\xampp-baru\\htdocs\\tk\\app\\Views\\OrangTua\\index.php')
 3 SYSTEMPATH\View\View.php(243): CodeIgniter\View\View->CodeIgniter\View\{closure}()
 4 SYSTEMPATH\Common.php(1250): CodeIgniter\View\View->render('OrangTua/index', [], true)
 5 APPPATH\Controllers\OrangTua.php(29): view('OrangTua/index', [...])
 6 SYSTEMPATH\CodeIgniter.php(951): App\Controllers\OrangTua->index()
 7 SYSTEMPATH\CodeIgniter.php(497): CodeIgniter\CodeIgniter->runController(Object(App\Controllers\OrangTua))
 8 SYSTEMPATH\CodeIgniter.php(340): CodeIgniter\CodeIgniter->handleRequest(null, Object(Config\Cache), false)
 9 SYSTEMPATH\Boot.php(417): CodeIgniter\CodeIgniter->run()
10 SYSTEMPATH\Boot.php(68): CodeIgniter\Boot::runCodeIgniter(Object(CodeIgniter\CodeIgniter))
11 FCPATH\index.php(59): CodeIgniter\Boot::bootWeb(Object(Config\Paths))
CRITICAL - 2026-05-20 06:25:40 --> ErrorException: Undefined variable $kelas_list
[Method: GET, Route: orang-tua]
in APPPATH\Views\OrangTua\index.php on line 84.
 1 APPPATH\Views\OrangTua\index.php(84): CodeIgniter\Debug\Exceptions->errorHandler(2, 'Undefined variable $kelas_list', 'C:\\xampp-baru\\htdocs\\tk\\app\\Views\\OrangTua\\index.php', 84)
 2 SYSTEMPATH\View\View.php(240): include('C:\\xampp-baru\\htdocs\\tk\\app\\Views\\OrangTua\\index.php')
 3 SYSTEMPATH\View\View.php(243): CodeIgniter\View\View->CodeIgniter\View\{closure}()
 4 SYSTEMPATH\Common.php(1250): CodeIgniter\View\View->render('OrangTua/index', [], true)
 5 APPPATH\Controllers\OrangTua.php(29): view('OrangTua/index', [...])
 6 SYSTEMPATH\CodeIgniter.php(951): App\Controllers\OrangTua->index()
 7 SYSTEMPATH\CodeIgniter.php(497): CodeIgniter\CodeIgniter->runController(Object(App\Controllers\OrangTua))
 8 SYSTEMPATH\CodeIgniter.php(340): CodeIgniter\CodeIgniter->handleRequest(null, Object(Config\Cache), false)
 9 SYSTEMPATH\Boot.php(417): CodeIgniter\CodeIgniter->run()
10 SYSTEMPATH\Boot.php(68): CodeIgniter\Boot::runCodeIgniter(Object(CodeIgniter\CodeIgniter))
11 FCPATH\index.php(59): CodeIgniter\Boot::bootWeb(Object(Config\Paths))
CRITICAL - 2026-05-20 06:26:53 --> ErrorException: Undefined variable $kelas_list
[Method: GET, Route: orang-tua]
in APPPATH\Views\OrangTua\index.php on line 84.
 1 APPPATH\Views\OrangTua\index.php(84): CodeIgniter\Debug\Exceptions->errorHandler(2, 'Undefined variable $kelas_list', 'C:\\xampp-baru\\htdocs\\tk\\app\\Views\\OrangTua\\index.php', 84)
 2 SYSTEMPATH\View\View.php(240): include('C:\\xampp-baru\\htdocs\\tk\\app\\Views\\OrangTua\\index.php')
 3 SYSTEMPATH\View\View.php(243): CodeIgniter\View\View->CodeIgniter\View\{closure}()
 4 SYSTEMPATH\Common.php(1250): CodeIgniter\View\View->render('OrangTua/index', [], true)
 5 APPPATH\Controllers\OrangTua.php(29): view('OrangTua/index', [...])
 6 SYSTEMPATH\CodeIgniter.php(951): App\Controllers\OrangTua->index()
 7 SYSTEMPATH\CodeIgniter.php(497): CodeIgniter\CodeIgniter->runController(Object(App\Controllers\OrangTua))
 8 SYSTEMPATH\CodeIgniter.php(340): CodeIgniter\CodeIgniter->handleRequest(null, Object(Config\Cache), false)
 9 SYSTEMPATH\Boot.php(417): CodeIgniter\CodeIgniter->run()
10 SYSTEMPATH\Boot.php(68): CodeIgniter\Boot::runCodeIgniter(Object(CodeIgniter\CodeIgniter))
11 FCPATH\index.php(59): CodeIgniter\Boot::bootWeb(Object(Config\Paths))
DEBUG - 2026-05-20 06:28:35 --> Session: Class initialized using 'CodeIgniter\Session\Handlers\FileHandler' driver.
CRITICAL - 2026-05-20 06:28:37 --> ErrorException: Undefined variable $kelas_list
[Method: GET, Route: orang-tua]
in APPPATH\Views\OrangTua\index.php on line 84.
 1 APPPATH\Views\OrangTua\index.php(84): CodeIgniter\Debug\Exceptions->errorHandler(2, 'Undefined variable $kelas_list', 'C:\\xampp-baru\\htdocs\\tk\\app\\Views\\OrangTua\\index.php', 84)
 2 SYSTEMPATH\View\View.php(240): include('C:\\xampp-baru\\htdocs\\tk\\app\\Views\\OrangTua\\index.php')
 3 SYSTEMPATH\View\View.php(243): CodeIgniter\View\View->CodeIgniter\View\{closure}()
 4 SYSTEMPATH\Common.php(1250): CodeIgniter\View\View->render('OrangTua/index', [], true)
 5 APPPATH\Controllers\OrangTua.php(29): view('OrangTua/index', [...])
 6 SYSTEMPATH\CodeIgniter.php(951): App\Controllers\OrangTua->index()
 7 SYSTEMPATH\CodeIgniter.php(497): CodeIgniter\CodeIgniter->runController(Object(App\Controllers\OrangTua))
 8 SYSTEMPATH\CodeIgniter.php(340): CodeIgniter\CodeIgniter->handleRequest(null, Object(Config\Cache), false)
 9 SYSTEMPATH\Boot.php(417): CodeIgniter\CodeIgniter->run()
10 SYSTEMPATH\Boot.php(68): CodeIgniter\Boot::runCodeIgniter(Object(CodeIgniter\CodeIgniter))
11 FCPATH\index.php(59): CodeIgniter\Boot::bootWeb(Object(Config\Paths))
DEBUG - 2026-05-20 06:28:52 --> Session: Class initialized using 'CodeIgniter\Session\Handlers\FileHandler' driver.
DEBUG - 2026-05-20 06:29:03 --> Session: Class initialized using 'CodeIgniter\Session\Handlers\FileHandler' driver.
CRITICAL - 2026-05-20 06:31:49 --> ErrorException: Undefined variable $kelas_list
[Method: GET, Route: orang-tua]
in APPPATH\Views\OrangTua\index.php on line 121.
 1 APPPATH\Views\OrangTua\index.php(121): CodeIgniter\Debug\Exceptions->errorHandler(2, 'Undefined variable $kelas_list', 'C:\\xampp-baru\\htdocs\\tk\\app\\Views\\OrangTua\\index.php', 121)
 2 SYSTEMPATH\View\View.php(240): include('C:\\xampp-baru\\htdocs\\tk\\app\\Views\\OrangTua\\index.php')
 3 SYSTEMPATH\View\View.php(243): CodeIgniter\View\View->CodeIgniter\View\{closure}()
 4 SYSTEMPATH\Common.php(1250): CodeIgniter\View\View->render('OrangTua/index', [], true)
 5 APPPATH\Controllers\OrangTua.php(29): view('OrangTua/index', [...])
 6 SYSTEMPATH\CodeIgniter.php(951): App\Controllers\OrangTua->index()
 7 SYSTEMPATH\CodeIgniter.php(497): CodeIgniter\CodeIgniter->runController(Object(App\Controllers\OrangTua))
 8 SYSTEMPATH\CodeIgniter.php(340): CodeIgniter\CodeIgniter->handleRequest(null, Object(Config\Cache), false)
 9 SYSTEMPATH\Boot.php(417): CodeIgniter\CodeIgniter->run()
10 SYSTEMPATH\Boot.php(68): CodeIgniter\Boot::runCodeIgniter(Object(CodeIgniter\CodeIgniter))
11 FCPATH\index.php(59): CodeIgniter\Boot::bootWeb(Object(Config\Paths))
CRITICAL - 2026-05-20 06:33:41 --> ErrorException: Undefined variable $kelas_list
[Method: GET, Route: orang-tua]
in APPPATH\Views\OrangTua\index.php on line 121.
 1 APPPATH\Views\OrangTua\index.php(121): CodeIgniter\Debug\Exceptions->errorHandler(2, 'Undefined variable $kelas_list', 'C:\\xampp-baru\\htdocs\\tk\\app\\Views\\OrangTua\\index.php', 121)
 2 SYSTEMPATH\View\View.php(240): include('C:\\xampp-baru\\htdocs\\tk\\app\\Views\\OrangTua\\index.php')
 3 SYSTEMPATH\View\View.php(243): CodeIgniter\View\View->CodeIgniter\View\{closure}()
 4 SYSTEMPATH\Common.php(1250): CodeIgniter\View\View->render('OrangTua/index', [], true)
 5 APPPATH\Controllers\OrangTua.php(29): view('OrangTua/index', [...])
 6 SYSTEMPATH\CodeIgniter.php(951): App\Controllers\OrangTua->index()
 7 SYSTEMPATH\CodeIgniter.php(497): CodeIgniter\CodeIgniter->runController(Object(App\Controllers\OrangTua))
 8 SYSTEMPATH\CodeIgniter.php(340): CodeIgniter\CodeIgniter->handleRequest(null, Object(Config\Cache), false)
 9 SYSTEMPATH\Boot.php(417): CodeIgniter\CodeIgniter->run()
10 SYSTEMPATH\Boot.php(68): CodeIgniter\Boot::runCodeIgniter(Object(CodeIgniter\CodeIgniter))
11 FCPATH\index.php(59): CodeIgniter\Boot::bootWeb(Object(Config\Paths))
CRITICAL - 2026-05-20 06:33:42 --> ErrorException: Undefined variable $kelas_list
[Method: GET, Route: orang-tua]
in APPPATH\Views\OrangTua\index.php on line 121.
 1 APPPATH\Views\OrangTua\index.php(121): CodeIgniter\Debug\Exceptions->errorHandler(2, 'Undefined variable $kelas_list', 'C:\\xampp-baru\\htdocs\\tk\\app\\Views\\OrangTua\\index.php', 121)
 2 SYSTEMPATH\View\View.php(240): include('C:\\xampp-baru\\htdocs\\tk\\app\\Views\\OrangTua\\index.php')
 3 SYSTEMPATH\View\View.php(243): CodeIgniter\View\View->CodeIgniter\View\{closure}()
 4 SYSTEMPATH\Common.php(1250): CodeIgniter\View\View->render('OrangTua/index', [], true)
 5 APPPATH\Controllers\OrangTua.php(29): view('OrangTua/index', [...])
 6 SYSTEMPATH\CodeIgniter.php(951): App\Controllers\OrangTua->index()
 7 SYSTEMPATH\CodeIgniter.php(497): CodeIgniter\CodeIgniter->runController(Object(App\Controllers\OrangTua))
 8 SYSTEMPATH\CodeIgniter.php(340): CodeIgniter\CodeIgniter->handleRequest(null, Object(Config\Cache), false)
 9 SYSTEMPATH\Boot.php(417): CodeIgniter\CodeIgniter->run()
10 SYSTEMPATH\Boot.php(68): CodeIgniter\Boot::runCodeIgniter(Object(CodeIgniter\CodeIgniter))
11 FCPATH\index.php(59): CodeIgniter\Boot::bootWeb(Object(Config\Paths))
CRITICAL - 2026-05-20 06:33:43 --> ErrorException: Undefined variable $kelas_list
[Method: GET, Route: orang-tua]
in APPPATH\Views\OrangTua\index.php on line 121.
 1 APPPATH\Views\OrangTua\index.php(121): CodeIgniter\Debug\Exceptions->errorHandler(2, 'Undefined variable $kelas_list', 'C:\\xampp-baru\\htdocs\\tk\\app\\Views\\OrangTua\\index.php', 121)
 2 SYSTEMPATH\View\View.php(240): include('C:\\xampp-baru\\htdocs\\tk\\app\\Views\\OrangTua\\index.php')
 3 SYSTEMPATH\View\View.php(243): CodeIgniter\View\View->CodeIgniter\View\{closure}()
 4 SYSTEMPATH\Common.php(1250): CodeIgniter\View\View->render('OrangTua/index', [], true)
 5 APPPATH\Controllers\OrangTua.php(29): view('OrangTua/index', [...])
 6 SYSTEMPATH\CodeIgniter.php(951): App\Controllers\OrangTua->index()
 7 SYSTEMPATH\CodeIgniter.php(497): CodeIgniter\CodeIgniter->runController(Object(App\Controllers\OrangTua))
 8 SYSTEMPATH\CodeIgniter.php(340): CodeIgniter\CodeIgniter->handleRequest(null, Object(Config\Cache), false)
 9 SYSTEMPATH\Boot.php(417): CodeIgniter\CodeIgniter->run()
10 SYSTEMPATH\Boot.php(68): CodeIgniter\Boot::runCodeIgniter(Object(CodeIgniter\CodeIgniter))
11 FCPATH\index.php(59): CodeIgniter\Boot::bootWeb(Object(Config\Paths))
CRITICAL - 2026-05-20 06:33:44 --> ErrorException: Undefined variable $kelas_list
[Method: GET, Route: orang-tua]
in APPPATH\Views\OrangTua\index.php on line 121.
 1 APPPATH\Views\OrangTua\index.php(121): CodeIgniter\Debug\Exceptions->errorHandler(2, 'Undefined variable $kelas_list', 'C:\\xampp-baru\\htdocs\\tk\\app\\Views\\OrangTua\\index.php', 121)
 2 SYSTEMPATH\View\View.php(240): include('C:\\xampp-baru\\htdocs\\tk\\app\\Views\\OrangTua\\index.php')
 3 SYSTEMPATH\View\View.php(243): CodeIgniter\View\View->CodeIgniter\View\{closure}()
 4 SYSTEMPATH\Common.php(1250): CodeIgniter\View\View->render('OrangTua/index', [], true)
 5 APPPATH\Controllers\OrangTua.php(29): view('OrangTua/index', [...])
 6 SYSTEMPATH\CodeIgniter.php(951): App\Controllers\OrangTua->index()
 7 SYSTEMPATH\CodeIgniter.php(497): CodeIgniter\CodeIgniter->runController(Object(App\Controllers\OrangTua))
 8 SYSTEMPATH\CodeIgniter.php(340): CodeIgniter\CodeIgniter->handleRequest(null, Object(Config\Cache), false)
 9 SYSTEMPATH\Boot.php(417): CodeIgniter\CodeIgniter->run()
10 SYSTEMPATH\Boot.php(68): CodeIgniter\Boot::runCodeIgniter(Object(CodeIgniter\CodeIgniter))
11 FCPATH\index.php(59): CodeIgniter\Boot::bootWeb(Object(Config\Paths))
CRITICAL - 2026-05-20 06:36:24 --> ErrorException: Undefined variable $kelas
[Method: GET, Route: orang-tua]
in APPPATH\Views\OrangTua\index.php on line 121.
 1 APPPATH\Views\OrangTua\index.php(121): CodeIgniter\Debug\Exceptions->errorHandler(2, 'Undefined variable $kelas', 'C:\\xampp-baru\\htdocs\\tk\\app\\Views\\OrangTua\\index.php', 121)
 2 SYSTEMPATH\View\View.php(240): include('C:\\xampp-baru\\htdocs\\tk\\app\\Views\\OrangTua\\index.php')
 3 SYSTEMPATH\View\View.php(243): CodeIgniter\View\View->CodeIgniter\View\{closure}()
 4 SYSTEMPATH\Common.php(1250): CodeIgniter\View\View->render('OrangTua/index', [], true)
 5 APPPATH\Controllers\OrangTua.php(29): view('OrangTua/index', [...])
 6 SYSTEMPATH\CodeIgniter.php(951): App\Controllers\OrangTua->index()
 7 SYSTEMPATH\CodeIgniter.php(497): CodeIgniter\CodeIgniter->runController(Object(App\Controllers\OrangTua))
 8 SYSTEMPATH\CodeIgniter.php(340): CodeIgniter\CodeIgniter->handleRequest(null, Object(Config\Cache), false)
 9 SYSTEMPATH\Boot.php(417): CodeIgniter\CodeIgniter->run()
10 SYSTEMPATH\Boot.php(68): CodeIgniter\Boot::runCodeIgniter(Object(CodeIgniter\CodeIgniter))
11 FCPATH\index.php(59): CodeIgniter\Boot::bootWeb(Object(Config\Paths))
CRITICAL - 2026-05-20 06:36:51 --> ErrorException: Undefined variable $kelas
[Method: GET, Route: orang-tua]
in APPPATH\Views\OrangTua\index.php on line 121.
 1 APPPATH\Views\OrangTua\index.php(121): CodeIgniter\Debug\Exceptions->errorHandler(2, 'Undefined variable $kelas', 'C:\\xampp-baru\\htdocs\\tk\\app\\Views\\OrangTua\\index.php', 121)
 2 SYSTEMPATH\View\View.php(240): include('C:\\xampp-baru\\htdocs\\tk\\app\\Views\\OrangTua\\index.php')
 3 SYSTEMPATH\View\View.php(243): CodeIgniter\View\View->CodeIgniter\View\{closure}()
 4 SYSTEMPATH\Common.php(1250): CodeIgniter\View\View->render('OrangTua/index', [], true)
 5 APPPATH\Controllers\OrangTua.php(29): view('OrangTua/index', [...])
 6 SYSTEMPATH\CodeIgniter.php(951): App\Controllers\OrangTua->index()
 7 SYSTEMPATH\CodeIgniter.php(497): CodeIgniter\CodeIgniter->runController(Object(App\Controllers\OrangTua))
 8 SYSTEMPATH\CodeIgniter.php(340): CodeIgniter\CodeIgniter->handleRequest(null, Object(Config\Cache), false)
 9 SYSTEMPATH\Boot.php(417): CodeIgniter\CodeIgniter->run()
10 SYSTEMPATH\Boot.php(68): CodeIgniter\Boot::runCodeIgniter(Object(CodeIgniter\CodeIgniter))
11 FCPATH\index.php(59): CodeIgniter\Boot::bootWeb(Object(Config\Paths))
DEBUG - 2026-05-20 06:37:43 --> Session: Class initialized using 'CodeIgniter\Session\Handlers\FileHandler' driver.
DEBUG - 2026-05-20 06:51:51 --> Session: Class initialized using 'CodeIgniter\Session\Handlers\FileHandler' driver.
DEBUG - 2026-05-20 06:52:11 --> Session: Class initialized using 'CodeIgniter\Session\Handlers\FileHandler' driver.
CRITICAL - 2026-05-20 06:55:09 --> ErrorException: Undefined array key "nama_kelas"
[Method: GET, Route: orang-tua/detail/4]
in APPPATH\Views\OrangTua\detail.php on line 44.
 1 APPPATH\Views\OrangTua\detail.php(44): CodeIgniter\Debug\Exceptions->errorHandler(2, 'Undefined array key "nama_kelas"', 'C:\\xampp-baru\\htdocs\\tk\\app\\Views\\OrangTua\\detail.php', 44)
 2 SYSTEMPATH\View\View.php(240): include('C:\\xampp-baru\\htdocs\\tk\\app\\Views\\OrangTua\\detail.php')
 3 SYSTEMPATH\View\View.php(243): CodeIgniter\View\View->CodeIgniter\View\{closure}()
 4 SYSTEMPATH\Common.php(1250): CodeIgniter\View\View->render('OrangTua/detail', [], true)
 5 APPPATH\Controllers\OrangTua.php(43): view('OrangTua/detail', [...])
 6 SYSTEMPATH\CodeIgniter.php(951): App\Controllers\OrangTua->detail('4')
 7 SYSTEMPATH\CodeIgniter.php(497): CodeIgniter\CodeIgniter->runController(Object(App\Controllers\OrangTua))
 8 SYSTEMPATH\CodeIgniter.php(340): CodeIgniter\CodeIgniter->handleRequest(null, Object(Config\Cache), false)
 9 SYSTEMPATH\Boot.php(417): CodeIgniter\CodeIgniter->run()
10 SYSTEMPATH\Boot.php(68): CodeIgniter\Boot::runCodeIgniter(Object(CodeIgniter\CodeIgniter))
11 FCPATH\index.php(59): CodeIgniter\Boot::bootWeb(Object(Config\Paths))
CRITICAL - 2026-05-20 07:32:04 --> ErrorException: Undefined array key "nama_kelas"
[Method: GET, Route: orang-tua/detail/4]
in APPPATH\Views\OrangTua\detail.php on line 44.
 1 APPPATH\Views\OrangTua\detail.php(44): CodeIgniter\Debug\Exceptions->errorHandler(2, 'Undefined array key "nama_kelas"', 'C:\\xampp-baru\\htdocs\\tk\\app\\Views\\OrangTua\\detail.php', 44)
 2 SYSTEMPATH\View\View.php(240): include('C:\\xampp-baru\\htdocs\\tk\\app\\Views\\OrangTua\\detail.php')
 3 SYSTEMPATH\View\View.php(243): CodeIgniter\View\View->CodeIgniter\View\{closure}()
 4 SYSTEMPATH\Common.php(1250): CodeIgniter\View\View->render('OrangTua/detail', [], true)
 5 APPPATH\Controllers\OrangTua.php(43): view('OrangTua/detail', [...])
 6 SYSTEMPATH\CodeIgniter.php(951): App\Controllers\OrangTua->detail('4')
 7 SYSTEMPATH\CodeIgniter.php(497): CodeIgniter\CodeIgniter->runController(Object(App\Controllers\OrangTua))
 8 SYSTEMPATH\CodeIgniter.php(340): CodeIgniter\CodeIgniter->handleRequest(null, Object(Config\Cache), false)
 9 SYSTEMPATH\Boot.php(417): CodeIgniter\CodeIgniter->run()
10 SYSTEMPATH\Boot.php(68): CodeIgniter\Boot::runCodeIgniter(Object(CodeIgniter\CodeIgniter))
11 FCPATH\index.php(59): CodeIgniter\Boot::bootWeb(Object(Config\Paths))
ERROR - 2026-05-20 07:38:57 --> Unknown column 'kelas.id' in 'on clause'
in SYSTEMPATH\Database\MySQLi\Connection.php on line 300.
 1 SYSTEMPATH\Database\MySQLi\Connection.php(300): mysqli->query('SELECT `orang_tua`.*, `murid`.`nama_murid`
FROM `orang_tua`
LEFT JOIN `murid` ON `murid`.`id` = `orang_tua`.`id_murid`
LEFT JOIN `kelas` ON `kelas`.`id` = `orang_tua`.`id_kelas`
WHERE `orang_tua`.`id` = \'4\'', 0)
 2 SYSTEMPATH\Database\BaseConnection.php(910): CodeIgniter\Database\MySQLi\Connection->execute('SELECT `orang_tua`.*, `murid`.`nama_murid`
FROM `orang_tua`
LEFT JOIN `murid` ON `murid`.`id` = `orang_tua`.`id_murid`
LEFT JOIN `kelas` ON `kelas`.`id` = `orang_tua`.`id_kelas`
WHERE `orang_tua`.`id` = \'4\'')
 3 SYSTEMPATH\Database\BaseConnection.php(827): CodeIgniter\Database\BaseConnection->simpleQuery('SELECT `orang_tua`.*, `murid`.`nama_murid`
FROM `orang_tua`
LEFT JOIN `murid` ON `murid`.`id` = `orang_tua`.`id_murid`
LEFT JOIN `kelas` ON `kelas`.`id` = `orang_tua`.`id_kelas`
WHERE `orang_tua`.`id` = \'4\'')
 4 SYSTEMPATH\Database\BaseBuilder.php(1649): CodeIgniter\Database\BaseConnection->query('SELECT `orang_tua`.*, `murid`.`nama_murid`
FROM `orang_tua`
LEFT JOIN `murid` ON `murid`.`id` = `orang_tua`.`id_murid`
LEFT JOIN `kelas` ON `kelas`.`id` = `orang_tua`.`id_kelas`
WHERE `orang_tua`.`id` = :orang_tua.id:', [...], false)
 5 SYSTEMPATH\Model.php(192): CodeIgniter\Database\BaseBuilder->get()
 6 SYSTEMPATH\BaseModel.php(615): CodeIgniter\Model->doFind(true, '4')
 7 APPPATH\Controllers\OrangTua.php(40): CodeIgniter\BaseModel->find('4')
 8 SYSTEMPATH\CodeIgniter.php(951): App\Controllers\OrangTua->detail('4')
 9 SYSTEMPATH\CodeIgniter.php(497): CodeIgniter\CodeIgniter->runController(Object(App\Controllers\OrangTua))
>>>>>>> 8c509caff41bca602b02760eccd2870b41cd50a2
10 SYSTEMPATH\CodeIgniter.php(340): CodeIgniter\CodeIgniter->handleRequest(null, Object(Config\Cache), false)
11 SYSTEMPATH\Boot.php(417): CodeIgniter\CodeIgniter->run()
12 SYSTEMPATH\Boot.php(68): CodeIgniter\Boot::runCodeIgniter(Object(CodeIgniter\CodeIgniter))
13 FCPATH\index.php(59): CodeIgniter\Boot::bootWeb(Object(Config\Paths))
<<<<<<< HEAD
CRITICAL - 2026-05-20 15:42:16 --> CodeIgniter\Database\Exceptions\DatabaseException: Table 'db_tk.siswa' doesn't exist
[Method: GET, Route: /]
in SYSTEMPATH\Database\BaseConnection.php on line 865.
 1 SYSTEMPATH\Database\BaseBuilder.php(1649): CodeIgniter\Database\BaseConnection->query('SELECT *
FROM `siswa`', [], false)
 2 SYSTEMPATH\Model.php(253): CodeIgniter\Database\BaseBuilder->get()
 3 SYSTEMPATH\BaseModel.php(676): CodeIgniter\Model->doFindAll(0, 0)
 4 APPPATH\Controllers\Home.php(13): CodeIgniter\BaseModel->findAll()
 5 SYSTEMPATH\CodeIgniter.php(951): App\Controllers\Home->index()
 6 SYSTEMPATH\CodeIgniter.php(497): CodeIgniter\CodeIgniter->runController(Object(App\Controllers\Home))
=======
CRITICAL - 2026-05-20 07:38:57 --> CodeIgniter\Database\Exceptions\DatabaseException: Unknown column 'kelas.id' in 'on clause'
[Method: GET, Route: orang-tua/detail/4]
in SYSTEMPATH\Database\BaseConnection.php on line 865.
 1 SYSTEMPATH\Database\BaseBuilder.php(1649): CodeIgniter\Database\BaseConnection->query('SELECT `orang_tua`.*, `murid`.`nama_murid`
FROM `orang_tua`
LEFT JOIN `murid` ON `murid`.`id` = `orang_tua`.`id_murid`
LEFT JOIN `kelas` ON `kelas`.`id` = `orang_tua`.`id_kelas`
WHERE `orang_tua`.`id` = :orang_tua.id:', [...], false)
 2 SYSTEMPATH\Model.php(192): CodeIgniter\Database\BaseBuilder->get()
 3 SYSTEMPATH\BaseModel.php(615): CodeIgniter\Model->doFind(true, '4')
 4 APPPATH\Controllers\OrangTua.php(40): CodeIgniter\BaseModel->find('4')
 5 SYSTEMPATH\CodeIgniter.php(951): App\Controllers\OrangTua->detail('4')
 6 SYSTEMPATH\CodeIgniter.php(497): CodeIgniter\CodeIgniter->runController(Object(App\Controllers\OrangTua))
>>>>>>> 8c509caff41bca602b02760eccd2870b41cd50a2
 7 SYSTEMPATH\CodeIgniter.php(340): CodeIgniter\CodeIgniter->handleRequest(null, Object(Config\Cache), false)
 8 SYSTEMPATH\Boot.php(417): CodeIgniter\CodeIgniter->run()
 9 SYSTEMPATH\Boot.php(68): CodeIgniter\Boot::runCodeIgniter(Object(CodeIgniter\CodeIgniter))
10 FCPATH\index.php(59): CodeIgniter\Boot::bootWeb(Object(Config\Paths))
<<<<<<< HEAD
CRITICAL - 2026-05-20 15:42:16 --> [Caused by] CodeIgniter\Database\Exceptions\DatabaseException: Table 'db_tk.siswa' doesn't exist
in SYSTEMPATH\Database\MySQLi\Connection.php on line 310.
 1 SYSTEMPATH\Database\BaseConnection.php(910): CodeIgniter\Database\MySQLi\Connection->execute('SELECT *
FROM `siswa`')
 2 SYSTEMPATH\Database\BaseConnection.php(827): CodeIgniter\Database\BaseConnection->simpleQuery('SELECT *
FROM `siswa`')
 3 SYSTEMPATH\Database\BaseBuilder.php(1649): CodeIgniter\Database\BaseConnection->query('SELECT *
FROM `siswa`', [], false)
 4 SYSTEMPATH\Model.php(253): CodeIgniter\Database\BaseBuilder->get()
 5 SYSTEMPATH\BaseModel.php(676): CodeIgniter\Model->doFindAll(0, 0)
 6 APPPATH\Controllers\Home.php(13): CodeIgniter\BaseModel->findAll()
 7 SYSTEMPATH\CodeIgniter.php(951): App\Controllers\Home->index()
 8 SYSTEMPATH\CodeIgniter.php(497): CodeIgniter\CodeIgniter->runController(Object(App\Controllers\Home))
=======
CRITICAL - 2026-05-20 07:38:57 --> [Caused by] CodeIgniter\Database\Exceptions\DatabaseException: Unknown column 'kelas.id' in 'on clause'
in SYSTEMPATH\Database\MySQLi\Connection.php on line 310.
 1 SYSTEMPATH\Database\BaseConnection.php(910): CodeIgniter\Database\MySQLi\Connection->execute('SELECT `orang_tua`.*, `murid`.`nama_murid`
FROM `orang_tua`
LEFT JOIN `murid` ON `murid`.`id` = `orang_tua`.`id_murid`
LEFT JOIN `kelas` ON `kelas`.`id` = `orang_tua`.`id_kelas`
WHERE `orang_tua`.`id` = \'4\'')
 2 SYSTEMPATH\Database\BaseConnection.php(827): CodeIgniter\Database\BaseConnection->simpleQuery('SELECT `orang_tua`.*, `murid`.`nama_murid`
FROM `orang_tua`
LEFT JOIN `murid` ON `murid`.`id` = `orang_tua`.`id_murid`
LEFT JOIN `kelas` ON `kelas`.`id` = `orang_tua`.`id_kelas`
WHERE `orang_tua`.`id` = \'4\'')
 3 SYSTEMPATH\Database\BaseBuilder.php(1649): CodeIgniter\Database\BaseConnection->query('SELECT `orang_tua`.*, `murid`.`nama_murid`
FROM `orang_tua`
LEFT JOIN `murid` ON `murid`.`id` = `orang_tua`.`id_murid`
LEFT JOIN `kelas` ON `kelas`.`id` = `orang_tua`.`id_kelas`
WHERE `orang_tua`.`id` = :orang_tua.id:', [...], false)
 4 SYSTEMPATH\Model.php(192): CodeIgniter\Database\BaseBuilder->get()
 5 SYSTEMPATH\BaseModel.php(615): CodeIgniter\Model->doFind(true, '4')
 6 APPPATH\Controllers\OrangTua.php(40): CodeIgniter\BaseModel->find('4')
 7 SYSTEMPATH\CodeIgniter.php(951): App\Controllers\OrangTua->detail('4')
 8 SYSTEMPATH\CodeIgniter.php(497): CodeIgniter\CodeIgniter->runController(Object(App\Controllers\OrangTua))
>>>>>>> 8c509caff41bca602b02760eccd2870b41cd50a2
 9 SYSTEMPATH\CodeIgniter.php(340): CodeIgniter\CodeIgniter->handleRequest(null, Object(Config\Cache), false)
10 SYSTEMPATH\Boot.php(417): CodeIgniter\CodeIgniter->run()
11 SYSTEMPATH\Boot.php(68): CodeIgniter\Boot::runCodeIgniter(Object(CodeIgniter\CodeIgniter))
12 FCPATH\index.php(59): CodeIgniter\Boot::bootWeb(Object(Config\Paths))
<<<<<<< HEAD
CRITICAL - 2026-05-20 15:42:16 --> [Caused by] mysqli_sql_exception: Table 'db_tk.siswa' doesn't exist
in SYSTEMPATH\Database\MySQLi\Connection.php on line 300.
 1 SYSTEMPATH\Database\MySQLi\Connection.php(300): mysqli->query('SELECT *
FROM `siswa`', 0)
 2 SYSTEMPATH\Database\BaseConnection.php(910): CodeIgniter\Database\MySQLi\Connection->execute('SELECT *
FROM `siswa`')
 3 SYSTEMPATH\Database\BaseConnection.php(827): CodeIgniter\Database\BaseConnection->simpleQuery('SELECT *
FROM `siswa`')
 4 SYSTEMPATH\Database\BaseBuilder.php(1649): CodeIgniter\Database\BaseConnection->query('SELECT *
FROM `siswa`', [], false)
 5 SYSTEMPATH\Model.php(253): CodeIgniter\Database\BaseBuilder->get()
 6 SYSTEMPATH\BaseModel.php(676): CodeIgniter\Model->doFindAll(0, 0)
 7 APPPATH\Controllers\Home.php(13): CodeIgniter\BaseModel->findAll()
 8 SYSTEMPATH\CodeIgniter.php(951): App\Controllers\Home->index()
 9 SYSTEMPATH\CodeIgniter.php(497): CodeIgniter\CodeIgniter->runController(Object(App\Controllers\Home))
=======
CRITICAL - 2026-05-20 07:38:57 --> [Caused by] mysqli_sql_exception: Unknown column 'kelas.id' in 'on clause'
in SYSTEMPATH\Database\MySQLi\Connection.php on line 300.
 1 SYSTEMPATH\Database\MySQLi\Connection.php(300): mysqli->query('SELECT `orang_tua`.*, `murid`.`nama_murid`
FROM `orang_tua`
LEFT JOIN `murid` ON `murid`.`id` = `orang_tua`.`id_murid`
LEFT JOIN `kelas` ON `kelas`.`id` = `orang_tua`.`id_kelas`
WHERE `orang_tua`.`id` = \'4\'', 0)
 2 SYSTEMPATH\Database\BaseConnection.php(910): CodeIgniter\Database\MySQLi\Connection->execute('SELECT `orang_tua`.*, `murid`.`nama_murid`
FROM `orang_tua`
LEFT JOIN `murid` ON `murid`.`id` = `orang_tua`.`id_murid`
LEFT JOIN `kelas` ON `kelas`.`id` = `orang_tua`.`id_kelas`
WHERE `orang_tua`.`id` = \'4\'')
 3 SYSTEMPATH\Database\BaseConnection.php(827): CodeIgniter\Database\BaseConnection->simpleQuery('SELECT `orang_tua`.*, `murid`.`nama_murid`
FROM `orang_tua`
LEFT JOIN `murid` ON `murid`.`id` = `orang_tua`.`id_murid`
LEFT JOIN `kelas` ON `kelas`.`id` = `orang_tua`.`id_kelas`
WHERE `orang_tua`.`id` = \'4\'')
 4 SYSTEMPATH\Database\BaseBuilder.php(1649): CodeIgniter\Database\BaseConnection->query('SELECT `orang_tua`.*, `murid`.`nama_murid`
FROM `orang_tua`
LEFT JOIN `murid` ON `murid`.`id` = `orang_tua`.`id_murid`
LEFT JOIN `kelas` ON `kelas`.`id` = `orang_tua`.`id_kelas`
WHERE `orang_tua`.`id` = :orang_tua.id:', [...], false)
 5 SYSTEMPATH\Model.php(192): CodeIgniter\Database\BaseBuilder->get()
 6 SYSTEMPATH\BaseModel.php(615): CodeIgniter\Model->doFind(true, '4')
 7 APPPATH\Controllers\OrangTua.php(40): CodeIgniter\BaseModel->find('4')
 8 SYSTEMPATH\CodeIgniter.php(951): App\Controllers\OrangTua->detail('4')
 9 SYSTEMPATH\CodeIgniter.php(497): CodeIgniter\CodeIgniter->runController(Object(App\Controllers\OrangTua))
>>>>>>> 8c509caff41bca602b02760eccd2870b41cd50a2
10 SYSTEMPATH\CodeIgniter.php(340): CodeIgniter\CodeIgniter->handleRequest(null, Object(Config\Cache), false)
11 SYSTEMPATH\Boot.php(417): CodeIgniter\CodeIgniter->run()
12 SYSTEMPATH\Boot.php(68): CodeIgniter\Boot::runCodeIgniter(Object(CodeIgniter\CodeIgniter))
13 FCPATH\index.php(59): CodeIgniter\Boot::bootWeb(Object(Config\Paths))
<<<<<<< HEAD
CRITICAL - 2026-05-20 15:45:28 --> Error: Class "App\Models\SiswaModel" not found
[Method: GET, Route: /]
in APPPATH\Controllers\Home.php on line 9.
 1 SYSTEMPATH\CodeIgniter.php(951): App\Controllers\Home->index()
 2 SYSTEMPATH\CodeIgniter.php(497): CodeIgniter\CodeIgniter->runController(Object(App\Controllers\Home))
 3 SYSTEMPATH\CodeIgniter.php(340): CodeIgniter\CodeIgniter->handleRequest(null, Object(Config\Cache), false)
 4 SYSTEMPATH\Boot.php(417): CodeIgniter\CodeIgniter->run()
 5 SYSTEMPATH\Boot.php(68): CodeIgniter\Boot::runCodeIgniter(Object(CodeIgniter\CodeIgniter))
 6 FCPATH\index.php(59): CodeIgniter\Boot::bootWeb(Object(Config\Paths))
CRITICAL - 2026-05-20 15:45:29 --> Error: Class "App\Models\SiswaModel" not found
[Method: GET, Route: /]
in APPPATH\Controllers\Home.php on line 9.
 1 SYSTEMPATH\CodeIgniter.php(951): App\Controllers\Home->index()
 2 SYSTEMPATH\CodeIgniter.php(497): CodeIgniter\CodeIgniter->runController(Object(App\Controllers\Home))
 3 SYSTEMPATH\CodeIgniter.php(340): CodeIgniter\CodeIgniter->handleRequest(null, Object(Config\Cache), false)
 4 SYSTEMPATH\Boot.php(417): CodeIgniter\CodeIgniter->run()
 5 SYSTEMPATH\Boot.php(68): CodeIgniter\Boot::runCodeIgniter(Object(CodeIgniter\CodeIgniter))
 6 FCPATH\index.php(59): CodeIgniter\Boot::bootWeb(Object(Config\Paths))
CRITICAL - 2026-05-20 15:45:30 --> Error: Class "App\Models\SiswaModel" not found
[Method: GET, Route: /]
in APPPATH\Controllers\Home.php on line 9.
 1 SYSTEMPATH\CodeIgniter.php(951): App\Controllers\Home->index()
 2 SYSTEMPATH\CodeIgniter.php(497): CodeIgniter\CodeIgniter->runController(Object(App\Controllers\Home))
=======
ERROR - 2026-05-20 07:44:17 --> Unknown column 'kelas.id' in 'on clause'
in SYSTEMPATH\Database\MySQLi\Connection.php on line 300.
 1 SYSTEMPATH\Database\MySQLi\Connection.php(300): mysqli->query('SELECT `orang_tua`.*, `murid`.`nama_murid`
FROM `orang_tua`
LEFT JOIN `murid` ON `murid`.`id` = `orang_tua`.`id_murid`
LEFT JOIN `kelas` ON `kelas`.`id` = `orang_tua`.`id_kelas`
WHERE `orang_tua`.`id` = \'4\'', 0)
 2 SYSTEMPATH\Database\BaseConnection.php(910): CodeIgniter\Database\MySQLi\Connection->execute('SELECT `orang_tua`.*, `murid`.`nama_murid`
FROM `orang_tua`
LEFT JOIN `murid` ON `murid`.`id` = `orang_tua`.`id_murid`
LEFT JOIN `kelas` ON `kelas`.`id` = `orang_tua`.`id_kelas`
WHERE `orang_tua`.`id` = \'4\'')
 3 SYSTEMPATH\Database\BaseConnection.php(827): CodeIgniter\Database\BaseConnection->simpleQuery('SELECT `orang_tua`.*, `murid`.`nama_murid`
FROM `orang_tua`
LEFT JOIN `murid` ON `murid`.`id` = `orang_tua`.`id_murid`
LEFT JOIN `kelas` ON `kelas`.`id` = `orang_tua`.`id_kelas`
WHERE `orang_tua`.`id` = \'4\'')
 4 SYSTEMPATH\Database\BaseBuilder.php(1649): CodeIgniter\Database\BaseConnection->query('SELECT `orang_tua`.*, `murid`.`nama_murid`
FROM `orang_tua`
LEFT JOIN `murid` ON `murid`.`id` = `orang_tua`.`id_murid`
LEFT JOIN `kelas` ON `kelas`.`id` = `orang_tua`.`id_kelas`
WHERE `orang_tua`.`id` = :orang_tua.id:', [...], false)
 5 SYSTEMPATH\Model.php(192): CodeIgniter\Database\BaseBuilder->get()
 6 SYSTEMPATH\BaseModel.php(615): CodeIgniter\Model->doFind(true, '4')
 7 APPPATH\Controllers\OrangTua.php(42): CodeIgniter\BaseModel->find('4')
 8 SYSTEMPATH\CodeIgniter.php(951): App\Controllers\OrangTua->detail('4')
 9 SYSTEMPATH\CodeIgniter.php(497): CodeIgniter\CodeIgniter->runController(Object(App\Controllers\OrangTua))
10 SYSTEMPATH\CodeIgniter.php(340): CodeIgniter\CodeIgniter->handleRequest(null, Object(Config\Cache), false)
11 SYSTEMPATH\Boot.php(417): CodeIgniter\CodeIgniter->run()
12 SYSTEMPATH\Boot.php(68): CodeIgniter\Boot::runCodeIgniter(Object(CodeIgniter\CodeIgniter))
13 FCPATH\index.php(59): CodeIgniter\Boot::bootWeb(Object(Config\Paths))
CRITICAL - 2026-05-20 07:44:17 --> CodeIgniter\Database\Exceptions\DatabaseException: Unknown column 'kelas.id' in 'on clause'
[Method: GET, Route: orang-tua/detail/4]
in SYSTEMPATH\Database\BaseConnection.php on line 865.
 1 SYSTEMPATH\Database\BaseBuilder.php(1649): CodeIgniter\Database\BaseConnection->query('SELECT `orang_tua`.*, `murid`.`nama_murid`
FROM `orang_tua`
LEFT JOIN `murid` ON `murid`.`id` = `orang_tua`.`id_murid`
LEFT JOIN `kelas` ON `kelas`.`id` = `orang_tua`.`id_kelas`
WHERE `orang_tua`.`id` = :orang_tua.id:', [...], false)
 2 SYSTEMPATH\Model.php(192): CodeIgniter\Database\BaseBuilder->get()
 3 SYSTEMPATH\BaseModel.php(615): CodeIgniter\Model->doFind(true, '4')
 4 APPPATH\Controllers\OrangTua.php(42): CodeIgniter\BaseModel->find('4')
 5 SYSTEMPATH\CodeIgniter.php(951): App\Controllers\OrangTua->detail('4')
 6 SYSTEMPATH\CodeIgniter.php(497): CodeIgniter\CodeIgniter->runController(Object(App\Controllers\OrangTua))
 7 SYSTEMPATH\CodeIgniter.php(340): CodeIgniter\CodeIgniter->handleRequest(null, Object(Config\Cache), false)
 8 SYSTEMPATH\Boot.php(417): CodeIgniter\CodeIgniter->run()
 9 SYSTEMPATH\Boot.php(68): CodeIgniter\Boot::runCodeIgniter(Object(CodeIgniter\CodeIgniter))
10 FCPATH\index.php(59): CodeIgniter\Boot::bootWeb(Object(Config\Paths))
CRITICAL - 2026-05-20 07:44:17 --> [Caused by] CodeIgniter\Database\Exceptions\DatabaseException: Unknown column 'kelas.id' in 'on clause'
in SYSTEMPATH\Database\MySQLi\Connection.php on line 310.
 1 SYSTEMPATH\Database\BaseConnection.php(910): CodeIgniter\Database\MySQLi\Connection->execute('SELECT `orang_tua`.*, `murid`.`nama_murid`
FROM `orang_tua`
LEFT JOIN `murid` ON `murid`.`id` = `orang_tua`.`id_murid`
LEFT JOIN `kelas` ON `kelas`.`id` = `orang_tua`.`id_kelas`
WHERE `orang_tua`.`id` = \'4\'')
 2 SYSTEMPATH\Database\BaseConnection.php(827): CodeIgniter\Database\BaseConnection->simpleQuery('SELECT `orang_tua`.*, `murid`.`nama_murid`
FROM `orang_tua`
LEFT JOIN `murid` ON `murid`.`id` = `orang_tua`.`id_murid`
LEFT JOIN `kelas` ON `kelas`.`id` = `orang_tua`.`id_kelas`
WHERE `orang_tua`.`id` = \'4\'')
 3 SYSTEMPATH\Database\BaseBuilder.php(1649): CodeIgniter\Database\BaseConnection->query('SELECT `orang_tua`.*, `murid`.`nama_murid`
FROM `orang_tua`
LEFT JOIN `murid` ON `murid`.`id` = `orang_tua`.`id_murid`
LEFT JOIN `kelas` ON `kelas`.`id` = `orang_tua`.`id_kelas`
WHERE `orang_tua`.`id` = :orang_tua.id:', [...], false)
 4 SYSTEMPATH\Model.php(192): CodeIgniter\Database\BaseBuilder->get()
 5 SYSTEMPATH\BaseModel.php(615): CodeIgniter\Model->doFind(true, '4')
 6 APPPATH\Controllers\OrangTua.php(42): CodeIgniter\BaseModel->find('4')
 7 SYSTEMPATH\CodeIgniter.php(951): App\Controllers\OrangTua->detail('4')
 8 SYSTEMPATH\CodeIgniter.php(497): CodeIgniter\CodeIgniter->runController(Object(App\Controllers\OrangTua))
 9 SYSTEMPATH\CodeIgniter.php(340): CodeIgniter\CodeIgniter->handleRequest(null, Object(Config\Cache), false)
10 SYSTEMPATH\Boot.php(417): CodeIgniter\CodeIgniter->run()
11 SYSTEMPATH\Boot.php(68): CodeIgniter\Boot::runCodeIgniter(Object(CodeIgniter\CodeIgniter))
12 FCPATH\index.php(59): CodeIgniter\Boot::bootWeb(Object(Config\Paths))
CRITICAL - 2026-05-20 07:44:17 --> [Caused by] mysqli_sql_exception: Unknown column 'kelas.id' in 'on clause'
in SYSTEMPATH\Database\MySQLi\Connection.php on line 300.
 1 SYSTEMPATH\Database\MySQLi\Connection.php(300): mysqli->query('SELECT `orang_tua`.*, `murid`.`nama_murid`
FROM `orang_tua`
LEFT JOIN `murid` ON `murid`.`id` = `orang_tua`.`id_murid`
LEFT JOIN `kelas` ON `kelas`.`id` = `orang_tua`.`id_kelas`
WHERE `orang_tua`.`id` = \'4\'', 0)
 2 SYSTEMPATH\Database\BaseConnection.php(910): CodeIgniter\Database\MySQLi\Connection->execute('SELECT `orang_tua`.*, `murid`.`nama_murid`
FROM `orang_tua`
LEFT JOIN `murid` ON `murid`.`id` = `orang_tua`.`id_murid`
LEFT JOIN `kelas` ON `kelas`.`id` = `orang_tua`.`id_kelas`
WHERE `orang_tua`.`id` = \'4\'')
 3 SYSTEMPATH\Database\BaseConnection.php(827): CodeIgniter\Database\BaseConnection->simpleQuery('SELECT `orang_tua`.*, `murid`.`nama_murid`
FROM `orang_tua`
LEFT JOIN `murid` ON `murid`.`id` = `orang_tua`.`id_murid`
LEFT JOIN `kelas` ON `kelas`.`id` = `orang_tua`.`id_kelas`
WHERE `orang_tua`.`id` = \'4\'')
 4 SYSTEMPATH\Database\BaseBuilder.php(1649): CodeIgniter\Database\BaseConnection->query('SELECT `orang_tua`.*, `murid`.`nama_murid`
FROM `orang_tua`
LEFT JOIN `murid` ON `murid`.`id` = `orang_tua`.`id_murid`
LEFT JOIN `kelas` ON `kelas`.`id` = `orang_tua`.`id_kelas`
WHERE `orang_tua`.`id` = :orang_tua.id:', [...], false)
 5 SYSTEMPATH\Model.php(192): CodeIgniter\Database\BaseBuilder->get()
 6 SYSTEMPATH\BaseModel.php(615): CodeIgniter\Model->doFind(true, '4')
 7 APPPATH\Controllers\OrangTua.php(42): CodeIgniter\BaseModel->find('4')
 8 SYSTEMPATH\CodeIgniter.php(951): App\Controllers\OrangTua->detail('4')
 9 SYSTEMPATH\CodeIgniter.php(497): CodeIgniter\CodeIgniter->runController(Object(App\Controllers\OrangTua))
10 SYSTEMPATH\CodeIgniter.php(340): CodeIgniter\CodeIgniter->handleRequest(null, Object(Config\Cache), false)
11 SYSTEMPATH\Boot.php(417): CodeIgniter\CodeIgniter->run()
12 SYSTEMPATH\Boot.php(68): CodeIgniter\Boot::runCodeIgniter(Object(CodeIgniter\CodeIgniter))
13 FCPATH\index.php(59): CodeIgniter\Boot::bootWeb(Object(Config\Paths))
ERROR - 2026-05-20 07:44:21 --> Unknown column 'kelas.id' in 'on clause'
in SYSTEMPATH\Database\MySQLi\Connection.php on line 300.
 1 SYSTEMPATH\Database\MySQLi\Connection.php(300): mysqli->query('SELECT `orang_tua`.*, `murid`.`nama_murid`, `kelas`.`nama_kelas`
FROM `orang_tua`
JOIN `murid` ON `murid`.`id` = `orang_tua`.`id_murid`
JOIN `kelas` ON `kelas`.`id` = `orang_tua`.`id_kelas`
ORDER BY `orang_tua`.`created_at` DESC', 0)
 2 SYSTEMPATH\Database\BaseConnection.php(910): CodeIgniter\Database\MySQLi\Connection->execute('SELECT `orang_tua`.*, `murid`.`nama_murid`, `kelas`.`nama_kelas`
FROM `orang_tua`
JOIN `murid` ON `murid`.`id` = `orang_tua`.`id_murid`
JOIN `kelas` ON `kelas`.`id` = `orang_tua`.`id_kelas`
ORDER BY `orang_tua`.`created_at` DESC')
 3 SYSTEMPATH\Database\BaseConnection.php(827): CodeIgniter\Database\BaseConnection->simpleQuery('SELECT `orang_tua`.*, `murid`.`nama_murid`, `kelas`.`nama_kelas`
FROM `orang_tua`
JOIN `murid` ON `murid`.`id` = `orang_tua`.`id_murid`
JOIN `kelas` ON `kelas`.`id` = `orang_tua`.`id_kelas`
ORDER BY `orang_tua`.`created_at` DESC')
 4 SYSTEMPATH\Database\BaseBuilder.php(1649): CodeIgniter\Database\BaseConnection->query('SELECT `orang_tua`.*, `murid`.`nama_murid`, `kelas`.`nama_kelas`
FROM `orang_tua`
JOIN `murid` ON `murid`.`id` = `orang_tua`.`id_murid`
JOIN `kelas` ON `kelas`.`id` = `orang_tua`.`id_kelas`
ORDER BY `orang_tua`.`created_at` DESC', [], false)
 5 SYSTEMPATH\Model.php(759): CodeIgniter\Database\BaseBuilder->get()
 6 APPPATH\Controllers\OrangTua.php(30): CodeIgniter\Model->__call('get', [])
 7 SYSTEMPATH\CodeIgniter.php(951): App\Controllers\OrangTua->index()
 8 SYSTEMPATH\CodeIgniter.php(497): CodeIgniter\CodeIgniter->runController(Object(App\Controllers\OrangTua))
 9 SYSTEMPATH\CodeIgniter.php(340): CodeIgniter\CodeIgniter->handleRequest(null, Object(Config\Cache), false)
10 SYSTEMPATH\Boot.php(417): CodeIgniter\CodeIgniter->run()
11 SYSTEMPATH\Boot.php(68): CodeIgniter\Boot::runCodeIgniter(Object(CodeIgniter\CodeIgniter))
12 FCPATH\index.php(59): CodeIgniter\Boot::bootWeb(Object(Config\Paths))
CRITICAL - 2026-05-20 07:44:21 --> CodeIgniter\Database\Exceptions\DatabaseException: Unknown column 'kelas.id' in 'on clause'
[Method: GET, Route: orang-tua]
in SYSTEMPATH\Database\BaseConnection.php on line 865.
 1 SYSTEMPATH\Database\BaseBuilder.php(1649): CodeIgniter\Database\BaseConnection->query('SELECT `orang_tua`.*, `murid`.`nama_murid`, `kelas`.`nama_kelas`
FROM `orang_tua`
JOIN `murid` ON `murid`.`id` = `orang_tua`.`id_murid`
JOIN `kelas` ON `kelas`.`id` = `orang_tua`.`id_kelas`
ORDER BY `orang_tua`.`created_at` DESC', [], false)
 2 SYSTEMPATH\Model.php(759): CodeIgniter\Database\BaseBuilder->get()
 3 APPPATH\Controllers\OrangTua.php(30): CodeIgniter\Model->__call('get', [])
 4 SYSTEMPATH\CodeIgniter.php(951): App\Controllers\OrangTua->index()
 5 SYSTEMPATH\CodeIgniter.php(497): CodeIgniter\CodeIgniter->runController(Object(App\Controllers\OrangTua))
 6 SYSTEMPATH\CodeIgniter.php(340): CodeIgniter\CodeIgniter->handleRequest(null, Object(Config\Cache), false)
 7 SYSTEMPATH\Boot.php(417): CodeIgniter\CodeIgniter->run()
 8 SYSTEMPATH\Boot.php(68): CodeIgniter\Boot::runCodeIgniter(Object(CodeIgniter\CodeIgniter))
 9 FCPATH\index.php(59): CodeIgniter\Boot::bootWeb(Object(Config\Paths))
CRITICAL - 2026-05-20 07:44:21 --> [Caused by] CodeIgniter\Database\Exceptions\DatabaseException: Unknown column 'kelas.id' in 'on clause'
in SYSTEMPATH\Database\MySQLi\Connection.php on line 310.
 1 SYSTEMPATH\Database\BaseConnection.php(910): CodeIgniter\Database\MySQLi\Connection->execute('SELECT `orang_tua`.*, `murid`.`nama_murid`, `kelas`.`nama_kelas`
FROM `orang_tua`
JOIN `murid` ON `murid`.`id` = `orang_tua`.`id_murid`
JOIN `kelas` ON `kelas`.`id` = `orang_tua`.`id_kelas`
ORDER BY `orang_tua`.`created_at` DESC')
 2 SYSTEMPATH\Database\BaseConnection.php(827): CodeIgniter\Database\BaseConnection->simpleQuery('SELECT `orang_tua`.*, `murid`.`nama_murid`, `kelas`.`nama_kelas`
FROM `orang_tua`
JOIN `murid` ON `murid`.`id` = `orang_tua`.`id_murid`
JOIN `kelas` ON `kelas`.`id` = `orang_tua`.`id_kelas`
ORDER BY `orang_tua`.`created_at` DESC')
 3 SYSTEMPATH\Database\BaseBuilder.php(1649): CodeIgniter\Database\BaseConnection->query('SELECT `orang_tua`.*, `murid`.`nama_murid`, `kelas`.`nama_kelas`
FROM `orang_tua`
JOIN `murid` ON `murid`.`id` = `orang_tua`.`id_murid`
JOIN `kelas` ON `kelas`.`id` = `orang_tua`.`id_kelas`
ORDER BY `orang_tua`.`created_at` DESC', [], false)
 4 SYSTEMPATH\Model.php(759): CodeIgniter\Database\BaseBuilder->get()
 5 APPPATH\Controllers\OrangTua.php(30): CodeIgniter\Model->__call('get', [])
 6 SYSTEMPATH\CodeIgniter.php(951): App\Controllers\OrangTua->index()
 7 SYSTEMPATH\CodeIgniter.php(497): CodeIgniter\CodeIgniter->runController(Object(App\Controllers\OrangTua))
 8 SYSTEMPATH\CodeIgniter.php(340): CodeIgniter\CodeIgniter->handleRequest(null, Object(Config\Cache), false)
 9 SYSTEMPATH\Boot.php(417): CodeIgniter\CodeIgniter->run()
10 SYSTEMPATH\Boot.php(68): CodeIgniter\Boot::runCodeIgniter(Object(CodeIgniter\CodeIgniter))
11 FCPATH\index.php(59): CodeIgniter\Boot::bootWeb(Object(Config\Paths))
CRITICAL - 2026-05-20 07:44:21 --> [Caused by] mysqli_sql_exception: Unknown column 'kelas.id' in 'on clause'
in SYSTEMPATH\Database\MySQLi\Connection.php on line 300.
 1 SYSTEMPATH\Database\MySQLi\Connection.php(300): mysqli->query('SELECT `orang_tua`.*, `murid`.`nama_murid`, `kelas`.`nama_kelas`
FROM `orang_tua`
JOIN `murid` ON `murid`.`id` = `orang_tua`.`id_murid`
JOIN `kelas` ON `kelas`.`id` = `orang_tua`.`id_kelas`
ORDER BY `orang_tua`.`created_at` DESC', 0)
 2 SYSTEMPATH\Database\BaseConnection.php(910): CodeIgniter\Database\MySQLi\Connection->execute('SELECT `orang_tua`.*, `murid`.`nama_murid`, `kelas`.`nama_kelas`
FROM `orang_tua`
JOIN `murid` ON `murid`.`id` = `orang_tua`.`id_murid`
JOIN `kelas` ON `kelas`.`id` = `orang_tua`.`id_kelas`
ORDER BY `orang_tua`.`created_at` DESC')
 3 SYSTEMPATH\Database\BaseConnection.php(827): CodeIgniter\Database\BaseConnection->simpleQuery('SELECT `orang_tua`.*, `murid`.`nama_murid`, `kelas`.`nama_kelas`
FROM `orang_tua`
JOIN `murid` ON `murid`.`id` = `orang_tua`.`id_murid`
JOIN `kelas` ON `kelas`.`id` = `orang_tua`.`id_kelas`
ORDER BY `orang_tua`.`created_at` DESC')
 4 SYSTEMPATH\Database\BaseBuilder.php(1649): CodeIgniter\Database\BaseConnection->query('SELECT `orang_tua`.*, `murid`.`nama_murid`, `kelas`.`nama_kelas`
FROM `orang_tua`
JOIN `murid` ON `murid`.`id` = `orang_tua`.`id_murid`
JOIN `kelas` ON `kelas`.`id` = `orang_tua`.`id_kelas`
ORDER BY `orang_tua`.`created_at` DESC', [], false)
 5 SYSTEMPATH\Model.php(759): CodeIgniter\Database\BaseBuilder->get()
 6 APPPATH\Controllers\OrangTua.php(30): CodeIgniter\Model->__call('get', [])
 7 SYSTEMPATH\CodeIgniter.php(951): App\Controllers\OrangTua->index()
 8 SYSTEMPATH\CodeIgniter.php(497): CodeIgniter\CodeIgniter->runController(Object(App\Controllers\OrangTua))
 9 SYSTEMPATH\CodeIgniter.php(340): CodeIgniter\CodeIgniter->handleRequest(null, Object(Config\Cache), false)
10 SYSTEMPATH\Boot.php(417): CodeIgniter\CodeIgniter->run()
11 SYSTEMPATH\Boot.php(68): CodeIgniter\Boot::runCodeIgniter(Object(CodeIgniter\CodeIgniter))
12 FCPATH\index.php(59): CodeIgniter\Boot::bootWeb(Object(Config\Paths))
DEBUG - 2026-05-20 07:44:23 --> Session: Class initialized using 'CodeIgniter\Session\Handlers\FileHandler' driver.
ERROR - 2026-05-20 07:44:26 --> Unknown column 'kelas.id' in 'on clause'
in SYSTEMPATH\Database\MySQLi\Connection.php on line 300.
 1 SYSTEMPATH\Database\MySQLi\Connection.php(300): mysqli->query('SELECT `orang_tua`.*, `murid`.`nama_murid`, `kelas`.`nama_kelas`
FROM `orang_tua`
JOIN `murid` ON `murid`.`id` = `orang_tua`.`id_murid`
JOIN `kelas` ON `kelas`.`id` = `orang_tua`.`id_kelas`
ORDER BY `orang_tua`.`created_at` DESC', 0)
 2 SYSTEMPATH\Database\BaseConnection.php(910): CodeIgniter\Database\MySQLi\Connection->execute('SELECT `orang_tua`.*, `murid`.`nama_murid`, `kelas`.`nama_kelas`
FROM `orang_tua`
JOIN `murid` ON `murid`.`id` = `orang_tua`.`id_murid`
JOIN `kelas` ON `kelas`.`id` = `orang_tua`.`id_kelas`
ORDER BY `orang_tua`.`created_at` DESC')
 3 SYSTEMPATH\Database\BaseConnection.php(827): CodeIgniter\Database\BaseConnection->simpleQuery('SELECT `orang_tua`.*, `murid`.`nama_murid`, `kelas`.`nama_kelas`
FROM `orang_tua`
JOIN `murid` ON `murid`.`id` = `orang_tua`.`id_murid`
JOIN `kelas` ON `kelas`.`id` = `orang_tua`.`id_kelas`
ORDER BY `orang_tua`.`created_at` DESC')
 4 SYSTEMPATH\Database\BaseBuilder.php(1649): CodeIgniter\Database\BaseConnection->query('SELECT `orang_tua`.*, `murid`.`nama_murid`, `kelas`.`nama_kelas`
FROM `orang_tua`
JOIN `murid` ON `murid`.`id` = `orang_tua`.`id_murid`
JOIN `kelas` ON `kelas`.`id` = `orang_tua`.`id_kelas`
ORDER BY `orang_tua`.`created_at` DESC', [], false)
 5 SYSTEMPATH\Model.php(759): CodeIgniter\Database\BaseBuilder->get()
 6 APPPATH\Controllers\OrangTua.php(30): CodeIgniter\Model->__call('get', [])
 7 SYSTEMPATH\CodeIgniter.php(951): App\Controllers\OrangTua->index()
 8 SYSTEMPATH\CodeIgniter.php(497): CodeIgniter\CodeIgniter->runController(Object(App\Controllers\OrangTua))
 9 SYSTEMPATH\CodeIgniter.php(340): CodeIgniter\CodeIgniter->handleRequest(null, Object(Config\Cache), false)
10 SYSTEMPATH\Boot.php(417): CodeIgniter\CodeIgniter->run()
11 SYSTEMPATH\Boot.php(68): CodeIgniter\Boot::runCodeIgniter(Object(CodeIgniter\CodeIgniter))
12 FCPATH\index.php(59): CodeIgniter\Boot::bootWeb(Object(Config\Paths))
CRITICAL - 2026-05-20 07:44:26 --> CodeIgniter\Database\Exceptions\DatabaseException: Unknown column 'kelas.id' in 'on clause'
[Method: GET, Route: orang-tua]
in SYSTEMPATH\Database\BaseConnection.php on line 865.
 1 SYSTEMPATH\Database\BaseBuilder.php(1649): CodeIgniter\Database\BaseConnection->query('SELECT `orang_tua`.*, `murid`.`nama_murid`, `kelas`.`nama_kelas`
FROM `orang_tua`
JOIN `murid` ON `murid`.`id` = `orang_tua`.`id_murid`
JOIN `kelas` ON `kelas`.`id` = `orang_tua`.`id_kelas`
ORDER BY `orang_tua`.`created_at` DESC', [], false)
 2 SYSTEMPATH\Model.php(759): CodeIgniter\Database\BaseBuilder->get()
 3 APPPATH\Controllers\OrangTua.php(30): CodeIgniter\Model->__call('get', [])
 4 SYSTEMPATH\CodeIgniter.php(951): App\Controllers\OrangTua->index()
 5 SYSTEMPATH\CodeIgniter.php(497): CodeIgniter\CodeIgniter->runController(Object(App\Controllers\OrangTua))
 6 SYSTEMPATH\CodeIgniter.php(340): CodeIgniter\CodeIgniter->handleRequest(null, Object(Config\Cache), false)
 7 SYSTEMPATH\Boot.php(417): CodeIgniter\CodeIgniter->run()
 8 SYSTEMPATH\Boot.php(68): CodeIgniter\Boot::runCodeIgniter(Object(CodeIgniter\CodeIgniter))
 9 FCPATH\index.php(59): CodeIgniter\Boot::bootWeb(Object(Config\Paths))
CRITICAL - 2026-05-20 07:44:26 --> [Caused by] CodeIgniter\Database\Exceptions\DatabaseException: Unknown column 'kelas.id' in 'on clause'
in SYSTEMPATH\Database\MySQLi\Connection.php on line 310.
 1 SYSTEMPATH\Database\BaseConnection.php(910): CodeIgniter\Database\MySQLi\Connection->execute('SELECT `orang_tua`.*, `murid`.`nama_murid`, `kelas`.`nama_kelas`
FROM `orang_tua`
JOIN `murid` ON `murid`.`id` = `orang_tua`.`id_murid`
JOIN `kelas` ON `kelas`.`id` = `orang_tua`.`id_kelas`
ORDER BY `orang_tua`.`created_at` DESC')
 2 SYSTEMPATH\Database\BaseConnection.php(827): CodeIgniter\Database\BaseConnection->simpleQuery('SELECT `orang_tua`.*, `murid`.`nama_murid`, `kelas`.`nama_kelas`
FROM `orang_tua`
JOIN `murid` ON `murid`.`id` = `orang_tua`.`id_murid`
JOIN `kelas` ON `kelas`.`id` = `orang_tua`.`id_kelas`
ORDER BY `orang_tua`.`created_at` DESC')
 3 SYSTEMPATH\Database\BaseBuilder.php(1649): CodeIgniter\Database\BaseConnection->query('SELECT `orang_tua`.*, `murid`.`nama_murid`, `kelas`.`nama_kelas`
FROM `orang_tua`
JOIN `murid` ON `murid`.`id` = `orang_tua`.`id_murid`
JOIN `kelas` ON `kelas`.`id` = `orang_tua`.`id_kelas`
ORDER BY `orang_tua`.`created_at` DESC', [], false)
 4 SYSTEMPATH\Model.php(759): CodeIgniter\Database\BaseBuilder->get()
 5 APPPATH\Controllers\OrangTua.php(30): CodeIgniter\Model->__call('get', [])
 6 SYSTEMPATH\CodeIgniter.php(951): App\Controllers\OrangTua->index()
 7 SYSTEMPATH\CodeIgniter.php(497): CodeIgniter\CodeIgniter->runController(Object(App\Controllers\OrangTua))
 8 SYSTEMPATH\CodeIgniter.php(340): CodeIgniter\CodeIgniter->handleRequest(null, Object(Config\Cache), false)
 9 SYSTEMPATH\Boot.php(417): CodeIgniter\CodeIgniter->run()
10 SYSTEMPATH\Boot.php(68): CodeIgniter\Boot::runCodeIgniter(Object(CodeIgniter\CodeIgniter))
11 FCPATH\index.php(59): CodeIgniter\Boot::bootWeb(Object(Config\Paths))
CRITICAL - 2026-05-20 07:44:26 --> [Caused by] mysqli_sql_exception: Unknown column 'kelas.id' in 'on clause'
in SYSTEMPATH\Database\MySQLi\Connection.php on line 300.
 1 SYSTEMPATH\Database\MySQLi\Connection.php(300): mysqli->query('SELECT `orang_tua`.*, `murid`.`nama_murid`, `kelas`.`nama_kelas`
FROM `orang_tua`
JOIN `murid` ON `murid`.`id` = `orang_tua`.`id_murid`
JOIN `kelas` ON `kelas`.`id` = `orang_tua`.`id_kelas`
ORDER BY `orang_tua`.`created_at` DESC', 0)
 2 SYSTEMPATH\Database\BaseConnection.php(910): CodeIgniter\Database\MySQLi\Connection->execute('SELECT `orang_tua`.*, `murid`.`nama_murid`, `kelas`.`nama_kelas`
FROM `orang_tua`
JOIN `murid` ON `murid`.`id` = `orang_tua`.`id_murid`
JOIN `kelas` ON `kelas`.`id` = `orang_tua`.`id_kelas`
ORDER BY `orang_tua`.`created_at` DESC')
 3 SYSTEMPATH\Database\BaseConnection.php(827): CodeIgniter\Database\BaseConnection->simpleQuery('SELECT `orang_tua`.*, `murid`.`nama_murid`, `kelas`.`nama_kelas`
FROM `orang_tua`
JOIN `murid` ON `murid`.`id` = `orang_tua`.`id_murid`
JOIN `kelas` ON `kelas`.`id` = `orang_tua`.`id_kelas`
ORDER BY `orang_tua`.`created_at` DESC')
 4 SYSTEMPATH\Database\BaseBuilder.php(1649): CodeIgniter\Database\BaseConnection->query('SELECT `orang_tua`.*, `murid`.`nama_murid`, `kelas`.`nama_kelas`
FROM `orang_tua`
JOIN `murid` ON `murid`.`id` = `orang_tua`.`id_murid`
JOIN `kelas` ON `kelas`.`id` = `orang_tua`.`id_kelas`
ORDER BY `orang_tua`.`created_at` DESC', [], false)
 5 SYSTEMPATH\Model.php(759): CodeIgniter\Database\BaseBuilder->get()
 6 APPPATH\Controllers\OrangTua.php(30): CodeIgniter\Model->__call('get', [])
 7 SYSTEMPATH\CodeIgniter.php(951): App\Controllers\OrangTua->index()
 8 SYSTEMPATH\CodeIgniter.php(497): CodeIgniter\CodeIgniter->runController(Object(App\Controllers\OrangTua))
 9 SYSTEMPATH\CodeIgniter.php(340): CodeIgniter\CodeIgniter->handleRequest(null, Object(Config\Cache), false)
10 SYSTEMPATH\Boot.php(417): CodeIgniter\CodeIgniter->run()
11 SYSTEMPATH\Boot.php(68): CodeIgniter\Boot::runCodeIgniter(Object(CodeIgniter\CodeIgniter))
12 FCPATH\index.php(59): CodeIgniter\Boot::bootWeb(Object(Config\Paths))
ERROR - 2026-05-20 07:45:06 --> Unknown column 'murid.id_murid' in 'on clause'
in SYSTEMPATH\Database\MySQLi\Connection.php on line 300.
 1 SYSTEMPATH\Database\MySQLi\Connection.php(300): mysqli->query('SELECT `orang_tua`.*, `murid`.`nama_murid`, `kelas`.`nama_kelas`
FROM `orang_tua`
JOIN `murid` ON `murid`.`id_murid` = `orang_tua`.`id_murid`
JOIN `kelas` ON `kelas`.`id_kelas` = `orang_tua`.`id_kelas`
ORDER BY `orang_tua`.`created_at` DESC', 0)
 2 SYSTEMPATH\Database\BaseConnection.php(910): CodeIgniter\Database\MySQLi\Connection->execute('SELECT `orang_tua`.*, `murid`.`nama_murid`, `kelas`.`nama_kelas`
FROM `orang_tua`
JOIN `murid` ON `murid`.`id_murid` = `orang_tua`.`id_murid`
JOIN `kelas` ON `kelas`.`id_kelas` = `orang_tua`.`id_kelas`
ORDER BY `orang_tua`.`created_at` DESC')
 3 SYSTEMPATH\Database\BaseConnection.php(827): CodeIgniter\Database\BaseConnection->simpleQuery('SELECT `orang_tua`.*, `murid`.`nama_murid`, `kelas`.`nama_kelas`
FROM `orang_tua`
JOIN `murid` ON `murid`.`id_murid` = `orang_tua`.`id_murid`
JOIN `kelas` ON `kelas`.`id_kelas` = `orang_tua`.`id_kelas`
ORDER BY `orang_tua`.`created_at` DESC')
 4 SYSTEMPATH\Database\BaseBuilder.php(1649): CodeIgniter\Database\BaseConnection->query('SELECT `orang_tua`.*, `murid`.`nama_murid`, `kelas`.`nama_kelas`
FROM `orang_tua`
JOIN `murid` ON `murid`.`id_murid` = `orang_tua`.`id_murid`
JOIN `kelas` ON `kelas`.`id_kelas` = `orang_tua`.`id_kelas`
ORDER BY `orang_tua`.`created_at` DESC', [], false)
 5 SYSTEMPATH\Model.php(253): CodeIgniter\Database\BaseBuilder->get()
 6 SYSTEMPATH\BaseModel.php(676): CodeIgniter\Model->doFindAll(0, 0)
 7 APPPATH\Controllers\OrangTua.php(39): CodeIgniter\BaseModel->findAll()
 8 SYSTEMPATH\CodeIgniter.php(951): App\Controllers\OrangTua->index()
 9 SYSTEMPATH\CodeIgniter.php(497): CodeIgniter\CodeIgniter->runController(Object(App\Controllers\OrangTua))
10 SYSTEMPATH\CodeIgniter.php(340): CodeIgniter\CodeIgniter->handleRequest(null, Object(Config\Cache), false)
11 SYSTEMPATH\Boot.php(417): CodeIgniter\CodeIgniter->run()
12 SYSTEMPATH\Boot.php(68): CodeIgniter\Boot::runCodeIgniter(Object(CodeIgniter\CodeIgniter))
13 FCPATH\index.php(59): CodeIgniter\Boot::bootWeb(Object(Config\Paths))
CRITICAL - 2026-05-20 07:45:06 --> CodeIgniter\Database\Exceptions\DatabaseException: Unknown column 'murid.id_murid' in 'on clause'
[Method: GET, Route: orang-tua]
in SYSTEMPATH\Database\BaseConnection.php on line 865.
 1 SYSTEMPATH\Database\BaseBuilder.php(1649): CodeIgniter\Database\BaseConnection->query('SELECT `orang_tua`.*, `murid`.`nama_murid`, `kelas`.`nama_kelas`
FROM `orang_tua`
JOIN `murid` ON `murid`.`id_murid` = `orang_tua`.`id_murid`
JOIN `kelas` ON `kelas`.`id_kelas` = `orang_tua`.`id_kelas`
ORDER BY `orang_tua`.`created_at` DESC', [], false)
 2 SYSTEMPATH\Model.php(253): CodeIgniter\Database\BaseBuilder->get()
 3 SYSTEMPATH\BaseModel.php(676): CodeIgniter\Model->doFindAll(0, 0)
 4 APPPATH\Controllers\OrangTua.php(39): CodeIgniter\BaseModel->findAll()
 5 SYSTEMPATH\CodeIgniter.php(951): App\Controllers\OrangTua->index()
 6 SYSTEMPATH\CodeIgniter.php(497): CodeIgniter\CodeIgniter->runController(Object(App\Controllers\OrangTua))
 7 SYSTEMPATH\CodeIgniter.php(340): CodeIgniter\CodeIgniter->handleRequest(null, Object(Config\Cache), false)
 8 SYSTEMPATH\Boot.php(417): CodeIgniter\CodeIgniter->run()
 9 SYSTEMPATH\Boot.php(68): CodeIgniter\Boot::runCodeIgniter(Object(CodeIgniter\CodeIgniter))
10 FCPATH\index.php(59): CodeIgniter\Boot::bootWeb(Object(Config\Paths))
CRITICAL - 2026-05-20 07:45:06 --> [Caused by] CodeIgniter\Database\Exceptions\DatabaseException: Unknown column 'murid.id_murid' in 'on clause'
in SYSTEMPATH\Database\MySQLi\Connection.php on line 310.
 1 SYSTEMPATH\Database\BaseConnection.php(910): CodeIgniter\Database\MySQLi\Connection->execute('SELECT `orang_tua`.*, `murid`.`nama_murid`, `kelas`.`nama_kelas`
FROM `orang_tua`
JOIN `murid` ON `murid`.`id_murid` = `orang_tua`.`id_murid`
JOIN `kelas` ON `kelas`.`id_kelas` = `orang_tua`.`id_kelas`
ORDER BY `orang_tua`.`created_at` DESC')
 2 SYSTEMPATH\Database\BaseConnection.php(827): CodeIgniter\Database\BaseConnection->simpleQuery('SELECT `orang_tua`.*, `murid`.`nama_murid`, `kelas`.`nama_kelas`
FROM `orang_tua`
JOIN `murid` ON `murid`.`id_murid` = `orang_tua`.`id_murid`
JOIN `kelas` ON `kelas`.`id_kelas` = `orang_tua`.`id_kelas`
ORDER BY `orang_tua`.`created_at` DESC')
 3 SYSTEMPATH\Database\BaseBuilder.php(1649): CodeIgniter\Database\BaseConnection->query('SELECT `orang_tua`.*, `murid`.`nama_murid`, `kelas`.`nama_kelas`
FROM `orang_tua`
JOIN `murid` ON `murid`.`id_murid` = `orang_tua`.`id_murid`
JOIN `kelas` ON `kelas`.`id_kelas` = `orang_tua`.`id_kelas`
ORDER BY `orang_tua`.`created_at` DESC', [], false)
 4 SYSTEMPATH\Model.php(253): CodeIgniter\Database\BaseBuilder->get()
 5 SYSTEMPATH\BaseModel.php(676): CodeIgniter\Model->doFindAll(0, 0)
 6 APPPATH\Controllers\OrangTua.php(39): CodeIgniter\BaseModel->findAll()
 7 SYSTEMPATH\CodeIgniter.php(951): App\Controllers\OrangTua->index()
 8 SYSTEMPATH\CodeIgniter.php(497): CodeIgniter\CodeIgniter->runController(Object(App\Controllers\OrangTua))
 9 SYSTEMPATH\CodeIgniter.php(340): CodeIgniter\CodeIgniter->handleRequest(null, Object(Config\Cache), false)
10 SYSTEMPATH\Boot.php(417): CodeIgniter\CodeIgniter->run()
11 SYSTEMPATH\Boot.php(68): CodeIgniter\Boot::runCodeIgniter(Object(CodeIgniter\CodeIgniter))
12 FCPATH\index.php(59): CodeIgniter\Boot::bootWeb(Object(Config\Paths))
CRITICAL - 2026-05-20 07:45:06 --> [Caused by] mysqli_sql_exception: Unknown column 'murid.id_murid' in 'on clause'
in SYSTEMPATH\Database\MySQLi\Connection.php on line 300.
 1 SYSTEMPATH\Database\MySQLi\Connection.php(300): mysqli->query('SELECT `orang_tua`.*, `murid`.`nama_murid`, `kelas`.`nama_kelas`
FROM `orang_tua`
JOIN `murid` ON `murid`.`id_murid` = `orang_tua`.`id_murid`
JOIN `kelas` ON `kelas`.`id_kelas` = `orang_tua`.`id_kelas`
ORDER BY `orang_tua`.`created_at` DESC', 0)
 2 SYSTEMPATH\Database\BaseConnection.php(910): CodeIgniter\Database\MySQLi\Connection->execute('SELECT `orang_tua`.*, `murid`.`nama_murid`, `kelas`.`nama_kelas`
FROM `orang_tua`
JOIN `murid` ON `murid`.`id_murid` = `orang_tua`.`id_murid`
JOIN `kelas` ON `kelas`.`id_kelas` = `orang_tua`.`id_kelas`
ORDER BY `orang_tua`.`created_at` DESC')
 3 SYSTEMPATH\Database\BaseConnection.php(827): CodeIgniter\Database\BaseConnection->simpleQuery('SELECT `orang_tua`.*, `murid`.`nama_murid`, `kelas`.`nama_kelas`
FROM `orang_tua`
JOIN `murid` ON `murid`.`id_murid` = `orang_tua`.`id_murid`
JOIN `kelas` ON `kelas`.`id_kelas` = `orang_tua`.`id_kelas`
ORDER BY `orang_tua`.`created_at` DESC')
 4 SYSTEMPATH\Database\BaseBuilder.php(1649): CodeIgniter\Database\BaseConnection->query('SELECT `orang_tua`.*, `murid`.`nama_murid`, `kelas`.`nama_kelas`
FROM `orang_tua`
JOIN `murid` ON `murid`.`id_murid` = `orang_tua`.`id_murid`
JOIN `kelas` ON `kelas`.`id_kelas` = `orang_tua`.`id_kelas`
ORDER BY `orang_tua`.`created_at` DESC', [], false)
 5 SYSTEMPATH\Model.php(253): CodeIgniter\Database\BaseBuilder->get()
 6 SYSTEMPATH\BaseModel.php(676): CodeIgniter\Model->doFindAll(0, 0)
 7 APPPATH\Controllers\OrangTua.php(39): CodeIgniter\BaseModel->findAll()
 8 SYSTEMPATH\CodeIgniter.php(951): App\Controllers\OrangTua->index()
 9 SYSTEMPATH\CodeIgniter.php(497): CodeIgniter\CodeIgniter->runController(Object(App\Controllers\OrangTua))
10 SYSTEMPATH\CodeIgniter.php(340): CodeIgniter\CodeIgniter->handleRequest(null, Object(Config\Cache), false)
11 SYSTEMPATH\Boot.php(417): CodeIgniter\CodeIgniter->run()
12 SYSTEMPATH\Boot.php(68): CodeIgniter\Boot::runCodeIgniter(Object(CodeIgniter\CodeIgniter))
13 FCPATH\index.php(59): CodeIgniter\Boot::bootWeb(Object(Config\Paths))
ERROR - 2026-05-20 07:45:07 --> Unknown column 'murid.id_murid' in 'on clause'
in SYSTEMPATH\Database\MySQLi\Connection.php on line 300.
 1 SYSTEMPATH\Database\MySQLi\Connection.php(300): mysqli->query('SELECT `orang_tua`.*, `murid`.`nama_murid`, `kelas`.`nama_kelas`
FROM `orang_tua`
JOIN `murid` ON `murid`.`id_murid` = `orang_tua`.`id_murid`
JOIN `kelas` ON `kelas`.`id_kelas` = `orang_tua`.`id_kelas`
ORDER BY `orang_tua`.`created_at` DESC', 0)
 2 SYSTEMPATH\Database\BaseConnection.php(910): CodeIgniter\Database\MySQLi\Connection->execute('SELECT `orang_tua`.*, `murid`.`nama_murid`, `kelas`.`nama_kelas`
FROM `orang_tua`
JOIN `murid` ON `murid`.`id_murid` = `orang_tua`.`id_murid`
JOIN `kelas` ON `kelas`.`id_kelas` = `orang_tua`.`id_kelas`
ORDER BY `orang_tua`.`created_at` DESC')
 3 SYSTEMPATH\Database\BaseConnection.php(827): CodeIgniter\Database\BaseConnection->simpleQuery('SELECT `orang_tua`.*, `murid`.`nama_murid`, `kelas`.`nama_kelas`
FROM `orang_tua`
JOIN `murid` ON `murid`.`id_murid` = `orang_tua`.`id_murid`
JOIN `kelas` ON `kelas`.`id_kelas` = `orang_tua`.`id_kelas`
ORDER BY `orang_tua`.`created_at` DESC')
 4 SYSTEMPATH\Database\BaseBuilder.php(1649): CodeIgniter\Database\BaseConnection->query('SELECT `orang_tua`.*, `murid`.`nama_murid`, `kelas`.`nama_kelas`
FROM `orang_tua`
JOIN `murid` ON `murid`.`id_murid` = `orang_tua`.`id_murid`
JOIN `kelas` ON `kelas`.`id_kelas` = `orang_tua`.`id_kelas`
ORDER BY `orang_tua`.`created_at` DESC', [], false)
 5 SYSTEMPATH\Model.php(253): CodeIgniter\Database\BaseBuilder->get()
 6 SYSTEMPATH\BaseModel.php(676): CodeIgniter\Model->doFindAll(0, 0)
 7 APPPATH\Controllers\OrangTua.php(39): CodeIgniter\BaseModel->findAll()
 8 SYSTEMPATH\CodeIgniter.php(951): App\Controllers\OrangTua->index()
 9 SYSTEMPATH\CodeIgniter.php(497): CodeIgniter\CodeIgniter->runController(Object(App\Controllers\OrangTua))
10 SYSTEMPATH\CodeIgniter.php(340): CodeIgniter\CodeIgniter->handleRequest(null, Object(Config\Cache), false)
11 SYSTEMPATH\Boot.php(417): CodeIgniter\CodeIgniter->run()
12 SYSTEMPATH\Boot.php(68): CodeIgniter\Boot::runCodeIgniter(Object(CodeIgniter\CodeIgniter))
13 FCPATH\index.php(59): CodeIgniter\Boot::bootWeb(Object(Config\Paths))
CRITICAL - 2026-05-20 07:45:07 --> CodeIgniter\Database\Exceptions\DatabaseException: Unknown column 'murid.id_murid' in 'on clause'
[Method: GET, Route: orang-tua]
in SYSTEMPATH\Database\BaseConnection.php on line 865.
 1 SYSTEMPATH\Database\BaseBuilder.php(1649): CodeIgniter\Database\BaseConnection->query('SELECT `orang_tua`.*, `murid`.`nama_murid`, `kelas`.`nama_kelas`
FROM `orang_tua`
JOIN `murid` ON `murid`.`id_murid` = `orang_tua`.`id_murid`
JOIN `kelas` ON `kelas`.`id_kelas` = `orang_tua`.`id_kelas`
ORDER BY `orang_tua`.`created_at` DESC', [], false)
 2 SYSTEMPATH\Model.php(253): CodeIgniter\Database\BaseBuilder->get()
 3 SYSTEMPATH\BaseModel.php(676): CodeIgniter\Model->doFindAll(0, 0)
 4 APPPATH\Controllers\OrangTua.php(39): CodeIgniter\BaseModel->findAll()
 5 SYSTEMPATH\CodeIgniter.php(951): App\Controllers\OrangTua->index()
 6 SYSTEMPATH\CodeIgniter.php(497): CodeIgniter\CodeIgniter->runController(Object(App\Controllers\OrangTua))
 7 SYSTEMPATH\CodeIgniter.php(340): CodeIgniter\CodeIgniter->handleRequest(null, Object(Config\Cache), false)
 8 SYSTEMPATH\Boot.php(417): CodeIgniter\CodeIgniter->run()
 9 SYSTEMPATH\Boot.php(68): CodeIgniter\Boot::runCodeIgniter(Object(CodeIgniter\CodeIgniter))
10 FCPATH\index.php(59): CodeIgniter\Boot::bootWeb(Object(Config\Paths))
CRITICAL - 2026-05-20 07:45:07 --> [Caused by] CodeIgniter\Database\Exceptions\DatabaseException: Unknown column 'murid.id_murid' in 'on clause'
in SYSTEMPATH\Database\MySQLi\Connection.php on line 310.
 1 SYSTEMPATH\Database\BaseConnection.php(910): CodeIgniter\Database\MySQLi\Connection->execute('SELECT `orang_tua`.*, `murid`.`nama_murid`, `kelas`.`nama_kelas`
FROM `orang_tua`
JOIN `murid` ON `murid`.`id_murid` = `orang_tua`.`id_murid`
JOIN `kelas` ON `kelas`.`id_kelas` = `orang_tua`.`id_kelas`
ORDER BY `orang_tua`.`created_at` DESC')
 2 SYSTEMPATH\Database\BaseConnection.php(827): CodeIgniter\Database\BaseConnection->simpleQuery('SELECT `orang_tua`.*, `murid`.`nama_murid`, `kelas`.`nama_kelas`
FROM `orang_tua`
JOIN `murid` ON `murid`.`id_murid` = `orang_tua`.`id_murid`
JOIN `kelas` ON `kelas`.`id_kelas` = `orang_tua`.`id_kelas`
ORDER BY `orang_tua`.`created_at` DESC')
 3 SYSTEMPATH\Database\BaseBuilder.php(1649): CodeIgniter\Database\BaseConnection->query('SELECT `orang_tua`.*, `murid`.`nama_murid`, `kelas`.`nama_kelas`
FROM `orang_tua`
JOIN `murid` ON `murid`.`id_murid` = `orang_tua`.`id_murid`
JOIN `kelas` ON `kelas`.`id_kelas` = `orang_tua`.`id_kelas`
ORDER BY `orang_tua`.`created_at` DESC', [], false)
 4 SYSTEMPATH\Model.php(253): CodeIgniter\Database\BaseBuilder->get()
 5 SYSTEMPATH\BaseModel.php(676): CodeIgniter\Model->doFindAll(0, 0)
 6 APPPATH\Controllers\OrangTua.php(39): CodeIgniter\BaseModel->findAll()
 7 SYSTEMPATH\CodeIgniter.php(951): App\Controllers\OrangTua->index()
 8 SYSTEMPATH\CodeIgniter.php(497): CodeIgniter\CodeIgniter->runController(Object(App\Controllers\OrangTua))
 9 SYSTEMPATH\CodeIgniter.php(340): CodeIgniter\CodeIgniter->handleRequest(null, Object(Config\Cache), false)
10 SYSTEMPATH\Boot.php(417): CodeIgniter\CodeIgniter->run()
11 SYSTEMPATH\Boot.php(68): CodeIgniter\Boot::runCodeIgniter(Object(CodeIgniter\CodeIgniter))
12 FCPATH\index.php(59): CodeIgniter\Boot::bootWeb(Object(Config\Paths))
CRITICAL - 2026-05-20 07:45:07 --> [Caused by] mysqli_sql_exception: Unknown column 'murid.id_murid' in 'on clause'
in SYSTEMPATH\Database\MySQLi\Connection.php on line 300.
 1 SYSTEMPATH\Database\MySQLi\Connection.php(300): mysqli->query('SELECT `orang_tua`.*, `murid`.`nama_murid`, `kelas`.`nama_kelas`
FROM `orang_tua`
JOIN `murid` ON `murid`.`id_murid` = `orang_tua`.`id_murid`
JOIN `kelas` ON `kelas`.`id_kelas` = `orang_tua`.`id_kelas`
ORDER BY `orang_tua`.`created_at` DESC', 0)
 2 SYSTEMPATH\Database\BaseConnection.php(910): CodeIgniter\Database\MySQLi\Connection->execute('SELECT `orang_tua`.*, `murid`.`nama_murid`, `kelas`.`nama_kelas`
FROM `orang_tua`
JOIN `murid` ON `murid`.`id_murid` = `orang_tua`.`id_murid`
JOIN `kelas` ON `kelas`.`id_kelas` = `orang_tua`.`id_kelas`
ORDER BY `orang_tua`.`created_at` DESC')
 3 SYSTEMPATH\Database\BaseConnection.php(827): CodeIgniter\Database\BaseConnection->simpleQuery('SELECT `orang_tua`.*, `murid`.`nama_murid`, `kelas`.`nama_kelas`
FROM `orang_tua`
JOIN `murid` ON `murid`.`id_murid` = `orang_tua`.`id_murid`
JOIN `kelas` ON `kelas`.`id_kelas` = `orang_tua`.`id_kelas`
ORDER BY `orang_tua`.`created_at` DESC')
 4 SYSTEMPATH\Database\BaseBuilder.php(1649): CodeIgniter\Database\BaseConnection->query('SELECT `orang_tua`.*, `murid`.`nama_murid`, `kelas`.`nama_kelas`
FROM `orang_tua`
JOIN `murid` ON `murid`.`id_murid` = `orang_tua`.`id_murid`
JOIN `kelas` ON `kelas`.`id_kelas` = `orang_tua`.`id_kelas`
ORDER BY `orang_tua`.`created_at` DESC', [], false)
 5 SYSTEMPATH\Model.php(253): CodeIgniter\Database\BaseBuilder->get()
 6 SYSTEMPATH\BaseModel.php(676): CodeIgniter\Model->doFindAll(0, 0)
 7 APPPATH\Controllers\OrangTua.php(39): CodeIgniter\BaseModel->findAll()
 8 SYSTEMPATH\CodeIgniter.php(951): App\Controllers\OrangTua->index()
 9 SYSTEMPATH\CodeIgniter.php(497): CodeIgniter\CodeIgniter->runController(Object(App\Controllers\OrangTua))
10 SYSTEMPATH\CodeIgniter.php(340): CodeIgniter\CodeIgniter->handleRequest(null, Object(Config\Cache), false)
11 SYSTEMPATH\Boot.php(417): CodeIgniter\CodeIgniter->run()
12 SYSTEMPATH\Boot.php(68): CodeIgniter\Boot::runCodeIgniter(Object(CodeIgniter\CodeIgniter))
13 FCPATH\index.php(59): CodeIgniter\Boot::bootWeb(Object(Config\Paths))
ERROR - 2026-05-20 07:45:07 --> Unknown column 'murid.id_murid' in 'on clause'
in SYSTEMPATH\Database\MySQLi\Connection.php on line 300.
 1 SYSTEMPATH\Database\MySQLi\Connection.php(300): mysqli->query('SELECT `orang_tua`.*, `murid`.`nama_murid`, `kelas`.`nama_kelas`
FROM `orang_tua`
JOIN `murid` ON `murid`.`id_murid` = `orang_tua`.`id_murid`
JOIN `kelas` ON `kelas`.`id_kelas` = `orang_tua`.`id_kelas`
ORDER BY `orang_tua`.`created_at` DESC', 0)
 2 SYSTEMPATH\Database\BaseConnection.php(910): CodeIgniter\Database\MySQLi\Connection->execute('SELECT `orang_tua`.*, `murid`.`nama_murid`, `kelas`.`nama_kelas`
FROM `orang_tua`
JOIN `murid` ON `murid`.`id_murid` = `orang_tua`.`id_murid`
JOIN `kelas` ON `kelas`.`id_kelas` = `orang_tua`.`id_kelas`
ORDER BY `orang_tua`.`created_at` DESC')
 3 SYSTEMPATH\Database\BaseConnection.php(827): CodeIgniter\Database\BaseConnection->simpleQuery('SELECT `orang_tua`.*, `murid`.`nama_murid`, `kelas`.`nama_kelas`
FROM `orang_tua`
JOIN `murid` ON `murid`.`id_murid` = `orang_tua`.`id_murid`
JOIN `kelas` ON `kelas`.`id_kelas` = `orang_tua`.`id_kelas`
ORDER BY `orang_tua`.`created_at` DESC')
 4 SYSTEMPATH\Database\BaseBuilder.php(1649): CodeIgniter\Database\BaseConnection->query('SELECT `orang_tua`.*, `murid`.`nama_murid`, `kelas`.`nama_kelas`
FROM `orang_tua`
JOIN `murid` ON `murid`.`id_murid` = `orang_tua`.`id_murid`
JOIN `kelas` ON `kelas`.`id_kelas` = `orang_tua`.`id_kelas`
ORDER BY `orang_tua`.`created_at` DESC', [], false)
 5 SYSTEMPATH\Model.php(253): CodeIgniter\Database\BaseBuilder->get()
 6 SYSTEMPATH\BaseModel.php(676): CodeIgniter\Model->doFindAll(0, 0)
 7 APPPATH\Controllers\OrangTua.php(39): CodeIgniter\BaseModel->findAll()
 8 SYSTEMPATH\CodeIgniter.php(951): App\Controllers\OrangTua->index()
 9 SYSTEMPATH\CodeIgniter.php(497): CodeIgniter\CodeIgniter->runController(Object(App\Controllers\OrangTua))
10 SYSTEMPATH\CodeIgniter.php(340): CodeIgniter\CodeIgniter->handleRequest(null, Object(Config\Cache), false)
11 SYSTEMPATH\Boot.php(417): CodeIgniter\CodeIgniter->run()
12 SYSTEMPATH\Boot.php(68): CodeIgniter\Boot::runCodeIgniter(Object(CodeIgniter\CodeIgniter))
13 FCPATH\index.php(59): CodeIgniter\Boot::bootWeb(Object(Config\Paths))
CRITICAL - 2026-05-20 07:45:07 --> CodeIgniter\Database\Exceptions\DatabaseException: Unknown column 'murid.id_murid' in 'on clause'
[Method: GET, Route: orang-tua]
in SYSTEMPATH\Database\BaseConnection.php on line 865.
 1 SYSTEMPATH\Database\BaseBuilder.php(1649): CodeIgniter\Database\BaseConnection->query('SELECT `orang_tua`.*, `murid`.`nama_murid`, `kelas`.`nama_kelas`
FROM `orang_tua`
JOIN `murid` ON `murid`.`id_murid` = `orang_tua`.`id_murid`
JOIN `kelas` ON `kelas`.`id_kelas` = `orang_tua`.`id_kelas`
ORDER BY `orang_tua`.`created_at` DESC', [], false)
 2 SYSTEMPATH\Model.php(253): CodeIgniter\Database\BaseBuilder->get()
 3 SYSTEMPATH\BaseModel.php(676): CodeIgniter\Model->doFindAll(0, 0)
 4 APPPATH\Controllers\OrangTua.php(39): CodeIgniter\BaseModel->findAll()
 5 SYSTEMPATH\CodeIgniter.php(951): App\Controllers\OrangTua->index()
 6 SYSTEMPATH\CodeIgniter.php(497): CodeIgniter\CodeIgniter->runController(Object(App\Controllers\OrangTua))
 7 SYSTEMPATH\CodeIgniter.php(340): CodeIgniter\CodeIgniter->handleRequest(null, Object(Config\Cache), false)
 8 SYSTEMPATH\Boot.php(417): CodeIgniter\CodeIgniter->run()
 9 SYSTEMPATH\Boot.php(68): CodeIgniter\Boot::runCodeIgniter(Object(CodeIgniter\CodeIgniter))
10 FCPATH\index.php(59): CodeIgniter\Boot::bootWeb(Object(Config\Paths))
CRITICAL - 2026-05-20 07:45:07 --> [Caused by] CodeIgniter\Database\Exceptions\DatabaseException: Unknown column 'murid.id_murid' in 'on clause'
in SYSTEMPATH\Database\MySQLi\Connection.php on line 310.
 1 SYSTEMPATH\Database\BaseConnection.php(910): CodeIgniter\Database\MySQLi\Connection->execute('SELECT `orang_tua`.*, `murid`.`nama_murid`, `kelas`.`nama_kelas`
FROM `orang_tua`
JOIN `murid` ON `murid`.`id_murid` = `orang_tua`.`id_murid`
JOIN `kelas` ON `kelas`.`id_kelas` = `orang_tua`.`id_kelas`
ORDER BY `orang_tua`.`created_at` DESC')
 2 SYSTEMPATH\Database\BaseConnection.php(827): CodeIgniter\Database\BaseConnection->simpleQuery('SELECT `orang_tua`.*, `murid`.`nama_murid`, `kelas`.`nama_kelas`
FROM `orang_tua`
JOIN `murid` ON `murid`.`id_murid` = `orang_tua`.`id_murid`
JOIN `kelas` ON `kelas`.`id_kelas` = `orang_tua`.`id_kelas`
ORDER BY `orang_tua`.`created_at` DESC')
 3 SYSTEMPATH\Database\BaseBuilder.php(1649): CodeIgniter\Database\BaseConnection->query('SELECT `orang_tua`.*, `murid`.`nama_murid`, `kelas`.`nama_kelas`
FROM `orang_tua`
JOIN `murid` ON `murid`.`id_murid` = `orang_tua`.`id_murid`
JOIN `kelas` ON `kelas`.`id_kelas` = `orang_tua`.`id_kelas`
ORDER BY `orang_tua`.`created_at` DESC', [], false)
 4 SYSTEMPATH\Model.php(253): CodeIgniter\Database\BaseBuilder->get()
 5 SYSTEMPATH\BaseModel.php(676): CodeIgniter\Model->doFindAll(0, 0)
 6 APPPATH\Controllers\OrangTua.php(39): CodeIgniter\BaseModel->findAll()
 7 SYSTEMPATH\CodeIgniter.php(951): App\Controllers\OrangTua->index()
 8 SYSTEMPATH\CodeIgniter.php(497): CodeIgniter\CodeIgniter->runController(Object(App\Controllers\OrangTua))
 9 SYSTEMPATH\CodeIgniter.php(340): CodeIgniter\CodeIgniter->handleRequest(null, Object(Config\Cache), false)
10 SYSTEMPATH\Boot.php(417): CodeIgniter\CodeIgniter->run()
11 SYSTEMPATH\Boot.php(68): CodeIgniter\Boot::runCodeIgniter(Object(CodeIgniter\CodeIgniter))
12 FCPATH\index.php(59): CodeIgniter\Boot::bootWeb(Object(Config\Paths))
CRITICAL - 2026-05-20 07:45:07 --> [Caused by] mysqli_sql_exception: Unknown column 'murid.id_murid' in 'on clause'
in SYSTEMPATH\Database\MySQLi\Connection.php on line 300.
 1 SYSTEMPATH\Database\MySQLi\Connection.php(300): mysqli->query('SELECT `orang_tua`.*, `murid`.`nama_murid`, `kelas`.`nama_kelas`
FROM `orang_tua`
JOIN `murid` ON `murid`.`id_murid` = `orang_tua`.`id_murid`
JOIN `kelas` ON `kelas`.`id_kelas` = `orang_tua`.`id_kelas`
ORDER BY `orang_tua`.`created_at` DESC', 0)
 2 SYSTEMPATH\Database\BaseConnection.php(910): CodeIgniter\Database\MySQLi\Connection->execute('SELECT `orang_tua`.*, `murid`.`nama_murid`, `kelas`.`nama_kelas`
FROM `orang_tua`
JOIN `murid` ON `murid`.`id_murid` = `orang_tua`.`id_murid`
JOIN `kelas` ON `kelas`.`id_kelas` = `orang_tua`.`id_kelas`
ORDER BY `orang_tua`.`created_at` DESC')
 3 SYSTEMPATH\Database\BaseConnection.php(827): CodeIgniter\Database\BaseConnection->simpleQuery('SELECT `orang_tua`.*, `murid`.`nama_murid`, `kelas`.`nama_kelas`
FROM `orang_tua`
JOIN `murid` ON `murid`.`id_murid` = `orang_tua`.`id_murid`
JOIN `kelas` ON `kelas`.`id_kelas` = `orang_tua`.`id_kelas`
ORDER BY `orang_tua`.`created_at` DESC')
 4 SYSTEMPATH\Database\BaseBuilder.php(1649): CodeIgniter\Database\BaseConnection->query('SELECT `orang_tua`.*, `murid`.`nama_murid`, `kelas`.`nama_kelas`
FROM `orang_tua`
JOIN `murid` ON `murid`.`id_murid` = `orang_tua`.`id_murid`
JOIN `kelas` ON `kelas`.`id_kelas` = `orang_tua`.`id_kelas`
ORDER BY `orang_tua`.`created_at` DESC', [], false)
 5 SYSTEMPATH\Model.php(253): CodeIgniter\Database\BaseBuilder->get()
 6 SYSTEMPATH\BaseModel.php(676): CodeIgniter\Model->doFindAll(0, 0)
 7 APPPATH\Controllers\OrangTua.php(39): CodeIgniter\BaseModel->findAll()
 8 SYSTEMPATH\CodeIgniter.php(951): App\Controllers\OrangTua->index()
 9 SYSTEMPATH\CodeIgniter.php(497): CodeIgniter\CodeIgniter->runController(Object(App\Controllers\OrangTua))
10 SYSTEMPATH\CodeIgniter.php(340): CodeIgniter\CodeIgniter->handleRequest(null, Object(Config\Cache), false)
11 SYSTEMPATH\Boot.php(417): CodeIgniter\CodeIgniter->run()
12 SYSTEMPATH\Boot.php(68): CodeIgniter\Boot::runCodeIgniter(Object(CodeIgniter\CodeIgniter))
13 FCPATH\index.php(59): CodeIgniter\Boot::bootWeb(Object(Config\Paths))
ERROR - 2026-05-20 07:45:08 --> Unknown column 'murid.id_murid' in 'on clause'
in SYSTEMPATH\Database\MySQLi\Connection.php on line 300.
 1 SYSTEMPATH\Database\MySQLi\Connection.php(300): mysqli->query('SELECT `orang_tua`.*, `murid`.`nama_murid`, `kelas`.`nama_kelas`
FROM `orang_tua`
JOIN `murid` ON `murid`.`id_murid` = `orang_tua`.`id_murid`
JOIN `kelas` ON `kelas`.`id_kelas` = `orang_tua`.`id_kelas`
ORDER BY `orang_tua`.`created_at` DESC', 0)
 2 SYSTEMPATH\Database\BaseConnection.php(910): CodeIgniter\Database\MySQLi\Connection->execute('SELECT `orang_tua`.*, `murid`.`nama_murid`, `kelas`.`nama_kelas`
FROM `orang_tua`
JOIN `murid` ON `murid`.`id_murid` = `orang_tua`.`id_murid`
JOIN `kelas` ON `kelas`.`id_kelas` = `orang_tua`.`id_kelas`
ORDER BY `orang_tua`.`created_at` DESC')
 3 SYSTEMPATH\Database\BaseConnection.php(827): CodeIgniter\Database\BaseConnection->simpleQuery('SELECT `orang_tua`.*, `murid`.`nama_murid`, `kelas`.`nama_kelas`
FROM `orang_tua`
JOIN `murid` ON `murid`.`id_murid` = `orang_tua`.`id_murid`
JOIN `kelas` ON `kelas`.`id_kelas` = `orang_tua`.`id_kelas`
ORDER BY `orang_tua`.`created_at` DESC')
 4 SYSTEMPATH\Database\BaseBuilder.php(1649): CodeIgniter\Database\BaseConnection->query('SELECT `orang_tua`.*, `murid`.`nama_murid`, `kelas`.`nama_kelas`
FROM `orang_tua`
JOIN `murid` ON `murid`.`id_murid` = `orang_tua`.`id_murid`
JOIN `kelas` ON `kelas`.`id_kelas` = `orang_tua`.`id_kelas`
ORDER BY `orang_tua`.`created_at` DESC', [], false)
 5 SYSTEMPATH\Model.php(253): CodeIgniter\Database\BaseBuilder->get()
 6 SYSTEMPATH\BaseModel.php(676): CodeIgniter\Model->doFindAll(0, 0)
 7 APPPATH\Controllers\OrangTua.php(39): CodeIgniter\BaseModel->findAll()
 8 SYSTEMPATH\CodeIgniter.php(951): App\Controllers\OrangTua->index()
 9 SYSTEMPATH\CodeIgniter.php(497): CodeIgniter\CodeIgniter->runController(Object(App\Controllers\OrangTua))
10 SYSTEMPATH\CodeIgniter.php(340): CodeIgniter\CodeIgniter->handleRequest(null, Object(Config\Cache), false)
11 SYSTEMPATH\Boot.php(417): CodeIgniter\CodeIgniter->run()
12 SYSTEMPATH\Boot.php(68): CodeIgniter\Boot::runCodeIgniter(Object(CodeIgniter\CodeIgniter))
13 FCPATH\index.php(59): CodeIgniter\Boot::bootWeb(Object(Config\Paths))
CRITICAL - 2026-05-20 07:45:08 --> CodeIgniter\Database\Exceptions\DatabaseException: Unknown column 'murid.id_murid' in 'on clause'
[Method: GET, Route: orang-tua]
in SYSTEMPATH\Database\BaseConnection.php on line 865.
 1 SYSTEMPATH\Database\BaseBuilder.php(1649): CodeIgniter\Database\BaseConnection->query('SELECT `orang_tua`.*, `murid`.`nama_murid`, `kelas`.`nama_kelas`
FROM `orang_tua`
JOIN `murid` ON `murid`.`id_murid` = `orang_tua`.`id_murid`
JOIN `kelas` ON `kelas`.`id_kelas` = `orang_tua`.`id_kelas`
ORDER BY `orang_tua`.`created_at` DESC', [], false)
 2 SYSTEMPATH\Model.php(253): CodeIgniter\Database\BaseBuilder->get()
 3 SYSTEMPATH\BaseModel.php(676): CodeIgniter\Model->doFindAll(0, 0)
 4 APPPATH\Controllers\OrangTua.php(39): CodeIgniter\BaseModel->findAll()
 5 SYSTEMPATH\CodeIgniter.php(951): App\Controllers\OrangTua->index()
 6 SYSTEMPATH\CodeIgniter.php(497): CodeIgniter\CodeIgniter->runController(Object(App\Controllers\OrangTua))
 7 SYSTEMPATH\CodeIgniter.php(340): CodeIgniter\CodeIgniter->handleRequest(null, Object(Config\Cache), false)
 8 SYSTEMPATH\Boot.php(417): CodeIgniter\CodeIgniter->run()
 9 SYSTEMPATH\Boot.php(68): CodeIgniter\Boot::runCodeIgniter(Object(CodeIgniter\CodeIgniter))
10 FCPATH\index.php(59): CodeIgniter\Boot::bootWeb(Object(Config\Paths))
CRITICAL - 2026-05-20 07:45:08 --> [Caused by] CodeIgniter\Database\Exceptions\DatabaseException: Unknown column 'murid.id_murid' in 'on clause'
in SYSTEMPATH\Database\MySQLi\Connection.php on line 310.
 1 SYSTEMPATH\Database\BaseConnection.php(910): CodeIgniter\Database\MySQLi\Connection->execute('SELECT `orang_tua`.*, `murid`.`nama_murid`, `kelas`.`nama_kelas`
FROM `orang_tua`
JOIN `murid` ON `murid`.`id_murid` = `orang_tua`.`id_murid`
JOIN `kelas` ON `kelas`.`id_kelas` = `orang_tua`.`id_kelas`
ORDER BY `orang_tua`.`created_at` DESC')
 2 SYSTEMPATH\Database\BaseConnection.php(827): CodeIgniter\Database\BaseConnection->simpleQuery('SELECT `orang_tua`.*, `murid`.`nama_murid`, `kelas`.`nama_kelas`
FROM `orang_tua`
JOIN `murid` ON `murid`.`id_murid` = `orang_tua`.`id_murid`
JOIN `kelas` ON `kelas`.`id_kelas` = `orang_tua`.`id_kelas`
ORDER BY `orang_tua`.`created_at` DESC')
 3 SYSTEMPATH\Database\BaseBuilder.php(1649): CodeIgniter\Database\BaseConnection->query('SELECT `orang_tua`.*, `murid`.`nama_murid`, `kelas`.`nama_kelas`
FROM `orang_tua`
JOIN `murid` ON `murid`.`id_murid` = `orang_tua`.`id_murid`
JOIN `kelas` ON `kelas`.`id_kelas` = `orang_tua`.`id_kelas`
ORDER BY `orang_tua`.`created_at` DESC', [], false)
 4 SYSTEMPATH\Model.php(253): CodeIgniter\Database\BaseBuilder->get()
 5 SYSTEMPATH\BaseModel.php(676): CodeIgniter\Model->doFindAll(0, 0)
 6 APPPATH\Controllers\OrangTua.php(39): CodeIgniter\BaseModel->findAll()
 7 SYSTEMPATH\CodeIgniter.php(951): App\Controllers\OrangTua->index()
 8 SYSTEMPATH\CodeIgniter.php(497): CodeIgniter\CodeIgniter->runController(Object(App\Controllers\OrangTua))
 9 SYSTEMPATH\CodeIgniter.php(340): CodeIgniter\CodeIgniter->handleRequest(null, Object(Config\Cache), false)
10 SYSTEMPATH\Boot.php(417): CodeIgniter\CodeIgniter->run()
11 SYSTEMPATH\Boot.php(68): CodeIgniter\Boot::runCodeIgniter(Object(CodeIgniter\CodeIgniter))
12 FCPATH\index.php(59): CodeIgniter\Boot::bootWeb(Object(Config\Paths))
CRITICAL - 2026-05-20 07:45:08 --> [Caused by] mysqli_sql_exception: Unknown column 'murid.id_murid' in 'on clause'
in SYSTEMPATH\Database\MySQLi\Connection.php on line 300.
 1 SYSTEMPATH\Database\MySQLi\Connection.php(300): mysqli->query('SELECT `orang_tua`.*, `murid`.`nama_murid`, `kelas`.`nama_kelas`
FROM `orang_tua`
JOIN `murid` ON `murid`.`id_murid` = `orang_tua`.`id_murid`
JOIN `kelas` ON `kelas`.`id_kelas` = `orang_tua`.`id_kelas`
ORDER BY `orang_tua`.`created_at` DESC', 0)
 2 SYSTEMPATH\Database\BaseConnection.php(910): CodeIgniter\Database\MySQLi\Connection->execute('SELECT `orang_tua`.*, `murid`.`nama_murid`, `kelas`.`nama_kelas`
FROM `orang_tua`
JOIN `murid` ON `murid`.`id_murid` = `orang_tua`.`id_murid`
JOIN `kelas` ON `kelas`.`id_kelas` = `orang_tua`.`id_kelas`
ORDER BY `orang_tua`.`created_at` DESC')
 3 SYSTEMPATH\Database\BaseConnection.php(827): CodeIgniter\Database\BaseConnection->simpleQuery('SELECT `orang_tua`.*, `murid`.`nama_murid`, `kelas`.`nama_kelas`
FROM `orang_tua`
JOIN `murid` ON `murid`.`id_murid` = `orang_tua`.`id_murid`
JOIN `kelas` ON `kelas`.`id_kelas` = `orang_tua`.`id_kelas`
ORDER BY `orang_tua`.`created_at` DESC')
 4 SYSTEMPATH\Database\BaseBuilder.php(1649): CodeIgniter\Database\BaseConnection->query('SELECT `orang_tua`.*, `murid`.`nama_murid`, `kelas`.`nama_kelas`
FROM `orang_tua`
JOIN `murid` ON `murid`.`id_murid` = `orang_tua`.`id_murid`
JOIN `kelas` ON `kelas`.`id_kelas` = `orang_tua`.`id_kelas`
ORDER BY `orang_tua`.`created_at` DESC', [], false)
 5 SYSTEMPATH\Model.php(253): CodeIgniter\Database\BaseBuilder->get()
 6 SYSTEMPATH\BaseModel.php(676): CodeIgniter\Model->doFindAll(0, 0)
 7 APPPATH\Controllers\OrangTua.php(39): CodeIgniter\BaseModel->findAll()
 8 SYSTEMPATH\CodeIgniter.php(951): App\Controllers\OrangTua->index()
 9 SYSTEMPATH\CodeIgniter.php(497): CodeIgniter\CodeIgniter->runController(Object(App\Controllers\OrangTua))
10 SYSTEMPATH\CodeIgniter.php(340): CodeIgniter\CodeIgniter->handleRequest(null, Object(Config\Cache), false)
11 SYSTEMPATH\Boot.php(417): CodeIgniter\CodeIgniter->run()
12 SYSTEMPATH\Boot.php(68): CodeIgniter\Boot::runCodeIgniter(Object(CodeIgniter\CodeIgniter))
13 FCPATH\index.php(59): CodeIgniter\Boot::bootWeb(Object(Config\Paths))
ERROR - 2026-05-20 07:45:08 --> Unknown column 'murid.id_murid' in 'on clause'
in SYSTEMPATH\Database\MySQLi\Connection.php on line 300.
 1 SYSTEMPATH\Database\MySQLi\Connection.php(300): mysqli->query('SELECT `orang_tua`.*, `murid`.`nama_murid`, `kelas`.`nama_kelas`
FROM `orang_tua`
JOIN `murid` ON `murid`.`id_murid` = `orang_tua`.`id_murid`
JOIN `kelas` ON `kelas`.`id_kelas` = `orang_tua`.`id_kelas`
ORDER BY `orang_tua`.`created_at` DESC', 0)
 2 SYSTEMPATH\Database\BaseConnection.php(910): CodeIgniter\Database\MySQLi\Connection->execute('SELECT `orang_tua`.*, `murid`.`nama_murid`, `kelas`.`nama_kelas`
FROM `orang_tua`
JOIN `murid` ON `murid`.`id_murid` = `orang_tua`.`id_murid`
JOIN `kelas` ON `kelas`.`id_kelas` = `orang_tua`.`id_kelas`
ORDER BY `orang_tua`.`created_at` DESC')
 3 SYSTEMPATH\Database\BaseConnection.php(827): CodeIgniter\Database\BaseConnection->simpleQuery('SELECT `orang_tua`.*, `murid`.`nama_murid`, `kelas`.`nama_kelas`
FROM `orang_tua`
JOIN `murid` ON `murid`.`id_murid` = `orang_tua`.`id_murid`
JOIN `kelas` ON `kelas`.`id_kelas` = `orang_tua`.`id_kelas`
ORDER BY `orang_tua`.`created_at` DESC')
 4 SYSTEMPATH\Database\BaseBuilder.php(1649): CodeIgniter\Database\BaseConnection->query('SELECT `orang_tua`.*, `murid`.`nama_murid`, `kelas`.`nama_kelas`
FROM `orang_tua`
JOIN `murid` ON `murid`.`id_murid` = `orang_tua`.`id_murid`
JOIN `kelas` ON `kelas`.`id_kelas` = `orang_tua`.`id_kelas`
ORDER BY `orang_tua`.`created_at` DESC', [], false)
 5 SYSTEMPATH\Model.php(253): CodeIgniter\Database\BaseBuilder->get()
 6 SYSTEMPATH\BaseModel.php(676): CodeIgniter\Model->doFindAll(0, 0)
 7 APPPATH\Controllers\OrangTua.php(39): CodeIgniter\BaseModel->findAll()
 8 SYSTEMPATH\CodeIgniter.php(951): App\Controllers\OrangTua->index()
 9 SYSTEMPATH\CodeIgniter.php(497): CodeIgniter\CodeIgniter->runController(Object(App\Controllers\OrangTua))
10 SYSTEMPATH\CodeIgniter.php(340): CodeIgniter\CodeIgniter->handleRequest(null, Object(Config\Cache), false)
11 SYSTEMPATH\Boot.php(417): CodeIgniter\CodeIgniter->run()
12 SYSTEMPATH\Boot.php(68): CodeIgniter\Boot::runCodeIgniter(Object(CodeIgniter\CodeIgniter))
13 FCPATH\index.php(59): CodeIgniter\Boot::bootWeb(Object(Config\Paths))
CRITICAL - 2026-05-20 07:45:08 --> CodeIgniter\Database\Exceptions\DatabaseException: Unknown column 'murid.id_murid' in 'on clause'
[Method: GET, Route: orang-tua]
in SYSTEMPATH\Database\BaseConnection.php on line 865.
 1 SYSTEMPATH\Database\BaseBuilder.php(1649): CodeIgniter\Database\BaseConnection->query('SELECT `orang_tua`.*, `murid`.`nama_murid`, `kelas`.`nama_kelas`
FROM `orang_tua`
JOIN `murid` ON `murid`.`id_murid` = `orang_tua`.`id_murid`
JOIN `kelas` ON `kelas`.`id_kelas` = `orang_tua`.`id_kelas`
ORDER BY `orang_tua`.`created_at` DESC', [], false)
 2 SYSTEMPATH\Model.php(253): CodeIgniter\Database\BaseBuilder->get()
 3 SYSTEMPATH\BaseModel.php(676): CodeIgniter\Model->doFindAll(0, 0)
 4 APPPATH\Controllers\OrangTua.php(39): CodeIgniter\BaseModel->findAll()
 5 SYSTEMPATH\CodeIgniter.php(951): App\Controllers\OrangTua->index()
 6 SYSTEMPATH\CodeIgniter.php(497): CodeIgniter\CodeIgniter->runController(Object(App\Controllers\OrangTua))
 7 SYSTEMPATH\CodeIgniter.php(340): CodeIgniter\CodeIgniter->handleRequest(null, Object(Config\Cache), false)
 8 SYSTEMPATH\Boot.php(417): CodeIgniter\CodeIgniter->run()
 9 SYSTEMPATH\Boot.php(68): CodeIgniter\Boot::runCodeIgniter(Object(CodeIgniter\CodeIgniter))
10 FCPATH\index.php(59): CodeIgniter\Boot::bootWeb(Object(Config\Paths))
CRITICAL - 2026-05-20 07:45:08 --> [Caused by] CodeIgniter\Database\Exceptions\DatabaseException: Unknown column 'murid.id_murid' in 'on clause'
in SYSTEMPATH\Database\MySQLi\Connection.php on line 310.
 1 SYSTEMPATH\Database\BaseConnection.php(910): CodeIgniter\Database\MySQLi\Connection->execute('SELECT `orang_tua`.*, `murid`.`nama_murid`, `kelas`.`nama_kelas`
FROM `orang_tua`
JOIN `murid` ON `murid`.`id_murid` = `orang_tua`.`id_murid`
JOIN `kelas` ON `kelas`.`id_kelas` = `orang_tua`.`id_kelas`
ORDER BY `orang_tua`.`created_at` DESC')
 2 SYSTEMPATH\Database\BaseConnection.php(827): CodeIgniter\Database\BaseConnection->simpleQuery('SELECT `orang_tua`.*, `murid`.`nama_murid`, `kelas`.`nama_kelas`
FROM `orang_tua`
JOIN `murid` ON `murid`.`id_murid` = `orang_tua`.`id_murid`
JOIN `kelas` ON `kelas`.`id_kelas` = `orang_tua`.`id_kelas`
ORDER BY `orang_tua`.`created_at` DESC')
 3 SYSTEMPATH\Database\BaseBuilder.php(1649): CodeIgniter\Database\BaseConnection->query('SELECT `orang_tua`.*, `murid`.`nama_murid`, `kelas`.`nama_kelas`
FROM `orang_tua`
JOIN `murid` ON `murid`.`id_murid` = `orang_tua`.`id_murid`
JOIN `kelas` ON `kelas`.`id_kelas` = `orang_tua`.`id_kelas`
ORDER BY `orang_tua`.`created_at` DESC', [], false)
 4 SYSTEMPATH\Model.php(253): CodeIgniter\Database\BaseBuilder->get()
 5 SYSTEMPATH\BaseModel.php(676): CodeIgniter\Model->doFindAll(0, 0)
 6 APPPATH\Controllers\OrangTua.php(39): CodeIgniter\BaseModel->findAll()
 7 SYSTEMPATH\CodeIgniter.php(951): App\Controllers\OrangTua->index()
 8 SYSTEMPATH\CodeIgniter.php(497): CodeIgniter\CodeIgniter->runController(Object(App\Controllers\OrangTua))
 9 SYSTEMPATH\CodeIgniter.php(340): CodeIgniter\CodeIgniter->handleRequest(null, Object(Config\Cache), false)
10 SYSTEMPATH\Boot.php(417): CodeIgniter\CodeIgniter->run()
11 SYSTEMPATH\Boot.php(68): CodeIgniter\Boot::runCodeIgniter(Object(CodeIgniter\CodeIgniter))
12 FCPATH\index.php(59): CodeIgniter\Boot::bootWeb(Object(Config\Paths))
CRITICAL - 2026-05-20 07:45:08 --> [Caused by] mysqli_sql_exception: Unknown column 'murid.id_murid' in 'on clause'
in SYSTEMPATH\Database\MySQLi\Connection.php on line 300.
 1 SYSTEMPATH\Database\MySQLi\Connection.php(300): mysqli->query('SELECT `orang_tua`.*, `murid`.`nama_murid`, `kelas`.`nama_kelas`
FROM `orang_tua`
JOIN `murid` ON `murid`.`id_murid` = `orang_tua`.`id_murid`
JOIN `kelas` ON `kelas`.`id_kelas` = `orang_tua`.`id_kelas`
ORDER BY `orang_tua`.`created_at` DESC', 0)
 2 SYSTEMPATH\Database\BaseConnection.php(910): CodeIgniter\Database\MySQLi\Connection->execute('SELECT `orang_tua`.*, `murid`.`nama_murid`, `kelas`.`nama_kelas`
FROM `orang_tua`
JOIN `murid` ON `murid`.`id_murid` = `orang_tua`.`id_murid`
JOIN `kelas` ON `kelas`.`id_kelas` = `orang_tua`.`id_kelas`
ORDER BY `orang_tua`.`created_at` DESC')
 3 SYSTEMPATH\Database\BaseConnection.php(827): CodeIgniter\Database\BaseConnection->simpleQuery('SELECT `orang_tua`.*, `murid`.`nama_murid`, `kelas`.`nama_kelas`
FROM `orang_tua`
JOIN `murid` ON `murid`.`id_murid` = `orang_tua`.`id_murid`
JOIN `kelas` ON `kelas`.`id_kelas` = `orang_tua`.`id_kelas`
ORDER BY `orang_tua`.`created_at` DESC')
 4 SYSTEMPATH\Database\BaseBuilder.php(1649): CodeIgniter\Database\BaseConnection->query('SELECT `orang_tua`.*, `murid`.`nama_murid`, `kelas`.`nama_kelas`
FROM `orang_tua`
JOIN `murid` ON `murid`.`id_murid` = `orang_tua`.`id_murid`
JOIN `kelas` ON `kelas`.`id_kelas` = `orang_tua`.`id_kelas`
ORDER BY `orang_tua`.`created_at` DESC', [], false)
 5 SYSTEMPATH\Model.php(253): CodeIgniter\Database\BaseBuilder->get()
 6 SYSTEMPATH\BaseModel.php(676): CodeIgniter\Model->doFindAll(0, 0)
 7 APPPATH\Controllers\OrangTua.php(39): CodeIgniter\BaseModel->findAll()
 8 SYSTEMPATH\CodeIgniter.php(951): App\Controllers\OrangTua->index()
 9 SYSTEMPATH\CodeIgniter.php(497): CodeIgniter\CodeIgniter->runController(Object(App\Controllers\OrangTua))
10 SYSTEMPATH\CodeIgniter.php(340): CodeIgniter\CodeIgniter->handleRequest(null, Object(Config\Cache), false)
11 SYSTEMPATH\Boot.php(417): CodeIgniter\CodeIgniter->run()
12 SYSTEMPATH\Boot.php(68): CodeIgniter\Boot::runCodeIgniter(Object(CodeIgniter\CodeIgniter))
13 FCPATH\index.php(59): CodeIgniter\Boot::bootWeb(Object(Config\Paths))
ERROR - 2026-05-20 07:45:08 --> Unknown column 'murid.id_murid' in 'on clause'
in SYSTEMPATH\Database\MySQLi\Connection.php on line 300.
 1 SYSTEMPATH\Database\MySQLi\Connection.php(300): mysqli->query('SELECT `orang_tua`.*, `murid`.`nama_murid`, `kelas`.`nama_kelas`
FROM `orang_tua`
JOIN `murid` ON `murid`.`id_murid` = `orang_tua`.`id_murid`
JOIN `kelas` ON `kelas`.`id_kelas` = `orang_tua`.`id_kelas`
ORDER BY `orang_tua`.`created_at` DESC', 0)
 2 SYSTEMPATH\Database\BaseConnection.php(910): CodeIgniter\Database\MySQLi\Connection->execute('SELECT `orang_tua`.*, `murid`.`nama_murid`, `kelas`.`nama_kelas`
FROM `orang_tua`
JOIN `murid` ON `murid`.`id_murid` = `orang_tua`.`id_murid`
JOIN `kelas` ON `kelas`.`id_kelas` = `orang_tua`.`id_kelas`
ORDER BY `orang_tua`.`created_at` DESC')
 3 SYSTEMPATH\Database\BaseConnection.php(827): CodeIgniter\Database\BaseConnection->simpleQuery('SELECT `orang_tua`.*, `murid`.`nama_murid`, `kelas`.`nama_kelas`
FROM `orang_tua`
JOIN `murid` ON `murid`.`id_murid` = `orang_tua`.`id_murid`
JOIN `kelas` ON `kelas`.`id_kelas` = `orang_tua`.`id_kelas`
ORDER BY `orang_tua`.`created_at` DESC')
 4 SYSTEMPATH\Database\BaseBuilder.php(1649): CodeIgniter\Database\BaseConnection->query('SELECT `orang_tua`.*, `murid`.`nama_murid`, `kelas`.`nama_kelas`
FROM `orang_tua`
JOIN `murid` ON `murid`.`id_murid` = `orang_tua`.`id_murid`
JOIN `kelas` ON `kelas`.`id_kelas` = `orang_tua`.`id_kelas`
ORDER BY `orang_tua`.`created_at` DESC', [], false)
 5 SYSTEMPATH\Model.php(253): CodeIgniter\Database\BaseBuilder->get()
 6 SYSTEMPATH\BaseModel.php(676): CodeIgniter\Model->doFindAll(0, 0)
 7 APPPATH\Controllers\OrangTua.php(39): CodeIgniter\BaseModel->findAll()
 8 SYSTEMPATH\CodeIgniter.php(951): App\Controllers\OrangTua->index()
 9 SYSTEMPATH\CodeIgniter.php(497): CodeIgniter\CodeIgniter->runController(Object(App\Controllers\OrangTua))
10 SYSTEMPATH\CodeIgniter.php(340): CodeIgniter\CodeIgniter->handleRequest(null, Object(Config\Cache), false)
11 SYSTEMPATH\Boot.php(417): CodeIgniter\CodeIgniter->run()
12 SYSTEMPATH\Boot.php(68): CodeIgniter\Boot::runCodeIgniter(Object(CodeIgniter\CodeIgniter))
13 FCPATH\index.php(59): CodeIgniter\Boot::bootWeb(Object(Config\Paths))
CRITICAL - 2026-05-20 07:45:08 --> CodeIgniter\Database\Exceptions\DatabaseException: Unknown column 'murid.id_murid' in 'on clause'
[Method: GET, Route: orang-tua]
in SYSTEMPATH\Database\BaseConnection.php on line 865.
 1 SYSTEMPATH\Database\BaseBuilder.php(1649): CodeIgniter\Database\BaseConnection->query('SELECT `orang_tua`.*, `murid`.`nama_murid`, `kelas`.`nama_kelas`
FROM `orang_tua`
JOIN `murid` ON `murid`.`id_murid` = `orang_tua`.`id_murid`
JOIN `kelas` ON `kelas`.`id_kelas` = `orang_tua`.`id_kelas`
ORDER BY `orang_tua`.`created_at` DESC', [], false)
 2 SYSTEMPATH\Model.php(253): CodeIgniter\Database\BaseBuilder->get()
 3 SYSTEMPATH\BaseModel.php(676): CodeIgniter\Model->doFindAll(0, 0)
 4 APPPATH\Controllers\OrangTua.php(39): CodeIgniter\BaseModel->findAll()
 5 SYSTEMPATH\CodeIgniter.php(951): App\Controllers\OrangTua->index()
 6 SYSTEMPATH\CodeIgniter.php(497): CodeIgniter\CodeIgniter->runController(Object(App\Controllers\OrangTua))
 7 SYSTEMPATH\CodeIgniter.php(340): CodeIgniter\CodeIgniter->handleRequest(null, Object(Config\Cache), false)
 8 SYSTEMPATH\Boot.php(417): CodeIgniter\CodeIgniter->run()
 9 SYSTEMPATH\Boot.php(68): CodeIgniter\Boot::runCodeIgniter(Object(CodeIgniter\CodeIgniter))
10 FCPATH\index.php(59): CodeIgniter\Boot::bootWeb(Object(Config\Paths))
CRITICAL - 2026-05-20 07:45:08 --> [Caused by] CodeIgniter\Database\Exceptions\DatabaseException: Unknown column 'murid.id_murid' in 'on clause'
in SYSTEMPATH\Database\MySQLi\Connection.php on line 310.
 1 SYSTEMPATH\Database\BaseConnection.php(910): CodeIgniter\Database\MySQLi\Connection->execute('SELECT `orang_tua`.*, `murid`.`nama_murid`, `kelas`.`nama_kelas`
FROM `orang_tua`
JOIN `murid` ON `murid`.`id_murid` = `orang_tua`.`id_murid`
JOIN `kelas` ON `kelas`.`id_kelas` = `orang_tua`.`id_kelas`
ORDER BY `orang_tua`.`created_at` DESC')
 2 SYSTEMPATH\Database\BaseConnection.php(827): CodeIgniter\Database\BaseConnection->simpleQuery('SELECT `orang_tua`.*, `murid`.`nama_murid`, `kelas`.`nama_kelas`
FROM `orang_tua`
JOIN `murid` ON `murid`.`id_murid` = `orang_tua`.`id_murid`
JOIN `kelas` ON `kelas`.`id_kelas` = `orang_tua`.`id_kelas`
ORDER BY `orang_tua`.`created_at` DESC')
 3 SYSTEMPATH\Database\BaseBuilder.php(1649): CodeIgniter\Database\BaseConnection->query('SELECT `orang_tua`.*, `murid`.`nama_murid`, `kelas`.`nama_kelas`
FROM `orang_tua`
JOIN `murid` ON `murid`.`id_murid` = `orang_tua`.`id_murid`
JOIN `kelas` ON `kelas`.`id_kelas` = `orang_tua`.`id_kelas`
ORDER BY `orang_tua`.`created_at` DESC', [], false)
 4 SYSTEMPATH\Model.php(253): CodeIgniter\Database\BaseBuilder->get()
 5 SYSTEMPATH\BaseModel.php(676): CodeIgniter\Model->doFindAll(0, 0)
 6 APPPATH\Controllers\OrangTua.php(39): CodeIgniter\BaseModel->findAll()
 7 SYSTEMPATH\CodeIgniter.php(951): App\Controllers\OrangTua->index()
 8 SYSTEMPATH\CodeIgniter.php(497): CodeIgniter\CodeIgniter->runController(Object(App\Controllers\OrangTua))
 9 SYSTEMPATH\CodeIgniter.php(340): CodeIgniter\CodeIgniter->handleRequest(null, Object(Config\Cache), false)
10 SYSTEMPATH\Boot.php(417): CodeIgniter\CodeIgniter->run()
11 SYSTEMPATH\Boot.php(68): CodeIgniter\Boot::runCodeIgniter(Object(CodeIgniter\CodeIgniter))
12 FCPATH\index.php(59): CodeIgniter\Boot::bootWeb(Object(Config\Paths))
CRITICAL - 2026-05-20 07:45:08 --> [Caused by] mysqli_sql_exception: Unknown column 'murid.id_murid' in 'on clause'
in SYSTEMPATH\Database\MySQLi\Connection.php on line 300.
 1 SYSTEMPATH\Database\MySQLi\Connection.php(300): mysqli->query('SELECT `orang_tua`.*, `murid`.`nama_murid`, `kelas`.`nama_kelas`
FROM `orang_tua`
JOIN `murid` ON `murid`.`id_murid` = `orang_tua`.`id_murid`
JOIN `kelas` ON `kelas`.`id_kelas` = `orang_tua`.`id_kelas`
ORDER BY `orang_tua`.`created_at` DESC', 0)
 2 SYSTEMPATH\Database\BaseConnection.php(910): CodeIgniter\Database\MySQLi\Connection->execute('SELECT `orang_tua`.*, `murid`.`nama_murid`, `kelas`.`nama_kelas`
FROM `orang_tua`
JOIN `murid` ON `murid`.`id_murid` = `orang_tua`.`id_murid`
JOIN `kelas` ON `kelas`.`id_kelas` = `orang_tua`.`id_kelas`
ORDER BY `orang_tua`.`created_at` DESC')
 3 SYSTEMPATH\Database\BaseConnection.php(827): CodeIgniter\Database\BaseConnection->simpleQuery('SELECT `orang_tua`.*, `murid`.`nama_murid`, `kelas`.`nama_kelas`
FROM `orang_tua`
JOIN `murid` ON `murid`.`id_murid` = `orang_tua`.`id_murid`
JOIN `kelas` ON `kelas`.`id_kelas` = `orang_tua`.`id_kelas`
ORDER BY `orang_tua`.`created_at` DESC')
 4 SYSTEMPATH\Database\BaseBuilder.php(1649): CodeIgniter\Database\BaseConnection->query('SELECT `orang_tua`.*, `murid`.`nama_murid`, `kelas`.`nama_kelas`
FROM `orang_tua`
JOIN `murid` ON `murid`.`id_murid` = `orang_tua`.`id_murid`
JOIN `kelas` ON `kelas`.`id_kelas` = `orang_tua`.`id_kelas`
ORDER BY `orang_tua`.`created_at` DESC', [], false)
 5 SYSTEMPATH\Model.php(253): CodeIgniter\Database\BaseBuilder->get()
 6 SYSTEMPATH\BaseModel.php(676): CodeIgniter\Model->doFindAll(0, 0)
 7 APPPATH\Controllers\OrangTua.php(39): CodeIgniter\BaseModel->findAll()
 8 SYSTEMPATH\CodeIgniter.php(951): App\Controllers\OrangTua->index()
 9 SYSTEMPATH\CodeIgniter.php(497): CodeIgniter\CodeIgniter->runController(Object(App\Controllers\OrangTua))
10 SYSTEMPATH\CodeIgniter.php(340): CodeIgniter\CodeIgniter->handleRequest(null, Object(Config\Cache), false)
11 SYSTEMPATH\Boot.php(417): CodeIgniter\CodeIgniter->run()
12 SYSTEMPATH\Boot.php(68): CodeIgniter\Boot::runCodeIgniter(Object(CodeIgniter\CodeIgniter))
13 FCPATH\index.php(59): CodeIgniter\Boot::bootWeb(Object(Config\Paths))
ERROR - 2026-05-20 07:45:08 --> Unknown column 'murid.id_murid' in 'on clause'
in SYSTEMPATH\Database\MySQLi\Connection.php on line 300.
 1 SYSTEMPATH\Database\MySQLi\Connection.php(300): mysqli->query('SELECT `orang_tua`.*, `murid`.`nama_murid`, `kelas`.`nama_kelas`
FROM `orang_tua`
JOIN `murid` ON `murid`.`id_murid` = `orang_tua`.`id_murid`
JOIN `kelas` ON `kelas`.`id_kelas` = `orang_tua`.`id_kelas`
ORDER BY `orang_tua`.`created_at` DESC', 0)
 2 SYSTEMPATH\Database\BaseConnection.php(910): CodeIgniter\Database\MySQLi\Connection->execute('SELECT `orang_tua`.*, `murid`.`nama_murid`, `kelas`.`nama_kelas`
FROM `orang_tua`
JOIN `murid` ON `murid`.`id_murid` = `orang_tua`.`id_murid`
JOIN `kelas` ON `kelas`.`id_kelas` = `orang_tua`.`id_kelas`
ORDER BY `orang_tua`.`created_at` DESC')
 3 SYSTEMPATH\Database\BaseConnection.php(827): CodeIgniter\Database\BaseConnection->simpleQuery('SELECT `orang_tua`.*, `murid`.`nama_murid`, `kelas`.`nama_kelas`
FROM `orang_tua`
JOIN `murid` ON `murid`.`id_murid` = `orang_tua`.`id_murid`
JOIN `kelas` ON `kelas`.`id_kelas` = `orang_tua`.`id_kelas`
ORDER BY `orang_tua`.`created_at` DESC')
 4 SYSTEMPATH\Database\BaseBuilder.php(1649): CodeIgniter\Database\BaseConnection->query('SELECT `orang_tua`.*, `murid`.`nama_murid`, `kelas`.`nama_kelas`
FROM `orang_tua`
JOIN `murid` ON `murid`.`id_murid` = `orang_tua`.`id_murid`
JOIN `kelas` ON `kelas`.`id_kelas` = `orang_tua`.`id_kelas`
ORDER BY `orang_tua`.`created_at` DESC', [], false)
 5 SYSTEMPATH\Model.php(253): CodeIgniter\Database\BaseBuilder->get()
 6 SYSTEMPATH\BaseModel.php(676): CodeIgniter\Model->doFindAll(0, 0)
 7 APPPATH\Controllers\OrangTua.php(39): CodeIgniter\BaseModel->findAll()
 8 SYSTEMPATH\CodeIgniter.php(951): App\Controllers\OrangTua->index()
 9 SYSTEMPATH\CodeIgniter.php(497): CodeIgniter\CodeIgniter->runController(Object(App\Controllers\OrangTua))
10 SYSTEMPATH\CodeIgniter.php(340): CodeIgniter\CodeIgniter->handleRequest(null, Object(Config\Cache), false)
11 SYSTEMPATH\Boot.php(417): CodeIgniter\CodeIgniter->run()
12 SYSTEMPATH\Boot.php(68): CodeIgniter\Boot::runCodeIgniter(Object(CodeIgniter\CodeIgniter))
13 FCPATH\index.php(59): CodeIgniter\Boot::bootWeb(Object(Config\Paths))
CRITICAL - 2026-05-20 07:45:08 --> CodeIgniter\Database\Exceptions\DatabaseException: Unknown column 'murid.id_murid' in 'on clause'
[Method: GET, Route: orang-tua]
in SYSTEMPATH\Database\BaseConnection.php on line 865.
 1 SYSTEMPATH\Database\BaseBuilder.php(1649): CodeIgniter\Database\BaseConnection->query('SELECT `orang_tua`.*, `murid`.`nama_murid`, `kelas`.`nama_kelas`
FROM `orang_tua`
JOIN `murid` ON `murid`.`id_murid` = `orang_tua`.`id_murid`
JOIN `kelas` ON `kelas`.`id_kelas` = `orang_tua`.`id_kelas`
ORDER BY `orang_tua`.`created_at` DESC', [], false)
 2 SYSTEMPATH\Model.php(253): CodeIgniter\Database\BaseBuilder->get()
 3 SYSTEMPATH\BaseModel.php(676): CodeIgniter\Model->doFindAll(0, 0)
 4 APPPATH\Controllers\OrangTua.php(39): CodeIgniter\BaseModel->findAll()
 5 SYSTEMPATH\CodeIgniter.php(951): App\Controllers\OrangTua->index()
 6 SYSTEMPATH\CodeIgniter.php(497): CodeIgniter\CodeIgniter->runController(Object(App\Controllers\OrangTua))
 7 SYSTEMPATH\CodeIgniter.php(340): CodeIgniter\CodeIgniter->handleRequest(null, Object(Config\Cache), false)
 8 SYSTEMPATH\Boot.php(417): CodeIgniter\CodeIgniter->run()
 9 SYSTEMPATH\Boot.php(68): CodeIgniter\Boot::runCodeIgniter(Object(CodeIgniter\CodeIgniter))
10 FCPATH\index.php(59): CodeIgniter\Boot::bootWeb(Object(Config\Paths))
CRITICAL - 2026-05-20 07:45:08 --> [Caused by] CodeIgniter\Database\Exceptions\DatabaseException: Unknown column 'murid.id_murid' in 'on clause'
in SYSTEMPATH\Database\MySQLi\Connection.php on line 310.
 1 SYSTEMPATH\Database\BaseConnection.php(910): CodeIgniter\Database\MySQLi\Connection->execute('SELECT `orang_tua`.*, `murid`.`nama_murid`, `kelas`.`nama_kelas`
FROM `orang_tua`
JOIN `murid` ON `murid`.`id_murid` = `orang_tua`.`id_murid`
JOIN `kelas` ON `kelas`.`id_kelas` = `orang_tua`.`id_kelas`
ORDER BY `orang_tua`.`created_at` DESC')
 2 SYSTEMPATH\Database\BaseConnection.php(827): CodeIgniter\Database\BaseConnection->simpleQuery('SELECT `orang_tua`.*, `murid`.`nama_murid`, `kelas`.`nama_kelas`
FROM `orang_tua`
JOIN `murid` ON `murid`.`id_murid` = `orang_tua`.`id_murid`
JOIN `kelas` ON `kelas`.`id_kelas` = `orang_tua`.`id_kelas`
ORDER BY `orang_tua`.`created_at` DESC')
 3 SYSTEMPATH\Database\BaseBuilder.php(1649): CodeIgniter\Database\BaseConnection->query('SELECT `orang_tua`.*, `murid`.`nama_murid`, `kelas`.`nama_kelas`
FROM `orang_tua`
JOIN `murid` ON `murid`.`id_murid` = `orang_tua`.`id_murid`
JOIN `kelas` ON `kelas`.`id_kelas` = `orang_tua`.`id_kelas`
ORDER BY `orang_tua`.`created_at` DESC', [], false)
 4 SYSTEMPATH\Model.php(253): CodeIgniter\Database\BaseBuilder->get()
 5 SYSTEMPATH\BaseModel.php(676): CodeIgniter\Model->doFindAll(0, 0)
 6 APPPATH\Controllers\OrangTua.php(39): CodeIgniter\BaseModel->findAll()
 7 SYSTEMPATH\CodeIgniter.php(951): App\Controllers\OrangTua->index()
 8 SYSTEMPATH\CodeIgniter.php(497): CodeIgniter\CodeIgniter->runController(Object(App\Controllers\OrangTua))
 9 SYSTEMPATH\CodeIgniter.php(340): CodeIgniter\CodeIgniter->handleRequest(null, Object(Config\Cache), false)
10 SYSTEMPATH\Boot.php(417): CodeIgniter\CodeIgniter->run()
11 SYSTEMPATH\Boot.php(68): CodeIgniter\Boot::runCodeIgniter(Object(CodeIgniter\CodeIgniter))
12 FCPATH\index.php(59): CodeIgniter\Boot::bootWeb(Object(Config\Paths))
CRITICAL - 2026-05-20 07:45:08 --> [Caused by] mysqli_sql_exception: Unknown column 'murid.id_murid' in 'on clause'
in SYSTEMPATH\Database\MySQLi\Connection.php on line 300.
 1 SYSTEMPATH\Database\MySQLi\Connection.php(300): mysqli->query('SELECT `orang_tua`.*, `murid`.`nama_murid`, `kelas`.`nama_kelas`
FROM `orang_tua`
JOIN `murid` ON `murid`.`id_murid` = `orang_tua`.`id_murid`
JOIN `kelas` ON `kelas`.`id_kelas` = `orang_tua`.`id_kelas`
ORDER BY `orang_tua`.`created_at` DESC', 0)
 2 SYSTEMPATH\Database\BaseConnection.php(910): CodeIgniter\Database\MySQLi\Connection->execute('SELECT `orang_tua`.*, `murid`.`nama_murid`, `kelas`.`nama_kelas`
FROM `orang_tua`
JOIN `murid` ON `murid`.`id_murid` = `orang_tua`.`id_murid`
JOIN `kelas` ON `kelas`.`id_kelas` = `orang_tua`.`id_kelas`
ORDER BY `orang_tua`.`created_at` DESC')
 3 SYSTEMPATH\Database\BaseConnection.php(827): CodeIgniter\Database\BaseConnection->simpleQuery('SELECT `orang_tua`.*, `murid`.`nama_murid`, `kelas`.`nama_kelas`
FROM `orang_tua`
JOIN `murid` ON `murid`.`id_murid` = `orang_tua`.`id_murid`
JOIN `kelas` ON `kelas`.`id_kelas` = `orang_tua`.`id_kelas`
ORDER BY `orang_tua`.`created_at` DESC')
 4 SYSTEMPATH\Database\BaseBuilder.php(1649): CodeIgniter\Database\BaseConnection->query('SELECT `orang_tua`.*, `murid`.`nama_murid`, `kelas`.`nama_kelas`
FROM `orang_tua`
JOIN `murid` ON `murid`.`id_murid` = `orang_tua`.`id_murid`
JOIN `kelas` ON `kelas`.`id_kelas` = `orang_tua`.`id_kelas`
ORDER BY `orang_tua`.`created_at` DESC', [], false)
 5 SYSTEMPATH\Model.php(253): CodeIgniter\Database\BaseBuilder->get()
 6 SYSTEMPATH\BaseModel.php(676): CodeIgniter\Model->doFindAll(0, 0)
 7 APPPATH\Controllers\OrangTua.php(39): CodeIgniter\BaseModel->findAll()
 8 SYSTEMPATH\CodeIgniter.php(951): App\Controllers\OrangTua->index()
 9 SYSTEMPATH\CodeIgniter.php(497): CodeIgniter\CodeIgniter->runController(Object(App\Controllers\OrangTua))
10 SYSTEMPATH\CodeIgniter.php(340): CodeIgniter\CodeIgniter->handleRequest(null, Object(Config\Cache), false)
11 SYSTEMPATH\Boot.php(417): CodeIgniter\CodeIgniter->run()
12 SYSTEMPATH\Boot.php(68): CodeIgniter\Boot::runCodeIgniter(Object(CodeIgniter\CodeIgniter))
13 FCPATH\index.php(59): CodeIgniter\Boot::bootWeb(Object(Config\Paths))
ERROR - 2026-05-20 07:45:08 --> Unknown column 'murid.id_murid' in 'on clause'
in SYSTEMPATH\Database\MySQLi\Connection.php on line 300.
 1 SYSTEMPATH\Database\MySQLi\Connection.php(300): mysqli->query('SELECT `orang_tua`.*, `murid`.`nama_murid`, `kelas`.`nama_kelas`
FROM `orang_tua`
JOIN `murid` ON `murid`.`id_murid` = `orang_tua`.`id_murid`
JOIN `kelas` ON `kelas`.`id_kelas` = `orang_tua`.`id_kelas`
ORDER BY `orang_tua`.`created_at` DESC', 0)
 2 SYSTEMPATH\Database\BaseConnection.php(910): CodeIgniter\Database\MySQLi\Connection->execute('SELECT `orang_tua`.*, `murid`.`nama_murid`, `kelas`.`nama_kelas`
FROM `orang_tua`
JOIN `murid` ON `murid`.`id_murid` = `orang_tua`.`id_murid`
JOIN `kelas` ON `kelas`.`id_kelas` = `orang_tua`.`id_kelas`
ORDER BY `orang_tua`.`created_at` DESC')
 3 SYSTEMPATH\Database\BaseConnection.php(827): CodeIgniter\Database\BaseConnection->simpleQuery('SELECT `orang_tua`.*, `murid`.`nama_murid`, `kelas`.`nama_kelas`
FROM `orang_tua`
JOIN `murid` ON `murid`.`id_murid` = `orang_tua`.`id_murid`
JOIN `kelas` ON `kelas`.`id_kelas` = `orang_tua`.`id_kelas`
ORDER BY `orang_tua`.`created_at` DESC')
 4 SYSTEMPATH\Database\BaseBuilder.php(1649): CodeIgniter\Database\BaseConnection->query('SELECT `orang_tua`.*, `murid`.`nama_murid`, `kelas`.`nama_kelas`
FROM `orang_tua`
JOIN `murid` ON `murid`.`id_murid` = `orang_tua`.`id_murid`
JOIN `kelas` ON `kelas`.`id_kelas` = `orang_tua`.`id_kelas`
ORDER BY `orang_tua`.`created_at` DESC', [], false)
 5 SYSTEMPATH\Model.php(253): CodeIgniter\Database\BaseBuilder->get()
 6 SYSTEMPATH\BaseModel.php(676): CodeIgniter\Model->doFindAll(0, 0)
 7 APPPATH\Controllers\OrangTua.php(39): CodeIgniter\BaseModel->findAll()
 8 SYSTEMPATH\CodeIgniter.php(951): App\Controllers\OrangTua->index()
 9 SYSTEMPATH\CodeIgniter.php(497): CodeIgniter\CodeIgniter->runController(Object(App\Controllers\OrangTua))
10 SYSTEMPATH\CodeIgniter.php(340): CodeIgniter\CodeIgniter->handleRequest(null, Object(Config\Cache), false)
11 SYSTEMPATH\Boot.php(417): CodeIgniter\CodeIgniter->run()
12 SYSTEMPATH\Boot.php(68): CodeIgniter\Boot::runCodeIgniter(Object(CodeIgniter\CodeIgniter))
13 FCPATH\index.php(59): CodeIgniter\Boot::bootWeb(Object(Config\Paths))
CRITICAL - 2026-05-20 07:45:08 --> CodeIgniter\Database\Exceptions\DatabaseException: Unknown column 'murid.id_murid' in 'on clause'
[Method: GET, Route: orang-tua]
in SYSTEMPATH\Database\BaseConnection.php on line 865.
 1 SYSTEMPATH\Database\BaseBuilder.php(1649): CodeIgniter\Database\BaseConnection->query('SELECT `orang_tua`.*, `murid`.`nama_murid`, `kelas`.`nama_kelas`
FROM `orang_tua`
JOIN `murid` ON `murid`.`id_murid` = `orang_tua`.`id_murid`
JOIN `kelas` ON `kelas`.`id_kelas` = `orang_tua`.`id_kelas`
ORDER BY `orang_tua`.`created_at` DESC', [], false)
 2 SYSTEMPATH\Model.php(253): CodeIgniter\Database\BaseBuilder->get()
 3 SYSTEMPATH\BaseModel.php(676): CodeIgniter\Model->doFindAll(0, 0)
 4 APPPATH\Controllers\OrangTua.php(39): CodeIgniter\BaseModel->findAll()
 5 SYSTEMPATH\CodeIgniter.php(951): App\Controllers\OrangTua->index()
 6 SYSTEMPATH\CodeIgniter.php(497): CodeIgniter\CodeIgniter->runController(Object(App\Controllers\OrangTua))
 7 SYSTEMPATH\CodeIgniter.php(340): CodeIgniter\CodeIgniter->handleRequest(null, Object(Config\Cache), false)
 8 SYSTEMPATH\Boot.php(417): CodeIgniter\CodeIgniter->run()
 9 SYSTEMPATH\Boot.php(68): CodeIgniter\Boot::runCodeIgniter(Object(CodeIgniter\CodeIgniter))
10 FCPATH\index.php(59): CodeIgniter\Boot::bootWeb(Object(Config\Paths))
CRITICAL - 2026-05-20 07:45:08 --> [Caused by] CodeIgniter\Database\Exceptions\DatabaseException: Unknown column 'murid.id_murid' in 'on clause'
in SYSTEMPATH\Database\MySQLi\Connection.php on line 310.
 1 SYSTEMPATH\Database\BaseConnection.php(910): CodeIgniter\Database\MySQLi\Connection->execute('SELECT `orang_tua`.*, `murid`.`nama_murid`, `kelas`.`nama_kelas`
FROM `orang_tua`
JOIN `murid` ON `murid`.`id_murid` = `orang_tua`.`id_murid`
JOIN `kelas` ON `kelas`.`id_kelas` = `orang_tua`.`id_kelas`
ORDER BY `orang_tua`.`created_at` DESC')
 2 SYSTEMPATH\Database\BaseConnection.php(827): CodeIgniter\Database\BaseConnection->simpleQuery('SELECT `orang_tua`.*, `murid`.`nama_murid`, `kelas`.`nama_kelas`
FROM `orang_tua`
JOIN `murid` ON `murid`.`id_murid` = `orang_tua`.`id_murid`
JOIN `kelas` ON `kelas`.`id_kelas` = `orang_tua`.`id_kelas`
ORDER BY `orang_tua`.`created_at` DESC')
 3 SYSTEMPATH\Database\BaseBuilder.php(1649): CodeIgniter\Database\BaseConnection->query('SELECT `orang_tua`.*, `murid`.`nama_murid`, `kelas`.`nama_kelas`
FROM `orang_tua`
JOIN `murid` ON `murid`.`id_murid` = `orang_tua`.`id_murid`
JOIN `kelas` ON `kelas`.`id_kelas` = `orang_tua`.`id_kelas`
ORDER BY `orang_tua`.`created_at` DESC', [], false)
 4 SYSTEMPATH\Model.php(253): CodeIgniter\Database\BaseBuilder->get()
 5 SYSTEMPATH\BaseModel.php(676): CodeIgniter\Model->doFindAll(0, 0)
 6 APPPATH\Controllers\OrangTua.php(39): CodeIgniter\BaseModel->findAll()
 7 SYSTEMPATH\CodeIgniter.php(951): App\Controllers\OrangTua->index()
 8 SYSTEMPATH\CodeIgniter.php(497): CodeIgniter\CodeIgniter->runController(Object(App\Controllers\OrangTua))
 9 SYSTEMPATH\CodeIgniter.php(340): CodeIgniter\CodeIgniter->handleRequest(null, Object(Config\Cache), false)
10 SYSTEMPATH\Boot.php(417): CodeIgniter\CodeIgniter->run()
11 SYSTEMPATH\Boot.php(68): CodeIgniter\Boot::runCodeIgniter(Object(CodeIgniter\CodeIgniter))
12 FCPATH\index.php(59): CodeIgniter\Boot::bootWeb(Object(Config\Paths))
CRITICAL - 2026-05-20 07:45:08 --> [Caused by] mysqli_sql_exception: Unknown column 'murid.id_murid' in 'on clause'
in SYSTEMPATH\Database\MySQLi\Connection.php on line 300.
 1 SYSTEMPATH\Database\MySQLi\Connection.php(300): mysqli->query('SELECT `orang_tua`.*, `murid`.`nama_murid`, `kelas`.`nama_kelas`
FROM `orang_tua`
JOIN `murid` ON `murid`.`id_murid` = `orang_tua`.`id_murid`
JOIN `kelas` ON `kelas`.`id_kelas` = `orang_tua`.`id_kelas`
ORDER BY `orang_tua`.`created_at` DESC', 0)
 2 SYSTEMPATH\Database\BaseConnection.php(910): CodeIgniter\Database\MySQLi\Connection->execute('SELECT `orang_tua`.*, `murid`.`nama_murid`, `kelas`.`nama_kelas`
FROM `orang_tua`
JOIN `murid` ON `murid`.`id_murid` = `orang_tua`.`id_murid`
JOIN `kelas` ON `kelas`.`id_kelas` = `orang_tua`.`id_kelas`
ORDER BY `orang_tua`.`created_at` DESC')
 3 SYSTEMPATH\Database\BaseConnection.php(827): CodeIgniter\Database\BaseConnection->simpleQuery('SELECT `orang_tua`.*, `murid`.`nama_murid`, `kelas`.`nama_kelas`
FROM `orang_tua`
JOIN `murid` ON `murid`.`id_murid` = `orang_tua`.`id_murid`
JOIN `kelas` ON `kelas`.`id_kelas` = `orang_tua`.`id_kelas`
ORDER BY `orang_tua`.`created_at` DESC')
 4 SYSTEMPATH\Database\BaseBuilder.php(1649): CodeIgniter\Database\BaseConnection->query('SELECT `orang_tua`.*, `murid`.`nama_murid`, `kelas`.`nama_kelas`
FROM `orang_tua`
JOIN `murid` ON `murid`.`id_murid` = `orang_tua`.`id_murid`
JOIN `kelas` ON `kelas`.`id_kelas` = `orang_tua`.`id_kelas`
ORDER BY `orang_tua`.`created_at` DESC', [], false)
 5 SYSTEMPATH\Model.php(253): CodeIgniter\Database\BaseBuilder->get()
 6 SYSTEMPATH\BaseModel.php(676): CodeIgniter\Model->doFindAll(0, 0)
 7 APPPATH\Controllers\OrangTua.php(39): CodeIgniter\BaseModel->findAll()
 8 SYSTEMPATH\CodeIgniter.php(951): App\Controllers\OrangTua->index()
 9 SYSTEMPATH\CodeIgniter.php(497): CodeIgniter\CodeIgniter->runController(Object(App\Controllers\OrangTua))
10 SYSTEMPATH\CodeIgniter.php(340): CodeIgniter\CodeIgniter->handleRequest(null, Object(Config\Cache), false)
11 SYSTEMPATH\Boot.php(417): CodeIgniter\CodeIgniter->run()
12 SYSTEMPATH\Boot.php(68): CodeIgniter\Boot::runCodeIgniter(Object(CodeIgniter\CodeIgniter))
13 FCPATH\index.php(59): CodeIgniter\Boot::bootWeb(Object(Config\Paths))
ERROR - 2026-05-20 07:45:08 --> Unknown column 'murid.id_murid' in 'on clause'
in SYSTEMPATH\Database\MySQLi\Connection.php on line 300.
 1 SYSTEMPATH\Database\MySQLi\Connection.php(300): mysqli->query('SELECT `orang_tua`.*, `murid`.`nama_murid`, `kelas`.`nama_kelas`
FROM `orang_tua`
JOIN `murid` ON `murid`.`id_murid` = `orang_tua`.`id_murid`
JOIN `kelas` ON `kelas`.`id_kelas` = `orang_tua`.`id_kelas`
ORDER BY `orang_tua`.`created_at` DESC', 0)
 2 SYSTEMPATH\Database\BaseConnection.php(910): CodeIgniter\Database\MySQLi\Connection->execute('SELECT `orang_tua`.*, `murid`.`nama_murid`, `kelas`.`nama_kelas`
FROM `orang_tua`
JOIN `murid` ON `murid`.`id_murid` = `orang_tua`.`id_murid`
JOIN `kelas` ON `kelas`.`id_kelas` = `orang_tua`.`id_kelas`
ORDER BY `orang_tua`.`created_at` DESC')
 3 SYSTEMPATH\Database\BaseConnection.php(827): CodeIgniter\Database\BaseConnection->simpleQuery('SELECT `orang_tua`.*, `murid`.`nama_murid`, `kelas`.`nama_kelas`
FROM `orang_tua`
JOIN `murid` ON `murid`.`id_murid` = `orang_tua`.`id_murid`
JOIN `kelas` ON `kelas`.`id_kelas` = `orang_tua`.`id_kelas`
ORDER BY `orang_tua`.`created_at` DESC')
 4 SYSTEMPATH\Database\BaseBuilder.php(1649): CodeIgniter\Database\BaseConnection->query('SELECT `orang_tua`.*, `murid`.`nama_murid`, `kelas`.`nama_kelas`
FROM `orang_tua`
JOIN `murid` ON `murid`.`id_murid` = `orang_tua`.`id_murid`
JOIN `kelas` ON `kelas`.`id_kelas` = `orang_tua`.`id_kelas`
ORDER BY `orang_tua`.`created_at` DESC', [], false)
 5 SYSTEMPATH\Model.php(253): CodeIgniter\Database\BaseBuilder->get()
 6 SYSTEMPATH\BaseModel.php(676): CodeIgniter\Model->doFindAll(0, 0)
 7 APPPATH\Controllers\OrangTua.php(39): CodeIgniter\BaseModel->findAll()
 8 SYSTEMPATH\CodeIgniter.php(951): App\Controllers\OrangTua->index()
 9 SYSTEMPATH\CodeIgniter.php(497): CodeIgniter\CodeIgniter->runController(Object(App\Controllers\OrangTua))
10 SYSTEMPATH\CodeIgniter.php(340): CodeIgniter\CodeIgniter->handleRequest(null, Object(Config\Cache), false)
11 SYSTEMPATH\Boot.php(417): CodeIgniter\CodeIgniter->run()
12 SYSTEMPATH\Boot.php(68): CodeIgniter\Boot::runCodeIgniter(Object(CodeIgniter\CodeIgniter))
13 FCPATH\index.php(59): CodeIgniter\Boot::bootWeb(Object(Config\Paths))
CRITICAL - 2026-05-20 07:45:08 --> CodeIgniter\Database\Exceptions\DatabaseException: Unknown column 'murid.id_murid' in 'on clause'
[Method: GET, Route: orang-tua]
in SYSTEMPATH\Database\BaseConnection.php on line 865.
 1 SYSTEMPATH\Database\BaseBuilder.php(1649): CodeIgniter\Database\BaseConnection->query('SELECT `orang_tua`.*, `murid`.`nama_murid`, `kelas`.`nama_kelas`
FROM `orang_tua`
JOIN `murid` ON `murid`.`id_murid` = `orang_tua`.`id_murid`
JOIN `kelas` ON `kelas`.`id_kelas` = `orang_tua`.`id_kelas`
ORDER BY `orang_tua`.`created_at` DESC', [], false)
 2 SYSTEMPATH\Model.php(253): CodeIgniter\Database\BaseBuilder->get()
 3 SYSTEMPATH\BaseModel.php(676): CodeIgniter\Model->doFindAll(0, 0)
 4 APPPATH\Controllers\OrangTua.php(39): CodeIgniter\BaseModel->findAll()
 5 SYSTEMPATH\CodeIgniter.php(951): App\Controllers\OrangTua->index()
 6 SYSTEMPATH\CodeIgniter.php(497): CodeIgniter\CodeIgniter->runController(Object(App\Controllers\OrangTua))
 7 SYSTEMPATH\CodeIgniter.php(340): CodeIgniter\CodeIgniter->handleRequest(null, Object(Config\Cache), false)
 8 SYSTEMPATH\Boot.php(417): CodeIgniter\CodeIgniter->run()
 9 SYSTEMPATH\Boot.php(68): CodeIgniter\Boot::runCodeIgniter(Object(CodeIgniter\CodeIgniter))
10 FCPATH\index.php(59): CodeIgniter\Boot::bootWeb(Object(Config\Paths))
CRITICAL - 2026-05-20 07:45:08 --> [Caused by] CodeIgniter\Database\Exceptions\DatabaseException: Unknown column 'murid.id_murid' in 'on clause'
in SYSTEMPATH\Database\MySQLi\Connection.php on line 310.
 1 SYSTEMPATH\Database\BaseConnection.php(910): CodeIgniter\Database\MySQLi\Connection->execute('SELECT `orang_tua`.*, `murid`.`nama_murid`, `kelas`.`nama_kelas`
FROM `orang_tua`
JOIN `murid` ON `murid`.`id_murid` = `orang_tua`.`id_murid`
JOIN `kelas` ON `kelas`.`id_kelas` = `orang_tua`.`id_kelas`
ORDER BY `orang_tua`.`created_at` DESC')
 2 SYSTEMPATH\Database\BaseConnection.php(827): CodeIgniter\Database\BaseConnection->simpleQuery('SELECT `orang_tua`.*, `murid`.`nama_murid`, `kelas`.`nama_kelas`
FROM `orang_tua`
JOIN `murid` ON `murid`.`id_murid` = `orang_tua`.`id_murid`
JOIN `kelas` ON `kelas`.`id_kelas` = `orang_tua`.`id_kelas`
ORDER BY `orang_tua`.`created_at` DESC')
 3 SYSTEMPATH\Database\BaseBuilder.php(1649): CodeIgniter\Database\BaseConnection->query('SELECT `orang_tua`.*, `murid`.`nama_murid`, `kelas`.`nama_kelas`
FROM `orang_tua`
JOIN `murid` ON `murid`.`id_murid` = `orang_tua`.`id_murid`
JOIN `kelas` ON `kelas`.`id_kelas` = `orang_tua`.`id_kelas`
ORDER BY `orang_tua`.`created_at` DESC', [], false)
 4 SYSTEMPATH\Model.php(253): CodeIgniter\Database\BaseBuilder->get()
 5 SYSTEMPATH\BaseModel.php(676): CodeIgniter\Model->doFindAll(0, 0)
 6 APPPATH\Controllers\OrangTua.php(39): CodeIgniter\BaseModel->findAll()
 7 SYSTEMPATH\CodeIgniter.php(951): App\Controllers\OrangTua->index()
 8 SYSTEMPATH\CodeIgniter.php(497): CodeIgniter\CodeIgniter->runController(Object(App\Controllers\OrangTua))
 9 SYSTEMPATH\CodeIgniter.php(340): CodeIgniter\CodeIgniter->handleRequest(null, Object(Config\Cache), false)
10 SYSTEMPATH\Boot.php(417): CodeIgniter\CodeIgniter->run()
11 SYSTEMPATH\Boot.php(68): CodeIgniter\Boot::runCodeIgniter(Object(CodeIgniter\CodeIgniter))
12 FCPATH\index.php(59): CodeIgniter\Boot::bootWeb(Object(Config\Paths))
CRITICAL - 2026-05-20 07:45:08 --> [Caused by] mysqli_sql_exception: Unknown column 'murid.id_murid' in 'on clause'
in SYSTEMPATH\Database\MySQLi\Connection.php on line 300.
 1 SYSTEMPATH\Database\MySQLi\Connection.php(300): mysqli->query('SELECT `orang_tua`.*, `murid`.`nama_murid`, `kelas`.`nama_kelas`
FROM `orang_tua`
JOIN `murid` ON `murid`.`id_murid` = `orang_tua`.`id_murid`
JOIN `kelas` ON `kelas`.`id_kelas` = `orang_tua`.`id_kelas`
ORDER BY `orang_tua`.`created_at` DESC', 0)
 2 SYSTEMPATH\Database\BaseConnection.php(910): CodeIgniter\Database\MySQLi\Connection->execute('SELECT `orang_tua`.*, `murid`.`nama_murid`, `kelas`.`nama_kelas`
FROM `orang_tua`
JOIN `murid` ON `murid`.`id_murid` = `orang_tua`.`id_murid`
JOIN `kelas` ON `kelas`.`id_kelas` = `orang_tua`.`id_kelas`
ORDER BY `orang_tua`.`created_at` DESC')
 3 SYSTEMPATH\Database\BaseConnection.php(827): CodeIgniter\Database\BaseConnection->simpleQuery('SELECT `orang_tua`.*, `murid`.`nama_murid`, `kelas`.`nama_kelas`
FROM `orang_tua`
JOIN `murid` ON `murid`.`id_murid` = `orang_tua`.`id_murid`
JOIN `kelas` ON `kelas`.`id_kelas` = `orang_tua`.`id_kelas`
ORDER BY `orang_tua`.`created_at` DESC')
 4 SYSTEMPATH\Database\BaseBuilder.php(1649): CodeIgniter\Database\BaseConnection->query('SELECT `orang_tua`.*, `murid`.`nama_murid`, `kelas`.`nama_kelas`
FROM `orang_tua`
JOIN `murid` ON `murid`.`id_murid` = `orang_tua`.`id_murid`
JOIN `kelas` ON `kelas`.`id_kelas` = `orang_tua`.`id_kelas`
ORDER BY `orang_tua`.`created_at` DESC', [], false)
 5 SYSTEMPATH\Model.php(253): CodeIgniter\Database\BaseBuilder->get()
 6 SYSTEMPATH\BaseModel.php(676): CodeIgniter\Model->doFindAll(0, 0)
 7 APPPATH\Controllers\OrangTua.php(39): CodeIgniter\BaseModel->findAll()
 8 SYSTEMPATH\CodeIgniter.php(951): App\Controllers\OrangTua->index()
 9 SYSTEMPATH\CodeIgniter.php(497): CodeIgniter\CodeIgniter->runController(Object(App\Controllers\OrangTua))
10 SYSTEMPATH\CodeIgniter.php(340): CodeIgniter\CodeIgniter->handleRequest(null, Object(Config\Cache), false)
11 SYSTEMPATH\Boot.php(417): CodeIgniter\CodeIgniter->run()
12 SYSTEMPATH\Boot.php(68): CodeIgniter\Boot::runCodeIgniter(Object(CodeIgniter\CodeIgniter))
13 FCPATH\index.php(59): CodeIgniter\Boot::bootWeb(Object(Config\Paths))
ERROR - 2026-05-20 07:45:09 --> Unknown column 'murid.id_murid' in 'on clause'
in SYSTEMPATH\Database\MySQLi\Connection.php on line 300.
 1 SYSTEMPATH\Database\MySQLi\Connection.php(300): mysqli->query('SELECT `orang_tua`.*, `murid`.`nama_murid`, `kelas`.`nama_kelas`
FROM `orang_tua`
JOIN `murid` ON `murid`.`id_murid` = `orang_tua`.`id_murid`
JOIN `kelas` ON `kelas`.`id_kelas` = `orang_tua`.`id_kelas`
ORDER BY `orang_tua`.`created_at` DESC', 0)
 2 SYSTEMPATH\Database\BaseConnection.php(910): CodeIgniter\Database\MySQLi\Connection->execute('SELECT `orang_tua`.*, `murid`.`nama_murid`, `kelas`.`nama_kelas`
FROM `orang_tua`
JOIN `murid` ON `murid`.`id_murid` = `orang_tua`.`id_murid`
JOIN `kelas` ON `kelas`.`id_kelas` = `orang_tua`.`id_kelas`
ORDER BY `orang_tua`.`created_at` DESC')
 3 SYSTEMPATH\Database\BaseConnection.php(827): CodeIgniter\Database\BaseConnection->simpleQuery('SELECT `orang_tua`.*, `murid`.`nama_murid`, `kelas`.`nama_kelas`
FROM `orang_tua`
JOIN `murid` ON `murid`.`id_murid` = `orang_tua`.`id_murid`
JOIN `kelas` ON `kelas`.`id_kelas` = `orang_tua`.`id_kelas`
ORDER BY `orang_tua`.`created_at` DESC')
 4 SYSTEMPATH\Database\BaseBuilder.php(1649): CodeIgniter\Database\BaseConnection->query('SELECT `orang_tua`.*, `murid`.`nama_murid`, `kelas`.`nama_kelas`
FROM `orang_tua`
JOIN `murid` ON `murid`.`id_murid` = `orang_tua`.`id_murid`
JOIN `kelas` ON `kelas`.`id_kelas` = `orang_tua`.`id_kelas`
ORDER BY `orang_tua`.`created_at` DESC', [], false)
 5 SYSTEMPATH\Model.php(253): CodeIgniter\Database\BaseBuilder->get()
 6 SYSTEMPATH\BaseModel.php(676): CodeIgniter\Model->doFindAll(0, 0)
 7 APPPATH\Controllers\OrangTua.php(39): CodeIgniter\BaseModel->findAll()
 8 SYSTEMPATH\CodeIgniter.php(951): App\Controllers\OrangTua->index()
 9 SYSTEMPATH\CodeIgniter.php(497): CodeIgniter\CodeIgniter->runController(Object(App\Controllers\OrangTua))
10 SYSTEMPATH\CodeIgniter.php(340): CodeIgniter\CodeIgniter->handleRequest(null, Object(Config\Cache), false)
11 SYSTEMPATH\Boot.php(417): CodeIgniter\CodeIgniter->run()
12 SYSTEMPATH\Boot.php(68): CodeIgniter\Boot::runCodeIgniter(Object(CodeIgniter\CodeIgniter))
13 FCPATH\index.php(59): CodeIgniter\Boot::bootWeb(Object(Config\Paths))
CRITICAL - 2026-05-20 07:45:09 --> CodeIgniter\Database\Exceptions\DatabaseException: Unknown column 'murid.id_murid' in 'on clause'
[Method: GET, Route: orang-tua]
in SYSTEMPATH\Database\BaseConnection.php on line 865.
 1 SYSTEMPATH\Database\BaseBuilder.php(1649): CodeIgniter\Database\BaseConnection->query('SELECT `orang_tua`.*, `murid`.`nama_murid`, `kelas`.`nama_kelas`
FROM `orang_tua`
JOIN `murid` ON `murid`.`id_murid` = `orang_tua`.`id_murid`
JOIN `kelas` ON `kelas`.`id_kelas` = `orang_tua`.`id_kelas`
ORDER BY `orang_tua`.`created_at` DESC', [], false)
 2 SYSTEMPATH\Model.php(253): CodeIgniter\Database\BaseBuilder->get()
 3 SYSTEMPATH\BaseModel.php(676): CodeIgniter\Model->doFindAll(0, 0)
 4 APPPATH\Controllers\OrangTua.php(39): CodeIgniter\BaseModel->findAll()
 5 SYSTEMPATH\CodeIgniter.php(951): App\Controllers\OrangTua->index()
 6 SYSTEMPATH\CodeIgniter.php(497): CodeIgniter\CodeIgniter->runController(Object(App\Controllers\OrangTua))
 7 SYSTEMPATH\CodeIgniter.php(340): CodeIgniter\CodeIgniter->handleRequest(null, Object(Config\Cache), false)
 8 SYSTEMPATH\Boot.php(417): CodeIgniter\CodeIgniter->run()
 9 SYSTEMPATH\Boot.php(68): CodeIgniter\Boot::runCodeIgniter(Object(CodeIgniter\CodeIgniter))
10 FCPATH\index.php(59): CodeIgniter\Boot::bootWeb(Object(Config\Paths))
CRITICAL - 2026-05-20 07:45:09 --> [Caused by] CodeIgniter\Database\Exceptions\DatabaseException: Unknown column 'murid.id_murid' in 'on clause'
in SYSTEMPATH\Database\MySQLi\Connection.php on line 310.
 1 SYSTEMPATH\Database\BaseConnection.php(910): CodeIgniter\Database\MySQLi\Connection->execute('SELECT `orang_tua`.*, `murid`.`nama_murid`, `kelas`.`nama_kelas`
FROM `orang_tua`
JOIN `murid` ON `murid`.`id_murid` = `orang_tua`.`id_murid`
JOIN `kelas` ON `kelas`.`id_kelas` = `orang_tua`.`id_kelas`
ORDER BY `orang_tua`.`created_at` DESC')
 2 SYSTEMPATH\Database\BaseConnection.php(827): CodeIgniter\Database\BaseConnection->simpleQuery('SELECT `orang_tua`.*, `murid`.`nama_murid`, `kelas`.`nama_kelas`
FROM `orang_tua`
JOIN `murid` ON `murid`.`id_murid` = `orang_tua`.`id_murid`
JOIN `kelas` ON `kelas`.`id_kelas` = `orang_tua`.`id_kelas`
ORDER BY `orang_tua`.`created_at` DESC')
 3 SYSTEMPATH\Database\BaseBuilder.php(1649): CodeIgniter\Database\BaseConnection->query('SELECT `orang_tua`.*, `murid`.`nama_murid`, `kelas`.`nama_kelas`
FROM `orang_tua`
JOIN `murid` ON `murid`.`id_murid` = `orang_tua`.`id_murid`
JOIN `kelas` ON `kelas`.`id_kelas` = `orang_tua`.`id_kelas`
ORDER BY `orang_tua`.`created_at` DESC', [], false)
 4 SYSTEMPATH\Model.php(253): CodeIgniter\Database\BaseBuilder->get()
 5 SYSTEMPATH\BaseModel.php(676): CodeIgniter\Model->doFindAll(0, 0)
 6 APPPATH\Controllers\OrangTua.php(39): CodeIgniter\BaseModel->findAll()
 7 SYSTEMPATH\CodeIgniter.php(951): App\Controllers\OrangTua->index()
 8 SYSTEMPATH\CodeIgniter.php(497): CodeIgniter\CodeIgniter->runController(Object(App\Controllers\OrangTua))
 9 SYSTEMPATH\CodeIgniter.php(340): CodeIgniter\CodeIgniter->handleRequest(null, Object(Config\Cache), false)
10 SYSTEMPATH\Boot.php(417): CodeIgniter\CodeIgniter->run()
11 SYSTEMPATH\Boot.php(68): CodeIgniter\Boot::runCodeIgniter(Object(CodeIgniter\CodeIgniter))
12 FCPATH\index.php(59): CodeIgniter\Boot::bootWeb(Object(Config\Paths))
CRITICAL - 2026-05-20 07:45:09 --> [Caused by] mysqli_sql_exception: Unknown column 'murid.id_murid' in 'on clause'
in SYSTEMPATH\Database\MySQLi\Connection.php on line 300.
 1 SYSTEMPATH\Database\MySQLi\Connection.php(300): mysqli->query('SELECT `orang_tua`.*, `murid`.`nama_murid`, `kelas`.`nama_kelas`
FROM `orang_tua`
JOIN `murid` ON `murid`.`id_murid` = `orang_tua`.`id_murid`
JOIN `kelas` ON `kelas`.`id_kelas` = `orang_tua`.`id_kelas`
ORDER BY `orang_tua`.`created_at` DESC', 0)
 2 SYSTEMPATH\Database\BaseConnection.php(910): CodeIgniter\Database\MySQLi\Connection->execute('SELECT `orang_tua`.*, `murid`.`nama_murid`, `kelas`.`nama_kelas`
FROM `orang_tua`
JOIN `murid` ON `murid`.`id_murid` = `orang_tua`.`id_murid`
JOIN `kelas` ON `kelas`.`id_kelas` = `orang_tua`.`id_kelas`
ORDER BY `orang_tua`.`created_at` DESC')
 3 SYSTEMPATH\Database\BaseConnection.php(827): CodeIgniter\Database\BaseConnection->simpleQuery('SELECT `orang_tua`.*, `murid`.`nama_murid`, `kelas`.`nama_kelas`
FROM `orang_tua`
JOIN `murid` ON `murid`.`id_murid` = `orang_tua`.`id_murid`
JOIN `kelas` ON `kelas`.`id_kelas` = `orang_tua`.`id_kelas`
ORDER BY `orang_tua`.`created_at` DESC')
 4 SYSTEMPATH\Database\BaseBuilder.php(1649): CodeIgniter\Database\BaseConnection->query('SELECT `orang_tua`.*, `murid`.`nama_murid`, `kelas`.`nama_kelas`
FROM `orang_tua`
JOIN `murid` ON `murid`.`id_murid` = `orang_tua`.`id_murid`
JOIN `kelas` ON `kelas`.`id_kelas` = `orang_tua`.`id_kelas`
ORDER BY `orang_tua`.`created_at` DESC', [], false)
 5 SYSTEMPATH\Model.php(253): CodeIgniter\Database\BaseBuilder->get()
 6 SYSTEMPATH\BaseModel.php(676): CodeIgniter\Model->doFindAll(0, 0)
 7 APPPATH\Controllers\OrangTua.php(39): CodeIgniter\BaseModel->findAll()
 8 SYSTEMPATH\CodeIgniter.php(951): App\Controllers\OrangTua->index()
 9 SYSTEMPATH\CodeIgniter.php(497): CodeIgniter\CodeIgniter->runController(Object(App\Controllers\OrangTua))
10 SYSTEMPATH\CodeIgniter.php(340): CodeIgniter\CodeIgniter->handleRequest(null, Object(Config\Cache), false)
11 SYSTEMPATH\Boot.php(417): CodeIgniter\CodeIgniter->run()
12 SYSTEMPATH\Boot.php(68): CodeIgniter\Boot::runCodeIgniter(Object(CodeIgniter\CodeIgniter))
13 FCPATH\index.php(59): CodeIgniter\Boot::bootWeb(Object(Config\Paths))
ERROR - 2026-05-20 07:45:09 --> Unknown column 'murid.id_murid' in 'on clause'
in SYSTEMPATH\Database\MySQLi\Connection.php on line 300.
 1 SYSTEMPATH\Database\MySQLi\Connection.php(300): mysqli->query('SELECT `orang_tua`.*, `murid`.`nama_murid`, `kelas`.`nama_kelas`
FROM `orang_tua`
JOIN `murid` ON `murid`.`id_murid` = `orang_tua`.`id_murid`
JOIN `kelas` ON `kelas`.`id_kelas` = `orang_tua`.`id_kelas`
ORDER BY `orang_tua`.`created_at` DESC', 0)
 2 SYSTEMPATH\Database\BaseConnection.php(910): CodeIgniter\Database\MySQLi\Connection->execute('SELECT `orang_tua`.*, `murid`.`nama_murid`, `kelas`.`nama_kelas`
FROM `orang_tua`
JOIN `murid` ON `murid`.`id_murid` = `orang_tua`.`id_murid`
JOIN `kelas` ON `kelas`.`id_kelas` = `orang_tua`.`id_kelas`
ORDER BY `orang_tua`.`created_at` DESC')
 3 SYSTEMPATH\Database\BaseConnection.php(827): CodeIgniter\Database\BaseConnection->simpleQuery('SELECT `orang_tua`.*, `murid`.`nama_murid`, `kelas`.`nama_kelas`
FROM `orang_tua`
JOIN `murid` ON `murid`.`id_murid` = `orang_tua`.`id_murid`
JOIN `kelas` ON `kelas`.`id_kelas` = `orang_tua`.`id_kelas`
ORDER BY `orang_tua`.`created_at` DESC')
 4 SYSTEMPATH\Database\BaseBuilder.php(1649): CodeIgniter\Database\BaseConnection->query('SELECT `orang_tua`.*, `murid`.`nama_murid`, `kelas`.`nama_kelas`
FROM `orang_tua`
JOIN `murid` ON `murid`.`id_murid` = `orang_tua`.`id_murid`
JOIN `kelas` ON `kelas`.`id_kelas` = `orang_tua`.`id_kelas`
ORDER BY `orang_tua`.`created_at` DESC', [], false)
 5 SYSTEMPATH\Model.php(253): CodeIgniter\Database\BaseBuilder->get()
 6 SYSTEMPATH\BaseModel.php(676): CodeIgniter\Model->doFindAll(0, 0)
 7 APPPATH\Controllers\OrangTua.php(39): CodeIgniter\BaseModel->findAll()
 8 SYSTEMPATH\CodeIgniter.php(951): App\Controllers\OrangTua->index()
 9 SYSTEMPATH\CodeIgniter.php(497): CodeIgniter\CodeIgniter->runController(Object(App\Controllers\OrangTua))
10 SYSTEMPATH\CodeIgniter.php(340): CodeIgniter\CodeIgniter->handleRequest(null, Object(Config\Cache), false)
11 SYSTEMPATH\Boot.php(417): CodeIgniter\CodeIgniter->run()
12 SYSTEMPATH\Boot.php(68): CodeIgniter\Boot::runCodeIgniter(Object(CodeIgniter\CodeIgniter))
13 FCPATH\index.php(59): CodeIgniter\Boot::bootWeb(Object(Config\Paths))
CRITICAL - 2026-05-20 07:45:09 --> CodeIgniter\Database\Exceptions\DatabaseException: Unknown column 'murid.id_murid' in 'on clause'
[Method: GET, Route: orang-tua]
in SYSTEMPATH\Database\BaseConnection.php on line 865.
 1 SYSTEMPATH\Database\BaseBuilder.php(1649): CodeIgniter\Database\BaseConnection->query('SELECT `orang_tua`.*, `murid`.`nama_murid`, `kelas`.`nama_kelas`
FROM `orang_tua`
JOIN `murid` ON `murid`.`id_murid` = `orang_tua`.`id_murid`
JOIN `kelas` ON `kelas`.`id_kelas` = `orang_tua`.`id_kelas`
ORDER BY `orang_tua`.`created_at` DESC', [], false)
 2 SYSTEMPATH\Model.php(253): CodeIgniter\Database\BaseBuilder->get()
 3 SYSTEMPATH\BaseModel.php(676): CodeIgniter\Model->doFindAll(0, 0)
 4 APPPATH\Controllers\OrangTua.php(39): CodeIgniter\BaseModel->findAll()
 5 SYSTEMPATH\CodeIgniter.php(951): App\Controllers\OrangTua->index()
 6 SYSTEMPATH\CodeIgniter.php(497): CodeIgniter\CodeIgniter->runController(Object(App\Controllers\OrangTua))
 7 SYSTEMPATH\CodeIgniter.php(340): CodeIgniter\CodeIgniter->handleRequest(null, Object(Config\Cache), false)
 8 SYSTEMPATH\Boot.php(417): CodeIgniter\CodeIgniter->run()
 9 SYSTEMPATH\Boot.php(68): CodeIgniter\Boot::runCodeIgniter(Object(CodeIgniter\CodeIgniter))
10 FCPATH\index.php(59): CodeIgniter\Boot::bootWeb(Object(Config\Paths))
CRITICAL - 2026-05-20 07:45:09 --> [Caused by] CodeIgniter\Database\Exceptions\DatabaseException: Unknown column 'murid.id_murid' in 'on clause'
in SYSTEMPATH\Database\MySQLi\Connection.php on line 310.
 1 SYSTEMPATH\Database\BaseConnection.php(910): CodeIgniter\Database\MySQLi\Connection->execute('SELECT `orang_tua`.*, `murid`.`nama_murid`, `kelas`.`nama_kelas`
FROM `orang_tua`
JOIN `murid` ON `murid`.`id_murid` = `orang_tua`.`id_murid`
JOIN `kelas` ON `kelas`.`id_kelas` = `orang_tua`.`id_kelas`
ORDER BY `orang_tua`.`created_at` DESC')
 2 SYSTEMPATH\Database\BaseConnection.php(827): CodeIgniter\Database\BaseConnection->simpleQuery('SELECT `orang_tua`.*, `murid`.`nama_murid`, `kelas`.`nama_kelas`
FROM `orang_tua`
JOIN `murid` ON `murid`.`id_murid` = `orang_tua`.`id_murid`
JOIN `kelas` ON `kelas`.`id_kelas` = `orang_tua`.`id_kelas`
ORDER BY `orang_tua`.`created_at` DESC')
 3 SYSTEMPATH\Database\BaseBuilder.php(1649): CodeIgniter\Database\BaseConnection->query('SELECT `orang_tua`.*, `murid`.`nama_murid`, `kelas`.`nama_kelas`
FROM `orang_tua`
JOIN `murid` ON `murid`.`id_murid` = `orang_tua`.`id_murid`
JOIN `kelas` ON `kelas`.`id_kelas` = `orang_tua`.`id_kelas`
ORDER BY `orang_tua`.`created_at` DESC', [], false)
 4 SYSTEMPATH\Model.php(253): CodeIgniter\Database\BaseBuilder->get()
 5 SYSTEMPATH\BaseModel.php(676): CodeIgniter\Model->doFindAll(0, 0)
 6 APPPATH\Controllers\OrangTua.php(39): CodeIgniter\BaseModel->findAll()
 7 SYSTEMPATH\CodeIgniter.php(951): App\Controllers\OrangTua->index()
 8 SYSTEMPATH\CodeIgniter.php(497): CodeIgniter\CodeIgniter->runController(Object(App\Controllers\OrangTua))
 9 SYSTEMPATH\CodeIgniter.php(340): CodeIgniter\CodeIgniter->handleRequest(null, Object(Config\Cache), false)
10 SYSTEMPATH\Boot.php(417): CodeIgniter\CodeIgniter->run()
11 SYSTEMPATH\Boot.php(68): CodeIgniter\Boot::runCodeIgniter(Object(CodeIgniter\CodeIgniter))
12 FCPATH\index.php(59): CodeIgniter\Boot::bootWeb(Object(Config\Paths))
CRITICAL - 2026-05-20 07:45:09 --> [Caused by] mysqli_sql_exception: Unknown column 'murid.id_murid' in 'on clause'
in SYSTEMPATH\Database\MySQLi\Connection.php on line 300.
 1 SYSTEMPATH\Database\MySQLi\Connection.php(300): mysqli->query('SELECT `orang_tua`.*, `murid`.`nama_murid`, `kelas`.`nama_kelas`
FROM `orang_tua`
JOIN `murid` ON `murid`.`id_murid` = `orang_tua`.`id_murid`
JOIN `kelas` ON `kelas`.`id_kelas` = `orang_tua`.`id_kelas`
ORDER BY `orang_tua`.`created_at` DESC', 0)
 2 SYSTEMPATH\Database\BaseConnection.php(910): CodeIgniter\Database\MySQLi\Connection->execute('SELECT `orang_tua`.*, `murid`.`nama_murid`, `kelas`.`nama_kelas`
FROM `orang_tua`
JOIN `murid` ON `murid`.`id_murid` = `orang_tua`.`id_murid`
JOIN `kelas` ON `kelas`.`id_kelas` = `orang_tua`.`id_kelas`
ORDER BY `orang_tua`.`created_at` DESC')
 3 SYSTEMPATH\Database\BaseConnection.php(827): CodeIgniter\Database\BaseConnection->simpleQuery('SELECT `orang_tua`.*, `murid`.`nama_murid`, `kelas`.`nama_kelas`
FROM `orang_tua`
JOIN `murid` ON `murid`.`id_murid` = `orang_tua`.`id_murid`
JOIN `kelas` ON `kelas`.`id_kelas` = `orang_tua`.`id_kelas`
ORDER BY `orang_tua`.`created_at` DESC')
 4 SYSTEMPATH\Database\BaseBuilder.php(1649): CodeIgniter\Database\BaseConnection->query('SELECT `orang_tua`.*, `murid`.`nama_murid`, `kelas`.`nama_kelas`
FROM `orang_tua`
JOIN `murid` ON `murid`.`id_murid` = `orang_tua`.`id_murid`
JOIN `kelas` ON `kelas`.`id_kelas` = `orang_tua`.`id_kelas`
ORDER BY `orang_tua`.`created_at` DESC', [], false)
 5 SYSTEMPATH\Model.php(253): CodeIgniter\Database\BaseBuilder->get()
 6 SYSTEMPATH\BaseModel.php(676): CodeIgniter\Model->doFindAll(0, 0)
 7 APPPATH\Controllers\OrangTua.php(39): CodeIgniter\BaseModel->findAll()
 8 SYSTEMPATH\CodeIgniter.php(951): App\Controllers\OrangTua->index()
 9 SYSTEMPATH\CodeIgniter.php(497): CodeIgniter\CodeIgniter->runController(Object(App\Controllers\OrangTua))
10 SYSTEMPATH\CodeIgniter.php(340): CodeIgniter\CodeIgniter->handleRequest(null, Object(Config\Cache), false)
11 SYSTEMPATH\Boot.php(417): CodeIgniter\CodeIgniter->run()
12 SYSTEMPATH\Boot.php(68): CodeIgniter\Boot::runCodeIgniter(Object(CodeIgniter\CodeIgniter))
13 FCPATH\index.php(59): CodeIgniter\Boot::bootWeb(Object(Config\Paths))
ERROR - 2026-05-20 07:45:09 --> Unknown column 'murid.id_murid' in 'on clause'
in SYSTEMPATH\Database\MySQLi\Connection.php on line 300.
 1 SYSTEMPATH\Database\MySQLi\Connection.php(300): mysqli->query('SELECT `orang_tua`.*, `murid`.`nama_murid`, `kelas`.`nama_kelas`
FROM `orang_tua`
JOIN `murid` ON `murid`.`id_murid` = `orang_tua`.`id_murid`
JOIN `kelas` ON `kelas`.`id_kelas` = `orang_tua`.`id_kelas`
ORDER BY `orang_tua`.`created_at` DESC', 0)
 2 SYSTEMPATH\Database\BaseConnection.php(910): CodeIgniter\Database\MySQLi\Connection->execute('SELECT `orang_tua`.*, `murid`.`nama_murid`, `kelas`.`nama_kelas`
FROM `orang_tua`
JOIN `murid` ON `murid`.`id_murid` = `orang_tua`.`id_murid`
JOIN `kelas` ON `kelas`.`id_kelas` = `orang_tua`.`id_kelas`
ORDER BY `orang_tua`.`created_at` DESC')
 3 SYSTEMPATH\Database\BaseConnection.php(827): CodeIgniter\Database\BaseConnection->simpleQuery('SELECT `orang_tua`.*, `murid`.`nama_murid`, `kelas`.`nama_kelas`
FROM `orang_tua`
JOIN `murid` ON `murid`.`id_murid` = `orang_tua`.`id_murid`
JOIN `kelas` ON `kelas`.`id_kelas` = `orang_tua`.`id_kelas`
ORDER BY `orang_tua`.`created_at` DESC')
 4 SYSTEMPATH\Database\BaseBuilder.php(1649): CodeIgniter\Database\BaseConnection->query('SELECT `orang_tua`.*, `murid`.`nama_murid`, `kelas`.`nama_kelas`
FROM `orang_tua`
JOIN `murid` ON `murid`.`id_murid` = `orang_tua`.`id_murid`
JOIN `kelas` ON `kelas`.`id_kelas` = `orang_tua`.`id_kelas`
ORDER BY `orang_tua`.`created_at` DESC', [], false)
 5 SYSTEMPATH\Model.php(253): CodeIgniter\Database\BaseBuilder->get()
 6 SYSTEMPATH\BaseModel.php(676): CodeIgniter\Model->doFindAll(0, 0)
 7 APPPATH\Controllers\OrangTua.php(39): CodeIgniter\BaseModel->findAll()
 8 SYSTEMPATH\CodeIgniter.php(951): App\Controllers\OrangTua->index()
 9 SYSTEMPATH\CodeIgniter.php(497): CodeIgniter\CodeIgniter->runController(Object(App\Controllers\OrangTua))
10 SYSTEMPATH\CodeIgniter.php(340): CodeIgniter\CodeIgniter->handleRequest(null, Object(Config\Cache), false)
11 SYSTEMPATH\Boot.php(417): CodeIgniter\CodeIgniter->run()
12 SYSTEMPATH\Boot.php(68): CodeIgniter\Boot::runCodeIgniter(Object(CodeIgniter\CodeIgniter))
13 FCPATH\index.php(59): CodeIgniter\Boot::bootWeb(Object(Config\Paths))
CRITICAL - 2026-05-20 07:45:09 --> CodeIgniter\Database\Exceptions\DatabaseException: Unknown column 'murid.id_murid' in 'on clause'
[Method: GET, Route: orang-tua]
in SYSTEMPATH\Database\BaseConnection.php on line 865.
 1 SYSTEMPATH\Database\BaseBuilder.php(1649): CodeIgniter\Database\BaseConnection->query('SELECT `orang_tua`.*, `murid`.`nama_murid`, `kelas`.`nama_kelas`
FROM `orang_tua`
JOIN `murid` ON `murid`.`id_murid` = `orang_tua`.`id_murid`
JOIN `kelas` ON `kelas`.`id_kelas` = `orang_tua`.`id_kelas`
ORDER BY `orang_tua`.`created_at` DESC', [], false)
 2 SYSTEMPATH\Model.php(253): CodeIgniter\Database\BaseBuilder->get()
 3 SYSTEMPATH\BaseModel.php(676): CodeIgniter\Model->doFindAll(0, 0)
 4 APPPATH\Controllers\OrangTua.php(39): CodeIgniter\BaseModel->findAll()
 5 SYSTEMPATH\CodeIgniter.php(951): App\Controllers\OrangTua->index()
 6 SYSTEMPATH\CodeIgniter.php(497): CodeIgniter\CodeIgniter->runController(Object(App\Controllers\OrangTua))
 7 SYSTEMPATH\CodeIgniter.php(340): CodeIgniter\CodeIgniter->handleRequest(null, Object(Config\Cache), false)
 8 SYSTEMPATH\Boot.php(417): CodeIgniter\CodeIgniter->run()
 9 SYSTEMPATH\Boot.php(68): CodeIgniter\Boot::runCodeIgniter(Object(CodeIgniter\CodeIgniter))
10 FCPATH\index.php(59): CodeIgniter\Boot::bootWeb(Object(Config\Paths))
CRITICAL - 2026-05-20 07:45:09 --> [Caused by] CodeIgniter\Database\Exceptions\DatabaseException: Unknown column 'murid.id_murid' in 'on clause'
in SYSTEMPATH\Database\MySQLi\Connection.php on line 310.
 1 SYSTEMPATH\Database\BaseConnection.php(910): CodeIgniter\Database\MySQLi\Connection->execute('SELECT `orang_tua`.*, `murid`.`nama_murid`, `kelas`.`nama_kelas`
FROM `orang_tua`
JOIN `murid` ON `murid`.`id_murid` = `orang_tua`.`id_murid`
JOIN `kelas` ON `kelas`.`id_kelas` = `orang_tua`.`id_kelas`
ORDER BY `orang_tua`.`created_at` DESC')
 2 SYSTEMPATH\Database\BaseConnection.php(827): CodeIgniter\Database\BaseConnection->simpleQuery('SELECT `orang_tua`.*, `murid`.`nama_murid`, `kelas`.`nama_kelas`
FROM `orang_tua`
JOIN `murid` ON `murid`.`id_murid` = `orang_tua`.`id_murid`
JOIN `kelas` ON `kelas`.`id_kelas` = `orang_tua`.`id_kelas`
ORDER BY `orang_tua`.`created_at` DESC')
 3 SYSTEMPATH\Database\BaseBuilder.php(1649): CodeIgniter\Database\BaseConnection->query('SELECT `orang_tua`.*, `murid`.`nama_murid`, `kelas`.`nama_kelas`
FROM `orang_tua`
JOIN `murid` ON `murid`.`id_murid` = `orang_tua`.`id_murid`
JOIN `kelas` ON `kelas`.`id_kelas` = `orang_tua`.`id_kelas`
ORDER BY `orang_tua`.`created_at` DESC', [], false)
 4 SYSTEMPATH\Model.php(253): CodeIgniter\Database\BaseBuilder->get()
 5 SYSTEMPATH\BaseModel.php(676): CodeIgniter\Model->doFindAll(0, 0)
 6 APPPATH\Controllers\OrangTua.php(39): CodeIgniter\BaseModel->findAll()
 7 SYSTEMPATH\CodeIgniter.php(951): App\Controllers\OrangTua->index()
 8 SYSTEMPATH\CodeIgniter.php(497): CodeIgniter\CodeIgniter->runController(Object(App\Controllers\OrangTua))
 9 SYSTEMPATH\CodeIgniter.php(340): CodeIgniter\CodeIgniter->handleRequest(null, Object(Config\Cache), false)
10 SYSTEMPATH\Boot.php(417): CodeIgniter\CodeIgniter->run()
11 SYSTEMPATH\Boot.php(68): CodeIgniter\Boot::runCodeIgniter(Object(CodeIgniter\CodeIgniter))
12 FCPATH\index.php(59): CodeIgniter\Boot::bootWeb(Object(Config\Paths))
CRITICAL - 2026-05-20 07:45:09 --> [Caused by] mysqli_sql_exception: Unknown column 'murid.id_murid' in 'on clause'
in SYSTEMPATH\Database\MySQLi\Connection.php on line 300.
 1 SYSTEMPATH\Database\MySQLi\Connection.php(300): mysqli->query('SELECT `orang_tua`.*, `murid`.`nama_murid`, `kelas`.`nama_kelas`
FROM `orang_tua`
JOIN `murid` ON `murid`.`id_murid` = `orang_tua`.`id_murid`
JOIN `kelas` ON `kelas`.`id_kelas` = `orang_tua`.`id_kelas`
ORDER BY `orang_tua`.`created_at` DESC', 0)
 2 SYSTEMPATH\Database\BaseConnection.php(910): CodeIgniter\Database\MySQLi\Connection->execute('SELECT `orang_tua`.*, `murid`.`nama_murid`, `kelas`.`nama_kelas`
FROM `orang_tua`
JOIN `murid` ON `murid`.`id_murid` = `orang_tua`.`id_murid`
JOIN `kelas` ON `kelas`.`id_kelas` = `orang_tua`.`id_kelas`
ORDER BY `orang_tua`.`created_at` DESC')
 3 SYSTEMPATH\Database\BaseConnection.php(827): CodeIgniter\Database\BaseConnection->simpleQuery('SELECT `orang_tua`.*, `murid`.`nama_murid`, `kelas`.`nama_kelas`
FROM `orang_tua`
JOIN `murid` ON `murid`.`id_murid` = `orang_tua`.`id_murid`
JOIN `kelas` ON `kelas`.`id_kelas` = `orang_tua`.`id_kelas`
ORDER BY `orang_tua`.`created_at` DESC')
 4 SYSTEMPATH\Database\BaseBuilder.php(1649): CodeIgniter\Database\BaseConnection->query('SELECT `orang_tua`.*, `murid`.`nama_murid`, `kelas`.`nama_kelas`
FROM `orang_tua`
JOIN `murid` ON `murid`.`id_murid` = `orang_tua`.`id_murid`
JOIN `kelas` ON `kelas`.`id_kelas` = `orang_tua`.`id_kelas`
ORDER BY `orang_tua`.`created_at` DESC', [], false)
 5 SYSTEMPATH\Model.php(253): CodeIgniter\Database\BaseBuilder->get()
 6 SYSTEMPATH\BaseModel.php(676): CodeIgniter\Model->doFindAll(0, 0)
 7 APPPATH\Controllers\OrangTua.php(39): CodeIgniter\BaseModel->findAll()
 8 SYSTEMPATH\CodeIgniter.php(951): App\Controllers\OrangTua->index()
 9 SYSTEMPATH\CodeIgniter.php(497): CodeIgniter\CodeIgniter->runController(Object(App\Controllers\OrangTua))
10 SYSTEMPATH\CodeIgniter.php(340): CodeIgniter\CodeIgniter->handleRequest(null, Object(Config\Cache), false)
11 SYSTEMPATH\Boot.php(417): CodeIgniter\CodeIgniter->run()
12 SYSTEMPATH\Boot.php(68): CodeIgniter\Boot::runCodeIgniter(Object(CodeIgniter\CodeIgniter))
13 FCPATH\index.php(59): CodeIgniter\Boot::bootWeb(Object(Config\Paths))
ERROR - 2026-05-20 07:45:09 --> Unknown column 'murid.id_murid' in 'on clause'
in SYSTEMPATH\Database\MySQLi\Connection.php on line 300.
 1 SYSTEMPATH\Database\MySQLi\Connection.php(300): mysqli->query('SELECT `orang_tua`.*, `murid`.`nama_murid`, `kelas`.`nama_kelas`
FROM `orang_tua`
JOIN `murid` ON `murid`.`id_murid` = `orang_tua`.`id_murid`
JOIN `kelas` ON `kelas`.`id_kelas` = `orang_tua`.`id_kelas`
ORDER BY `orang_tua`.`created_at` DESC', 0)
 2 SYSTEMPATH\Database\BaseConnection.php(910): CodeIgniter\Database\MySQLi\Connection->execute('SELECT `orang_tua`.*, `murid`.`nama_murid`, `kelas`.`nama_kelas`
FROM `orang_tua`
JOIN `murid` ON `murid`.`id_murid` = `orang_tua`.`id_murid`
JOIN `kelas` ON `kelas`.`id_kelas` = `orang_tua`.`id_kelas`
ORDER BY `orang_tua`.`created_at` DESC')
 3 SYSTEMPATH\Database\BaseConnection.php(827): CodeIgniter\Database\BaseConnection->simpleQuery('SELECT `orang_tua`.*, `murid`.`nama_murid`, `kelas`.`nama_kelas`
FROM `orang_tua`
JOIN `murid` ON `murid`.`id_murid` = `orang_tua`.`id_murid`
JOIN `kelas` ON `kelas`.`id_kelas` = `orang_tua`.`id_kelas`
ORDER BY `orang_tua`.`created_at` DESC')
 4 SYSTEMPATH\Database\BaseBuilder.php(1649): CodeIgniter\Database\BaseConnection->query('SELECT `orang_tua`.*, `murid`.`nama_murid`, `kelas`.`nama_kelas`
FROM `orang_tua`
JOIN `murid` ON `murid`.`id_murid` = `orang_tua`.`id_murid`
JOIN `kelas` ON `kelas`.`id_kelas` = `orang_tua`.`id_kelas`
ORDER BY `orang_tua`.`created_at` DESC', [], false)
 5 SYSTEMPATH\Model.php(253): CodeIgniter\Database\BaseBuilder->get()
 6 SYSTEMPATH\BaseModel.php(676): CodeIgniter\Model->doFindAll(0, 0)
 7 APPPATH\Controllers\OrangTua.php(39): CodeIgniter\BaseModel->findAll()
 8 SYSTEMPATH\CodeIgniter.php(951): App\Controllers\OrangTua->index()
 9 SYSTEMPATH\CodeIgniter.php(497): CodeIgniter\CodeIgniter->runController(Object(App\Controllers\OrangTua))
10 SYSTEMPATH\CodeIgniter.php(340): CodeIgniter\CodeIgniter->handleRequest(null, Object(Config\Cache), false)
11 SYSTEMPATH\Boot.php(417): CodeIgniter\CodeIgniter->run()
12 SYSTEMPATH\Boot.php(68): CodeIgniter\Boot::runCodeIgniter(Object(CodeIgniter\CodeIgniter))
13 FCPATH\index.php(59): CodeIgniter\Boot::bootWeb(Object(Config\Paths))
CRITICAL - 2026-05-20 07:45:09 --> CodeIgniter\Database\Exceptions\DatabaseException: Unknown column 'murid.id_murid' in 'on clause'
[Method: GET, Route: orang-tua]
in SYSTEMPATH\Database\BaseConnection.php on line 865.
 1 SYSTEMPATH\Database\BaseBuilder.php(1649): CodeIgniter\Database\BaseConnection->query('SELECT `orang_tua`.*, `murid`.`nama_murid`, `kelas`.`nama_kelas`
FROM `orang_tua`
JOIN `murid` ON `murid`.`id_murid` = `orang_tua`.`id_murid`
JOIN `kelas` ON `kelas`.`id_kelas` = `orang_tua`.`id_kelas`
ORDER BY `orang_tua`.`created_at` DESC', [], false)
 2 SYSTEMPATH\Model.php(253): CodeIgniter\Database\BaseBuilder->get()
 3 SYSTEMPATH\BaseModel.php(676): CodeIgniter\Model->doFindAll(0, 0)
 4 APPPATH\Controllers\OrangTua.php(39): CodeIgniter\BaseModel->findAll()
 5 SYSTEMPATH\CodeIgniter.php(951): App\Controllers\OrangTua->index()
 6 SYSTEMPATH\CodeIgniter.php(497): CodeIgniter\CodeIgniter->runController(Object(App\Controllers\OrangTua))
 7 SYSTEMPATH\CodeIgniter.php(340): CodeIgniter\CodeIgniter->handleRequest(null, Object(Config\Cache), false)
 8 SYSTEMPATH\Boot.php(417): CodeIgniter\CodeIgniter->run()
 9 SYSTEMPATH\Boot.php(68): CodeIgniter\Boot::runCodeIgniter(Object(CodeIgniter\CodeIgniter))
10 FCPATH\index.php(59): CodeIgniter\Boot::bootWeb(Object(Config\Paths))
CRITICAL - 2026-05-20 07:45:09 --> [Caused by] CodeIgniter\Database\Exceptions\DatabaseException: Unknown column 'murid.id_murid' in 'on clause'
in SYSTEMPATH\Database\MySQLi\Connection.php on line 310.
 1 SYSTEMPATH\Database\BaseConnection.php(910): CodeIgniter\Database\MySQLi\Connection->execute('SELECT `orang_tua`.*, `murid`.`nama_murid`, `kelas`.`nama_kelas`
FROM `orang_tua`
JOIN `murid` ON `murid`.`id_murid` = `orang_tua`.`id_murid`
JOIN `kelas` ON `kelas`.`id_kelas` = `orang_tua`.`id_kelas`
ORDER BY `orang_tua`.`created_at` DESC')
 2 SYSTEMPATH\Database\BaseConnection.php(827): CodeIgniter\Database\BaseConnection->simpleQuery('SELECT `orang_tua`.*, `murid`.`nama_murid`, `kelas`.`nama_kelas`
FROM `orang_tua`
JOIN `murid` ON `murid`.`id_murid` = `orang_tua`.`id_murid`
JOIN `kelas` ON `kelas`.`id_kelas` = `orang_tua`.`id_kelas`
ORDER BY `orang_tua`.`created_at` DESC')
 3 SYSTEMPATH\Database\BaseBuilder.php(1649): CodeIgniter\Database\BaseConnection->query('SELECT `orang_tua`.*, `murid`.`nama_murid`, `kelas`.`nama_kelas`
FROM `orang_tua`
JOIN `murid` ON `murid`.`id_murid` = `orang_tua`.`id_murid`
JOIN `kelas` ON `kelas`.`id_kelas` = `orang_tua`.`id_kelas`
ORDER BY `orang_tua`.`created_at` DESC', [], false)
 4 SYSTEMPATH\Model.php(253): CodeIgniter\Database\BaseBuilder->get()
 5 SYSTEMPATH\BaseModel.php(676): CodeIgniter\Model->doFindAll(0, 0)
 6 APPPATH\Controllers\OrangTua.php(39): CodeIgniter\BaseModel->findAll()
 7 SYSTEMPATH\CodeIgniter.php(951): App\Controllers\OrangTua->index()
 8 SYSTEMPATH\CodeIgniter.php(497): CodeIgniter\CodeIgniter->runController(Object(App\Controllers\OrangTua))
 9 SYSTEMPATH\CodeIgniter.php(340): CodeIgniter\CodeIgniter->handleRequest(null, Object(Config\Cache), false)
10 SYSTEMPATH\Boot.php(417): CodeIgniter\CodeIgniter->run()
11 SYSTEMPATH\Boot.php(68): CodeIgniter\Boot::runCodeIgniter(Object(CodeIgniter\CodeIgniter))
12 FCPATH\index.php(59): CodeIgniter\Boot::bootWeb(Object(Config\Paths))
CRITICAL - 2026-05-20 07:45:09 --> [Caused by] mysqli_sql_exception: Unknown column 'murid.id_murid' in 'on clause'
in SYSTEMPATH\Database\MySQLi\Connection.php on line 300.
 1 SYSTEMPATH\Database\MySQLi\Connection.php(300): mysqli->query('SELECT `orang_tua`.*, `murid`.`nama_murid`, `kelas`.`nama_kelas`
FROM `orang_tua`
JOIN `murid` ON `murid`.`id_murid` = `orang_tua`.`id_murid`
JOIN `kelas` ON `kelas`.`id_kelas` = `orang_tua`.`id_kelas`
ORDER BY `orang_tua`.`created_at` DESC', 0)
 2 SYSTEMPATH\Database\BaseConnection.php(910): CodeIgniter\Database\MySQLi\Connection->execute('SELECT `orang_tua`.*, `murid`.`nama_murid`, `kelas`.`nama_kelas`
FROM `orang_tua`
JOIN `murid` ON `murid`.`id_murid` = `orang_tua`.`id_murid`
JOIN `kelas` ON `kelas`.`id_kelas` = `orang_tua`.`id_kelas`
ORDER BY `orang_tua`.`created_at` DESC')
 3 SYSTEMPATH\Database\BaseConnection.php(827): CodeIgniter\Database\BaseConnection->simpleQuery('SELECT `orang_tua`.*, `murid`.`nama_murid`, `kelas`.`nama_kelas`
FROM `orang_tua`
JOIN `murid` ON `murid`.`id_murid` = `orang_tua`.`id_murid`
JOIN `kelas` ON `kelas`.`id_kelas` = `orang_tua`.`id_kelas`
ORDER BY `orang_tua`.`created_at` DESC')
 4 SYSTEMPATH\Database\BaseBuilder.php(1649): CodeIgniter\Database\BaseConnection->query('SELECT `orang_tua`.*, `murid`.`nama_murid`, `kelas`.`nama_kelas`
FROM `orang_tua`
JOIN `murid` ON `murid`.`id_murid` = `orang_tua`.`id_murid`
JOIN `kelas` ON `kelas`.`id_kelas` = `orang_tua`.`id_kelas`
ORDER BY `orang_tua`.`created_at` DESC', [], false)
 5 SYSTEMPATH\Model.php(253): CodeIgniter\Database\BaseBuilder->get()
 6 SYSTEMPATH\BaseModel.php(676): CodeIgniter\Model->doFindAll(0, 0)
 7 APPPATH\Controllers\OrangTua.php(39): CodeIgniter\BaseModel->findAll()
 8 SYSTEMPATH\CodeIgniter.php(951): App\Controllers\OrangTua->index()
 9 SYSTEMPATH\CodeIgniter.php(497): CodeIgniter\CodeIgniter->runController(Object(App\Controllers\OrangTua))
10 SYSTEMPATH\CodeIgniter.php(340): CodeIgniter\CodeIgniter->handleRequest(null, Object(Config\Cache), false)
11 SYSTEMPATH\Boot.php(417): CodeIgniter\CodeIgniter->run()
12 SYSTEMPATH\Boot.php(68): CodeIgniter\Boot::runCodeIgniter(Object(CodeIgniter\CodeIgniter))
13 FCPATH\index.php(59): CodeIgniter\Boot::bootWeb(Object(Config\Paths))
ERROR - 2026-05-20 07:45:09 --> Unknown column 'murid.id_murid' in 'on clause'
in SYSTEMPATH\Database\MySQLi\Connection.php on line 300.
 1 SYSTEMPATH\Database\MySQLi\Connection.php(300): mysqli->query('SELECT `orang_tua`.*, `murid`.`nama_murid`, `kelas`.`nama_kelas`
FROM `orang_tua`
JOIN `murid` ON `murid`.`id_murid` = `orang_tua`.`id_murid`
JOIN `kelas` ON `kelas`.`id_kelas` = `orang_tua`.`id_kelas`
ORDER BY `orang_tua`.`created_at` DESC', 0)
 2 SYSTEMPATH\Database\BaseConnection.php(910): CodeIgniter\Database\MySQLi\Connection->execute('SELECT `orang_tua`.*, `murid`.`nama_murid`, `kelas`.`nama_kelas`
FROM `orang_tua`
JOIN `murid` ON `murid`.`id_murid` = `orang_tua`.`id_murid`
JOIN `kelas` ON `kelas`.`id_kelas` = `orang_tua`.`id_kelas`
ORDER BY `orang_tua`.`created_at` DESC')
 3 SYSTEMPATH\Database\BaseConnection.php(827): CodeIgniter\Database\BaseConnection->simpleQuery('SELECT `orang_tua`.*, `murid`.`nama_murid`, `kelas`.`nama_kelas`
FROM `orang_tua`
JOIN `murid` ON `murid`.`id_murid` = `orang_tua`.`id_murid`
JOIN `kelas` ON `kelas`.`id_kelas` = `orang_tua`.`id_kelas`
ORDER BY `orang_tua`.`created_at` DESC')
 4 SYSTEMPATH\Database\BaseBuilder.php(1649): CodeIgniter\Database\BaseConnection->query('SELECT `orang_tua`.*, `murid`.`nama_murid`, `kelas`.`nama_kelas`
FROM `orang_tua`
JOIN `murid` ON `murid`.`id_murid` = `orang_tua`.`id_murid`
JOIN `kelas` ON `kelas`.`id_kelas` = `orang_tua`.`id_kelas`
ORDER BY `orang_tua`.`created_at` DESC', [], false)
 5 SYSTEMPATH\Model.php(253): CodeIgniter\Database\BaseBuilder->get()
 6 SYSTEMPATH\BaseModel.php(676): CodeIgniter\Model->doFindAll(0, 0)
 7 APPPATH\Controllers\OrangTua.php(39): CodeIgniter\BaseModel->findAll()
 8 SYSTEMPATH\CodeIgniter.php(951): App\Controllers\OrangTua->index()
 9 SYSTEMPATH\CodeIgniter.php(497): CodeIgniter\CodeIgniter->runController(Object(App\Controllers\OrangTua))
10 SYSTEMPATH\CodeIgniter.php(340): CodeIgniter\CodeIgniter->handleRequest(null, Object(Config\Cache), false)
11 SYSTEMPATH\Boot.php(417): CodeIgniter\CodeIgniter->run()
12 SYSTEMPATH\Boot.php(68): CodeIgniter\Boot::runCodeIgniter(Object(CodeIgniter\CodeIgniter))
13 FCPATH\index.php(59): CodeIgniter\Boot::bootWeb(Object(Config\Paths))
CRITICAL - 2026-05-20 07:45:09 --> CodeIgniter\Database\Exceptions\DatabaseException: Unknown column 'murid.id_murid' in 'on clause'
[Method: GET, Route: orang-tua]
in SYSTEMPATH\Database\BaseConnection.php on line 865.
 1 SYSTEMPATH\Database\BaseBuilder.php(1649): CodeIgniter\Database\BaseConnection->query('SELECT `orang_tua`.*, `murid`.`nama_murid`, `kelas`.`nama_kelas`
FROM `orang_tua`
JOIN `murid` ON `murid`.`id_murid` = `orang_tua`.`id_murid`
JOIN `kelas` ON `kelas`.`id_kelas` = `orang_tua`.`id_kelas`
ORDER BY `orang_tua`.`created_at` DESC', [], false)
 2 SYSTEMPATH\Model.php(253): CodeIgniter\Database\BaseBuilder->get()
 3 SYSTEMPATH\BaseModel.php(676): CodeIgniter\Model->doFindAll(0, 0)
 4 APPPATH\Controllers\OrangTua.php(39): CodeIgniter\BaseModel->findAll()
 5 SYSTEMPATH\CodeIgniter.php(951): App\Controllers\OrangTua->index()
 6 SYSTEMPATH\CodeIgniter.php(497): CodeIgniter\CodeIgniter->runController(Object(App\Controllers\OrangTua))
 7 SYSTEMPATH\CodeIgniter.php(340): CodeIgniter\CodeIgniter->handleRequest(null, Object(Config\Cache), false)
 8 SYSTEMPATH\Boot.php(417): CodeIgniter\CodeIgniter->run()
 9 SYSTEMPATH\Boot.php(68): CodeIgniter\Boot::runCodeIgniter(Object(CodeIgniter\CodeIgniter))
10 FCPATH\index.php(59): CodeIgniter\Boot::bootWeb(Object(Config\Paths))
CRITICAL - 2026-05-20 07:45:09 --> [Caused by] CodeIgniter\Database\Exceptions\DatabaseException: Unknown column 'murid.id_murid' in 'on clause'
in SYSTEMPATH\Database\MySQLi\Connection.php on line 310.
 1 SYSTEMPATH\Database\BaseConnection.php(910): CodeIgniter\Database\MySQLi\Connection->execute('SELECT `orang_tua`.*, `murid`.`nama_murid`, `kelas`.`nama_kelas`
FROM `orang_tua`
JOIN `murid` ON `murid`.`id_murid` = `orang_tua`.`id_murid`
JOIN `kelas` ON `kelas`.`id_kelas` = `orang_tua`.`id_kelas`
ORDER BY `orang_tua`.`created_at` DESC')
 2 SYSTEMPATH\Database\BaseConnection.php(827): CodeIgniter\Database\BaseConnection->simpleQuery('SELECT `orang_tua`.*, `murid`.`nama_murid`, `kelas`.`nama_kelas`
FROM `orang_tua`
JOIN `murid` ON `murid`.`id_murid` = `orang_tua`.`id_murid`
JOIN `kelas` ON `kelas`.`id_kelas` = `orang_tua`.`id_kelas`
ORDER BY `orang_tua`.`created_at` DESC')
 3 SYSTEMPATH\Database\BaseBuilder.php(1649): CodeIgniter\Database\BaseConnection->query('SELECT `orang_tua`.*, `murid`.`nama_murid`, `kelas`.`nama_kelas`
FROM `orang_tua`
JOIN `murid` ON `murid`.`id_murid` = `orang_tua`.`id_murid`
JOIN `kelas` ON `kelas`.`id_kelas` = `orang_tua`.`id_kelas`
ORDER BY `orang_tua`.`created_at` DESC', [], false)
 4 SYSTEMPATH\Model.php(253): CodeIgniter\Database\BaseBuilder->get()
 5 SYSTEMPATH\BaseModel.php(676): CodeIgniter\Model->doFindAll(0, 0)
 6 APPPATH\Controllers\OrangTua.php(39): CodeIgniter\BaseModel->findAll()
 7 SYSTEMPATH\CodeIgniter.php(951): App\Controllers\OrangTua->index()
 8 SYSTEMPATH\CodeIgniter.php(497): CodeIgniter\CodeIgniter->runController(Object(App\Controllers\OrangTua))
 9 SYSTEMPATH\CodeIgniter.php(340): CodeIgniter\CodeIgniter->handleRequest(null, Object(Config\Cache), false)
10 SYSTEMPATH\Boot.php(417): CodeIgniter\CodeIgniter->run()
11 SYSTEMPATH\Boot.php(68): CodeIgniter\Boot::runCodeIgniter(Object(CodeIgniter\CodeIgniter))
12 FCPATH\index.php(59): CodeIgniter\Boot::bootWeb(Object(Config\Paths))
CRITICAL - 2026-05-20 07:45:09 --> [Caused by] mysqli_sql_exception: Unknown column 'murid.id_murid' in 'on clause'
in SYSTEMPATH\Database\MySQLi\Connection.php on line 300.
 1 SYSTEMPATH\Database\MySQLi\Connection.php(300): mysqli->query('SELECT `orang_tua`.*, `murid`.`nama_murid`, `kelas`.`nama_kelas`
FROM `orang_tua`
JOIN `murid` ON `murid`.`id_murid` = `orang_tua`.`id_murid`
JOIN `kelas` ON `kelas`.`id_kelas` = `orang_tua`.`id_kelas`
ORDER BY `orang_tua`.`created_at` DESC', 0)
 2 SYSTEMPATH\Database\BaseConnection.php(910): CodeIgniter\Database\MySQLi\Connection->execute('SELECT `orang_tua`.*, `murid`.`nama_murid`, `kelas`.`nama_kelas`
FROM `orang_tua`
JOIN `murid` ON `murid`.`id_murid` = `orang_tua`.`id_murid`
JOIN `kelas` ON `kelas`.`id_kelas` = `orang_tua`.`id_kelas`
ORDER BY `orang_tua`.`created_at` DESC')
 3 SYSTEMPATH\Database\BaseConnection.php(827): CodeIgniter\Database\BaseConnection->simpleQuery('SELECT `orang_tua`.*, `murid`.`nama_murid`, `kelas`.`nama_kelas`
FROM `orang_tua`
JOIN `murid` ON `murid`.`id_murid` = `orang_tua`.`id_murid`
JOIN `kelas` ON `kelas`.`id_kelas` = `orang_tua`.`id_kelas`
ORDER BY `orang_tua`.`created_at` DESC')
 4 SYSTEMPATH\Database\BaseBuilder.php(1649): CodeIgniter\Database\BaseConnection->query('SELECT `orang_tua`.*, `murid`.`nama_murid`, `kelas`.`nama_kelas`
FROM `orang_tua`
JOIN `murid` ON `murid`.`id_murid` = `orang_tua`.`id_murid`
JOIN `kelas` ON `kelas`.`id_kelas` = `orang_tua`.`id_kelas`
ORDER BY `orang_tua`.`created_at` DESC', [], false)
 5 SYSTEMPATH\Model.php(253): CodeIgniter\Database\BaseBuilder->get()
 6 SYSTEMPATH\BaseModel.php(676): CodeIgniter\Model->doFindAll(0, 0)
 7 APPPATH\Controllers\OrangTua.php(39): CodeIgniter\BaseModel->findAll()
 8 SYSTEMPATH\CodeIgniter.php(951): App\Controllers\OrangTua->index()
 9 SYSTEMPATH\CodeIgniter.php(497): CodeIgniter\CodeIgniter->runController(Object(App\Controllers\OrangTua))
10 SYSTEMPATH\CodeIgniter.php(340): CodeIgniter\CodeIgniter->handleRequest(null, Object(Config\Cache), false)
11 SYSTEMPATH\Boot.php(417): CodeIgniter\CodeIgniter->run()
12 SYSTEMPATH\Boot.php(68): CodeIgniter\Boot::runCodeIgniter(Object(CodeIgniter\CodeIgniter))
13 FCPATH\index.php(59): CodeIgniter\Boot::bootWeb(Object(Config\Paths))
ERROR - 2026-05-20 07:45:10 --> Unknown column 'murid.id_murid' in 'on clause'
in SYSTEMPATH\Database\MySQLi\Connection.php on line 300.
 1 SYSTEMPATH\Database\MySQLi\Connection.php(300): mysqli->query('SELECT `orang_tua`.*, `murid`.`nama_murid`, `kelas`.`nama_kelas`
FROM `orang_tua`
JOIN `murid` ON `murid`.`id_murid` = `orang_tua`.`id_murid`
JOIN `kelas` ON `kelas`.`id_kelas` = `orang_tua`.`id_kelas`
ORDER BY `orang_tua`.`created_at` DESC', 0)
 2 SYSTEMPATH\Database\BaseConnection.php(910): CodeIgniter\Database\MySQLi\Connection->execute('SELECT `orang_tua`.*, `murid`.`nama_murid`, `kelas`.`nama_kelas`
FROM `orang_tua`
JOIN `murid` ON `murid`.`id_murid` = `orang_tua`.`id_murid`
JOIN `kelas` ON `kelas`.`id_kelas` = `orang_tua`.`id_kelas`
ORDER BY `orang_tua`.`created_at` DESC')
 3 SYSTEMPATH\Database\BaseConnection.php(827): CodeIgniter\Database\BaseConnection->simpleQuery('SELECT `orang_tua`.*, `murid`.`nama_murid`, `kelas`.`nama_kelas`
FROM `orang_tua`
JOIN `murid` ON `murid`.`id_murid` = `orang_tua`.`id_murid`
JOIN `kelas` ON `kelas`.`id_kelas` = `orang_tua`.`id_kelas`
ORDER BY `orang_tua`.`created_at` DESC')
 4 SYSTEMPATH\Database\BaseBuilder.php(1649): CodeIgniter\Database\BaseConnection->query('SELECT `orang_tua`.*, `murid`.`nama_murid`, `kelas`.`nama_kelas`
FROM `orang_tua`
JOIN `murid` ON `murid`.`id_murid` = `orang_tua`.`id_murid`
JOIN `kelas` ON `kelas`.`id_kelas` = `orang_tua`.`id_kelas`
ORDER BY `orang_tua`.`created_at` DESC', [], false)
 5 SYSTEMPATH\Model.php(253): CodeIgniter\Database\BaseBuilder->get()
 6 SYSTEMPATH\BaseModel.php(676): CodeIgniter\Model->doFindAll(0, 0)
 7 APPPATH\Controllers\OrangTua.php(39): CodeIgniter\BaseModel->findAll()
 8 SYSTEMPATH\CodeIgniter.php(951): App\Controllers\OrangTua->index()
 9 SYSTEMPATH\CodeIgniter.php(497): CodeIgniter\CodeIgniter->runController(Object(App\Controllers\OrangTua))
10 SYSTEMPATH\CodeIgniter.php(340): CodeIgniter\CodeIgniter->handleRequest(null, Object(Config\Cache), false)
11 SYSTEMPATH\Boot.php(417): CodeIgniter\CodeIgniter->run()
12 SYSTEMPATH\Boot.php(68): CodeIgniter\Boot::runCodeIgniter(Object(CodeIgniter\CodeIgniter))
13 FCPATH\index.php(59): CodeIgniter\Boot::bootWeb(Object(Config\Paths))
CRITICAL - 2026-05-20 07:45:10 --> CodeIgniter\Database\Exceptions\DatabaseException: Unknown column 'murid.id_murid' in 'on clause'
[Method: GET, Route: orang-tua]
in SYSTEMPATH\Database\BaseConnection.php on line 865.
 1 SYSTEMPATH\Database\BaseBuilder.php(1649): CodeIgniter\Database\BaseConnection->query('SELECT `orang_tua`.*, `murid`.`nama_murid`, `kelas`.`nama_kelas`
FROM `orang_tua`
JOIN `murid` ON `murid`.`id_murid` = `orang_tua`.`id_murid`
JOIN `kelas` ON `kelas`.`id_kelas` = `orang_tua`.`id_kelas`
ORDER BY `orang_tua`.`created_at` DESC', [], false)
 2 SYSTEMPATH\Model.php(253): CodeIgniter\Database\BaseBuilder->get()
 3 SYSTEMPATH\BaseModel.php(676): CodeIgniter\Model->doFindAll(0, 0)
 4 APPPATH\Controllers\OrangTua.php(39): CodeIgniter\BaseModel->findAll()
 5 SYSTEMPATH\CodeIgniter.php(951): App\Controllers\OrangTua->index()
 6 SYSTEMPATH\CodeIgniter.php(497): CodeIgniter\CodeIgniter->runController(Object(App\Controllers\OrangTua))
 7 SYSTEMPATH\CodeIgniter.php(340): CodeIgniter\CodeIgniter->handleRequest(null, Object(Config\Cache), false)
 8 SYSTEMPATH\Boot.php(417): CodeIgniter\CodeIgniter->run()
 9 SYSTEMPATH\Boot.php(68): CodeIgniter\Boot::runCodeIgniter(Object(CodeIgniter\CodeIgniter))
10 FCPATH\index.php(59): CodeIgniter\Boot::bootWeb(Object(Config\Paths))
CRITICAL - 2026-05-20 07:45:10 --> [Caused by] CodeIgniter\Database\Exceptions\DatabaseException: Unknown column 'murid.id_murid' in 'on clause'
in SYSTEMPATH\Database\MySQLi\Connection.php on line 310.
 1 SYSTEMPATH\Database\BaseConnection.php(910): CodeIgniter\Database\MySQLi\Connection->execute('SELECT `orang_tua`.*, `murid`.`nama_murid`, `kelas`.`nama_kelas`
FROM `orang_tua`
JOIN `murid` ON `murid`.`id_murid` = `orang_tua`.`id_murid`
JOIN `kelas` ON `kelas`.`id_kelas` = `orang_tua`.`id_kelas`
ORDER BY `orang_tua`.`created_at` DESC')
 2 SYSTEMPATH\Database\BaseConnection.php(827): CodeIgniter\Database\BaseConnection->simpleQuery('SELECT `orang_tua`.*, `murid`.`nama_murid`, `kelas`.`nama_kelas`
FROM `orang_tua`
JOIN `murid` ON `murid`.`id_murid` = `orang_tua`.`id_murid`
JOIN `kelas` ON `kelas`.`id_kelas` = `orang_tua`.`id_kelas`
ORDER BY `orang_tua`.`created_at` DESC')
 3 SYSTEMPATH\Database\BaseBuilder.php(1649): CodeIgniter\Database\BaseConnection->query('SELECT `orang_tua`.*, `murid`.`nama_murid`, `kelas`.`nama_kelas`
FROM `orang_tua`
JOIN `murid` ON `murid`.`id_murid` = `orang_tua`.`id_murid`
JOIN `kelas` ON `kelas`.`id_kelas` = `orang_tua`.`id_kelas`
ORDER BY `orang_tua`.`created_at` DESC', [], false)
 4 SYSTEMPATH\Model.php(253): CodeIgniter\Database\BaseBuilder->get()
 5 SYSTEMPATH\BaseModel.php(676): CodeIgniter\Model->doFindAll(0, 0)
 6 APPPATH\Controllers\OrangTua.php(39): CodeIgniter\BaseModel->findAll()
 7 SYSTEMPATH\CodeIgniter.php(951): App\Controllers\OrangTua->index()
 8 SYSTEMPATH\CodeIgniter.php(497): CodeIgniter\CodeIgniter->runController(Object(App\Controllers\OrangTua))
 9 SYSTEMPATH\CodeIgniter.php(340): CodeIgniter\CodeIgniter->handleRequest(null, Object(Config\Cache), false)
10 SYSTEMPATH\Boot.php(417): CodeIgniter\CodeIgniter->run()
11 SYSTEMPATH\Boot.php(68): CodeIgniter\Boot::runCodeIgniter(Object(CodeIgniter\CodeIgniter))
12 FCPATH\index.php(59): CodeIgniter\Boot::bootWeb(Object(Config\Paths))
CRITICAL - 2026-05-20 07:45:10 --> [Caused by] mysqli_sql_exception: Unknown column 'murid.id_murid' in 'on clause'
in SYSTEMPATH\Database\MySQLi\Connection.php on line 300.
 1 SYSTEMPATH\Database\MySQLi\Connection.php(300): mysqli->query('SELECT `orang_tua`.*, `murid`.`nama_murid`, `kelas`.`nama_kelas`
FROM `orang_tua`
JOIN `murid` ON `murid`.`id_murid` = `orang_tua`.`id_murid`
JOIN `kelas` ON `kelas`.`id_kelas` = `orang_tua`.`id_kelas`
ORDER BY `orang_tua`.`created_at` DESC', 0)
 2 SYSTEMPATH\Database\BaseConnection.php(910): CodeIgniter\Database\MySQLi\Connection->execute('SELECT `orang_tua`.*, `murid`.`nama_murid`, `kelas`.`nama_kelas`
FROM `orang_tua`
JOIN `murid` ON `murid`.`id_murid` = `orang_tua`.`id_murid`
JOIN `kelas` ON `kelas`.`id_kelas` = `orang_tua`.`id_kelas`
ORDER BY `orang_tua`.`created_at` DESC')
 3 SYSTEMPATH\Database\BaseConnection.php(827): CodeIgniter\Database\BaseConnection->simpleQuery('SELECT `orang_tua`.*, `murid`.`nama_murid`, `kelas`.`nama_kelas`
FROM `orang_tua`
JOIN `murid` ON `murid`.`id_murid` = `orang_tua`.`id_murid`
JOIN `kelas` ON `kelas`.`id_kelas` = `orang_tua`.`id_kelas`
ORDER BY `orang_tua`.`created_at` DESC')
 4 SYSTEMPATH\Database\BaseBuilder.php(1649): CodeIgniter\Database\BaseConnection->query('SELECT `orang_tua`.*, `murid`.`nama_murid`, `kelas`.`nama_kelas`
FROM `orang_tua`
JOIN `murid` ON `murid`.`id_murid` = `orang_tua`.`id_murid`
JOIN `kelas` ON `kelas`.`id_kelas` = `orang_tua`.`id_kelas`
ORDER BY `orang_tua`.`created_at` DESC', [], false)
 5 SYSTEMPATH\Model.php(253): CodeIgniter\Database\BaseBuilder->get()
 6 SYSTEMPATH\BaseModel.php(676): CodeIgniter\Model->doFindAll(0, 0)
 7 APPPATH\Controllers\OrangTua.php(39): CodeIgniter\BaseModel->findAll()
 8 SYSTEMPATH\CodeIgniter.php(951): App\Controllers\OrangTua->index()
 9 SYSTEMPATH\CodeIgniter.php(497): CodeIgniter\CodeIgniter->runController(Object(App\Controllers\OrangTua))
10 SYSTEMPATH\CodeIgniter.php(340): CodeIgniter\CodeIgniter->handleRequest(null, Object(Config\Cache), false)
11 SYSTEMPATH\Boot.php(417): CodeIgniter\CodeIgniter->run()
12 SYSTEMPATH\Boot.php(68): CodeIgniter\Boot::runCodeIgniter(Object(CodeIgniter\CodeIgniter))
13 FCPATH\index.php(59): CodeIgniter\Boot::bootWeb(Object(Config\Paths))
ERROR - 2026-05-20 07:45:10 --> Unknown column 'murid.id_murid' in 'on clause'
in SYSTEMPATH\Database\MySQLi\Connection.php on line 300.
 1 SYSTEMPATH\Database\MySQLi\Connection.php(300): mysqli->query('SELECT `orang_tua`.*, `murid`.`nama_murid`, `kelas`.`nama_kelas`
FROM `orang_tua`
JOIN `murid` ON `murid`.`id_murid` = `orang_tua`.`id_murid`
JOIN `kelas` ON `kelas`.`id_kelas` = `orang_tua`.`id_kelas`
ORDER BY `orang_tua`.`created_at` DESC', 0)
 2 SYSTEMPATH\Database\BaseConnection.php(910): CodeIgniter\Database\MySQLi\Connection->execute('SELECT `orang_tua`.*, `murid`.`nama_murid`, `kelas`.`nama_kelas`
FROM `orang_tua`
JOIN `murid` ON `murid`.`id_murid` = `orang_tua`.`id_murid`
JOIN `kelas` ON `kelas`.`id_kelas` = `orang_tua`.`id_kelas`
ORDER BY `orang_tua`.`created_at` DESC')
 3 SYSTEMPATH\Database\BaseConnection.php(827): CodeIgniter\Database\BaseConnection->simpleQuery('SELECT `orang_tua`.*, `murid`.`nama_murid`, `kelas`.`nama_kelas`
FROM `orang_tua`
JOIN `murid` ON `murid`.`id_murid` = `orang_tua`.`id_murid`
JOIN `kelas` ON `kelas`.`id_kelas` = `orang_tua`.`id_kelas`
ORDER BY `orang_tua`.`created_at` DESC')
 4 SYSTEMPATH\Database\BaseBuilder.php(1649): CodeIgniter\Database\BaseConnection->query('SELECT `orang_tua`.*, `murid`.`nama_murid`, `kelas`.`nama_kelas`
FROM `orang_tua`
JOIN `murid` ON `murid`.`id_murid` = `orang_tua`.`id_murid`
JOIN `kelas` ON `kelas`.`id_kelas` = `orang_tua`.`id_kelas`
ORDER BY `orang_tua`.`created_at` DESC', [], false)
 5 SYSTEMPATH\Model.php(253): CodeIgniter\Database\BaseBuilder->get()
 6 SYSTEMPATH\BaseModel.php(676): CodeIgniter\Model->doFindAll(0, 0)
 7 APPPATH\Controllers\OrangTua.php(39): CodeIgniter\BaseModel->findAll()
 8 SYSTEMPATH\CodeIgniter.php(951): App\Controllers\OrangTua->index()
 9 SYSTEMPATH\CodeIgniter.php(497): CodeIgniter\CodeIgniter->runController(Object(App\Controllers\OrangTua))
10 SYSTEMPATH\CodeIgniter.php(340): CodeIgniter\CodeIgniter->handleRequest(null, Object(Config\Cache), false)
11 SYSTEMPATH\Boot.php(417): CodeIgniter\CodeIgniter->run()
12 SYSTEMPATH\Boot.php(68): CodeIgniter\Boot::runCodeIgniter(Object(CodeIgniter\CodeIgniter))
13 FCPATH\index.php(59): CodeIgniter\Boot::bootWeb(Object(Config\Paths))
CRITICAL - 2026-05-20 07:45:10 --> CodeIgniter\Database\Exceptions\DatabaseException: Unknown column 'murid.id_murid' in 'on clause'
[Method: GET, Route: orang-tua]
in SYSTEMPATH\Database\BaseConnection.php on line 865.
 1 SYSTEMPATH\Database\BaseBuilder.php(1649): CodeIgniter\Database\BaseConnection->query('SELECT `orang_tua`.*, `murid`.`nama_murid`, `kelas`.`nama_kelas`
FROM `orang_tua`
JOIN `murid` ON `murid`.`id_murid` = `orang_tua`.`id_murid`
JOIN `kelas` ON `kelas`.`id_kelas` = `orang_tua`.`id_kelas`
ORDER BY `orang_tua`.`created_at` DESC', [], false)
 2 SYSTEMPATH\Model.php(253): CodeIgniter\Database\BaseBuilder->get()
 3 SYSTEMPATH\BaseModel.php(676): CodeIgniter\Model->doFindAll(0, 0)
 4 APPPATH\Controllers\OrangTua.php(39): CodeIgniter\BaseModel->findAll()
 5 SYSTEMPATH\CodeIgniter.php(951): App\Controllers\OrangTua->index()
 6 SYSTEMPATH\CodeIgniter.php(497): CodeIgniter\CodeIgniter->runController(Object(App\Controllers\OrangTua))
 7 SYSTEMPATH\CodeIgniter.php(340): CodeIgniter\CodeIgniter->handleRequest(null, Object(Config\Cache), false)
 8 SYSTEMPATH\Boot.php(417): CodeIgniter\CodeIgniter->run()
 9 SYSTEMPATH\Boot.php(68): CodeIgniter\Boot::runCodeIgniter(Object(CodeIgniter\CodeIgniter))
10 FCPATH\index.php(59): CodeIgniter\Boot::bootWeb(Object(Config\Paths))
CRITICAL - 2026-05-20 07:45:10 --> [Caused by] CodeIgniter\Database\Exceptions\DatabaseException: Unknown column 'murid.id_murid' in 'on clause'
in SYSTEMPATH\Database\MySQLi\Connection.php on line 310.
 1 SYSTEMPATH\Database\BaseConnection.php(910): CodeIgniter\Database\MySQLi\Connection->execute('SELECT `orang_tua`.*, `murid`.`nama_murid`, `kelas`.`nama_kelas`
FROM `orang_tua`
JOIN `murid` ON `murid`.`id_murid` = `orang_tua`.`id_murid`
JOIN `kelas` ON `kelas`.`id_kelas` = `orang_tua`.`id_kelas`
ORDER BY `orang_tua`.`created_at` DESC')
 2 SYSTEMPATH\Database\BaseConnection.php(827): CodeIgniter\Database\BaseConnection->simpleQuery('SELECT `orang_tua`.*, `murid`.`nama_murid`, `kelas`.`nama_kelas`
FROM `orang_tua`
JOIN `murid` ON `murid`.`id_murid` = `orang_tua`.`id_murid`
JOIN `kelas` ON `kelas`.`id_kelas` = `orang_tua`.`id_kelas`
ORDER BY `orang_tua`.`created_at` DESC')
 3 SYSTEMPATH\Database\BaseBuilder.php(1649): CodeIgniter\Database\BaseConnection->query('SELECT `orang_tua`.*, `murid`.`nama_murid`, `kelas`.`nama_kelas`
FROM `orang_tua`
JOIN `murid` ON `murid`.`id_murid` = `orang_tua`.`id_murid`
JOIN `kelas` ON `kelas`.`id_kelas` = `orang_tua`.`id_kelas`
ORDER BY `orang_tua`.`created_at` DESC', [], false)
 4 SYSTEMPATH\Model.php(253): CodeIgniter\Database\BaseBuilder->get()
 5 SYSTEMPATH\BaseModel.php(676): CodeIgniter\Model->doFindAll(0, 0)
 6 APPPATH\Controllers\OrangTua.php(39): CodeIgniter\BaseModel->findAll()
 7 SYSTEMPATH\CodeIgniter.php(951): App\Controllers\OrangTua->index()
 8 SYSTEMPATH\CodeIgniter.php(497): CodeIgniter\CodeIgniter->runController(Object(App\Controllers\OrangTua))
 9 SYSTEMPATH\CodeIgniter.php(340): CodeIgniter\CodeIgniter->handleRequest(null, Object(Config\Cache), false)
10 SYSTEMPATH\Boot.php(417): CodeIgniter\CodeIgniter->run()
11 SYSTEMPATH\Boot.php(68): CodeIgniter\Boot::runCodeIgniter(Object(CodeIgniter\CodeIgniter))
12 FCPATH\index.php(59): CodeIgniter\Boot::bootWeb(Object(Config\Paths))
CRITICAL - 2026-05-20 07:45:10 --> [Caused by] mysqli_sql_exception: Unknown column 'murid.id_murid' in 'on clause'
in SYSTEMPATH\Database\MySQLi\Connection.php on line 300.
 1 SYSTEMPATH\Database\MySQLi\Connection.php(300): mysqli->query('SELECT `orang_tua`.*, `murid`.`nama_murid`, `kelas`.`nama_kelas`
FROM `orang_tua`
JOIN `murid` ON `murid`.`id_murid` = `orang_tua`.`id_murid`
JOIN `kelas` ON `kelas`.`id_kelas` = `orang_tua`.`id_kelas`
ORDER BY `orang_tua`.`created_at` DESC', 0)
 2 SYSTEMPATH\Database\BaseConnection.php(910): CodeIgniter\Database\MySQLi\Connection->execute('SELECT `orang_tua`.*, `murid`.`nama_murid`, `kelas`.`nama_kelas`
FROM `orang_tua`
JOIN `murid` ON `murid`.`id_murid` = `orang_tua`.`id_murid`
JOIN `kelas` ON `kelas`.`id_kelas` = `orang_tua`.`id_kelas`
ORDER BY `orang_tua`.`created_at` DESC')
 3 SYSTEMPATH\Database\BaseConnection.php(827): CodeIgniter\Database\BaseConnection->simpleQuery('SELECT `orang_tua`.*, `murid`.`nama_murid`, `kelas`.`nama_kelas`
FROM `orang_tua`
JOIN `murid` ON `murid`.`id_murid` = `orang_tua`.`id_murid`
JOIN `kelas` ON `kelas`.`id_kelas` = `orang_tua`.`id_kelas`
ORDER BY `orang_tua`.`created_at` DESC')
 4 SYSTEMPATH\Database\BaseBuilder.php(1649): CodeIgniter\Database\BaseConnection->query('SELECT `orang_tua`.*, `murid`.`nama_murid`, `kelas`.`nama_kelas`
FROM `orang_tua`
JOIN `murid` ON `murid`.`id_murid` = `orang_tua`.`id_murid`
JOIN `kelas` ON `kelas`.`id_kelas` = `orang_tua`.`id_kelas`
ORDER BY `orang_tua`.`created_at` DESC', [], false)
 5 SYSTEMPATH\Model.php(253): CodeIgniter\Database\BaseBuilder->get()
 6 SYSTEMPATH\BaseModel.php(676): CodeIgniter\Model->doFindAll(0, 0)
 7 APPPATH\Controllers\OrangTua.php(39): CodeIgniter\BaseModel->findAll()
 8 SYSTEMPATH\CodeIgniter.php(951): App\Controllers\OrangTua->index()
 9 SYSTEMPATH\CodeIgniter.php(497): CodeIgniter\CodeIgniter->runController(Object(App\Controllers\OrangTua))
10 SYSTEMPATH\CodeIgniter.php(340): CodeIgniter\CodeIgniter->handleRequest(null, Object(Config\Cache), false)
11 SYSTEMPATH\Boot.php(417): CodeIgniter\CodeIgniter->run()
12 SYSTEMPATH\Boot.php(68): CodeIgniter\Boot::runCodeIgniter(Object(CodeIgniter\CodeIgniter))
13 FCPATH\index.php(59): CodeIgniter\Boot::bootWeb(Object(Config\Paths))
ERROR - 2026-05-20 07:45:10 --> Unknown column 'murid.id_murid' in 'on clause'
in SYSTEMPATH\Database\MySQLi\Connection.php on line 300.
 1 SYSTEMPATH\Database\MySQLi\Connection.php(300): mysqli->query('SELECT `orang_tua`.*, `murid`.`nama_murid`, `kelas`.`nama_kelas`
FROM `orang_tua`
JOIN `murid` ON `murid`.`id_murid` = `orang_tua`.`id_murid`
JOIN `kelas` ON `kelas`.`id_kelas` = `orang_tua`.`id_kelas`
ORDER BY `orang_tua`.`created_at` DESC', 0)
 2 SYSTEMPATH\Database\BaseConnection.php(910): CodeIgniter\Database\MySQLi\Connection->execute('SELECT `orang_tua`.*, `murid`.`nama_murid`, `kelas`.`nama_kelas`
FROM `orang_tua`
JOIN `murid` ON `murid`.`id_murid` = `orang_tua`.`id_murid`
JOIN `kelas` ON `kelas`.`id_kelas` = `orang_tua`.`id_kelas`
ORDER BY `orang_tua`.`created_at` DESC')
 3 SYSTEMPATH\Database\BaseConnection.php(827): CodeIgniter\Database\BaseConnection->simpleQuery('SELECT `orang_tua`.*, `murid`.`nama_murid`, `kelas`.`nama_kelas`
FROM `orang_tua`
JOIN `murid` ON `murid`.`id_murid` = `orang_tua`.`id_murid`
JOIN `kelas` ON `kelas`.`id_kelas` = `orang_tua`.`id_kelas`
ORDER BY `orang_tua`.`created_at` DESC')
 4 SYSTEMPATH\Database\BaseBuilder.php(1649): CodeIgniter\Database\BaseConnection->query('SELECT `orang_tua`.*, `murid`.`nama_murid`, `kelas`.`nama_kelas`
FROM `orang_tua`
JOIN `murid` ON `murid`.`id_murid` = `orang_tua`.`id_murid`
JOIN `kelas` ON `kelas`.`id_kelas` = `orang_tua`.`id_kelas`
ORDER BY `orang_tua`.`created_at` DESC', [], false)
 5 SYSTEMPATH\Model.php(253): CodeIgniter\Database\BaseBuilder->get()
 6 SYSTEMPATH\BaseModel.php(676): CodeIgniter\Model->doFindAll(0, 0)
 7 APPPATH\Controllers\OrangTua.php(39): CodeIgniter\BaseModel->findAll()
 8 SYSTEMPATH\CodeIgniter.php(951): App\Controllers\OrangTua->index()
 9 SYSTEMPATH\CodeIgniter.php(497): CodeIgniter\CodeIgniter->runController(Object(App\Controllers\OrangTua))
10 SYSTEMPATH\CodeIgniter.php(340): CodeIgniter\CodeIgniter->handleRequest(null, Object(Config\Cache), false)
11 SYSTEMPATH\Boot.php(417): CodeIgniter\CodeIgniter->run()
12 SYSTEMPATH\Boot.php(68): CodeIgniter\Boot::runCodeIgniter(Object(CodeIgniter\CodeIgniter))
13 FCPATH\index.php(59): CodeIgniter\Boot::bootWeb(Object(Config\Paths))
CRITICAL - 2026-05-20 07:45:10 --> CodeIgniter\Database\Exceptions\DatabaseException: Unknown column 'murid.id_murid' in 'on clause'
[Method: GET, Route: orang-tua]
in SYSTEMPATH\Database\BaseConnection.php on line 865.
 1 SYSTEMPATH\Database\BaseBuilder.php(1649): CodeIgniter\Database\BaseConnection->query('SELECT `orang_tua`.*, `murid`.`nama_murid`, `kelas`.`nama_kelas`
FROM `orang_tua`
JOIN `murid` ON `murid`.`id_murid` = `orang_tua`.`id_murid`
JOIN `kelas` ON `kelas`.`id_kelas` = `orang_tua`.`id_kelas`
ORDER BY `orang_tua`.`created_at` DESC', [], false)
 2 SYSTEMPATH\Model.php(253): CodeIgniter\Database\BaseBuilder->get()
 3 SYSTEMPATH\BaseModel.php(676): CodeIgniter\Model->doFindAll(0, 0)
 4 APPPATH\Controllers\OrangTua.php(39): CodeIgniter\BaseModel->findAll()
 5 SYSTEMPATH\CodeIgniter.php(951): App\Controllers\OrangTua->index()
 6 SYSTEMPATH\CodeIgniter.php(497): CodeIgniter\CodeIgniter->runController(Object(App\Controllers\OrangTua))
 7 SYSTEMPATH\CodeIgniter.php(340): CodeIgniter\CodeIgniter->handleRequest(null, Object(Config\Cache), false)
 8 SYSTEMPATH\Boot.php(417): CodeIgniter\CodeIgniter->run()
 9 SYSTEMPATH\Boot.php(68): CodeIgniter\Boot::runCodeIgniter(Object(CodeIgniter\CodeIgniter))
10 FCPATH\index.php(59): CodeIgniter\Boot::bootWeb(Object(Config\Paths))
CRITICAL - 2026-05-20 07:45:10 --> [Caused by] CodeIgniter\Database\Exceptions\DatabaseException: Unknown column 'murid.id_murid' in 'on clause'
in SYSTEMPATH\Database\MySQLi\Connection.php on line 310.
 1 SYSTEMPATH\Database\BaseConnection.php(910): CodeIgniter\Database\MySQLi\Connection->execute('SELECT `orang_tua`.*, `murid`.`nama_murid`, `kelas`.`nama_kelas`
FROM `orang_tua`
JOIN `murid` ON `murid`.`id_murid` = `orang_tua`.`id_murid`
JOIN `kelas` ON `kelas`.`id_kelas` = `orang_tua`.`id_kelas`
ORDER BY `orang_tua`.`created_at` DESC')
 2 SYSTEMPATH\Database\BaseConnection.php(827): CodeIgniter\Database\BaseConnection->simpleQuery('SELECT `orang_tua`.*, `murid`.`nama_murid`, `kelas`.`nama_kelas`
FROM `orang_tua`
JOIN `murid` ON `murid`.`id_murid` = `orang_tua`.`id_murid`
JOIN `kelas` ON `kelas`.`id_kelas` = `orang_tua`.`id_kelas`
ORDER BY `orang_tua`.`created_at` DESC')
 3 SYSTEMPATH\Database\BaseBuilder.php(1649): CodeIgniter\Database\BaseConnection->query('SELECT `orang_tua`.*, `murid`.`nama_murid`, `kelas`.`nama_kelas`
FROM `orang_tua`
JOIN `murid` ON `murid`.`id_murid` = `orang_tua`.`id_murid`
JOIN `kelas` ON `kelas`.`id_kelas` = `orang_tua`.`id_kelas`
ORDER BY `orang_tua`.`created_at` DESC', [], false)
 4 SYSTEMPATH\Model.php(253): CodeIgniter\Database\BaseBuilder->get()
 5 SYSTEMPATH\BaseModel.php(676): CodeIgniter\Model->doFindAll(0, 0)
 6 APPPATH\Controllers\OrangTua.php(39): CodeIgniter\BaseModel->findAll()
 7 SYSTEMPATH\CodeIgniter.php(951): App\Controllers\OrangTua->index()
 8 SYSTEMPATH\CodeIgniter.php(497): CodeIgniter\CodeIgniter->runController(Object(App\Controllers\OrangTua))
 9 SYSTEMPATH\CodeIgniter.php(340): CodeIgniter\CodeIgniter->handleRequest(null, Object(Config\Cache), false)
10 SYSTEMPATH\Boot.php(417): CodeIgniter\CodeIgniter->run()
11 SYSTEMPATH\Boot.php(68): CodeIgniter\Boot::runCodeIgniter(Object(CodeIgniter\CodeIgniter))
12 FCPATH\index.php(59): CodeIgniter\Boot::bootWeb(Object(Config\Paths))
CRITICAL - 2026-05-20 07:45:10 --> [Caused by] mysqli_sql_exception: Unknown column 'murid.id_murid' in 'on clause'
in SYSTEMPATH\Database\MySQLi\Connection.php on line 300.
 1 SYSTEMPATH\Database\MySQLi\Connection.php(300): mysqli->query('SELECT `orang_tua`.*, `murid`.`nama_murid`, `kelas`.`nama_kelas`
FROM `orang_tua`
JOIN `murid` ON `murid`.`id_murid` = `orang_tua`.`id_murid`
JOIN `kelas` ON `kelas`.`id_kelas` = `orang_tua`.`id_kelas`
ORDER BY `orang_tua`.`created_at` DESC', 0)
 2 SYSTEMPATH\Database\BaseConnection.php(910): CodeIgniter\Database\MySQLi\Connection->execute('SELECT `orang_tua`.*, `murid`.`nama_murid`, `kelas`.`nama_kelas`
FROM `orang_tua`
JOIN `murid` ON `murid`.`id_murid` = `orang_tua`.`id_murid`
JOIN `kelas` ON `kelas`.`id_kelas` = `orang_tua`.`id_kelas`
ORDER BY `orang_tua`.`created_at` DESC')
 3 SYSTEMPATH\Database\BaseConnection.php(827): CodeIgniter\Database\BaseConnection->simpleQuery('SELECT `orang_tua`.*, `murid`.`nama_murid`, `kelas`.`nama_kelas`
FROM `orang_tua`
JOIN `murid` ON `murid`.`id_murid` = `orang_tua`.`id_murid`
JOIN `kelas` ON `kelas`.`id_kelas` = `orang_tua`.`id_kelas`
ORDER BY `orang_tua`.`created_at` DESC')
 4 SYSTEMPATH\Database\BaseBuilder.php(1649): CodeIgniter\Database\BaseConnection->query('SELECT `orang_tua`.*, `murid`.`nama_murid`, `kelas`.`nama_kelas`
FROM `orang_tua`
JOIN `murid` ON `murid`.`id_murid` = `orang_tua`.`id_murid`
JOIN `kelas` ON `kelas`.`id_kelas` = `orang_tua`.`id_kelas`
ORDER BY `orang_tua`.`created_at` DESC', [], false)
 5 SYSTEMPATH\Model.php(253): CodeIgniter\Database\BaseBuilder->get()
 6 SYSTEMPATH\BaseModel.php(676): CodeIgniter\Model->doFindAll(0, 0)
 7 APPPATH\Controllers\OrangTua.php(39): CodeIgniter\BaseModel->findAll()
 8 SYSTEMPATH\CodeIgniter.php(951): App\Controllers\OrangTua->index()
 9 SYSTEMPATH\CodeIgniter.php(497): CodeIgniter\CodeIgniter->runController(Object(App\Controllers\OrangTua))
10 SYSTEMPATH\CodeIgniter.php(340): CodeIgniter\CodeIgniter->handleRequest(null, Object(Config\Cache), false)
11 SYSTEMPATH\Boot.php(417): CodeIgniter\CodeIgniter->run()
12 SYSTEMPATH\Boot.php(68): CodeIgniter\Boot::runCodeIgniter(Object(CodeIgniter\CodeIgniter))
13 FCPATH\index.php(59): CodeIgniter\Boot::bootWeb(Object(Config\Paths))
ERROR - 2026-05-20 07:45:10 --> Unknown column 'murid.id_murid' in 'on clause'
in SYSTEMPATH\Database\MySQLi\Connection.php on line 300.
 1 SYSTEMPATH\Database\MySQLi\Connection.php(300): mysqli->query('SELECT `orang_tua`.*, `murid`.`nama_murid`, `kelas`.`nama_kelas`
FROM `orang_tua`
JOIN `murid` ON `murid`.`id_murid` = `orang_tua`.`id_murid`
JOIN `kelas` ON `kelas`.`id_kelas` = `orang_tua`.`id_kelas`
ORDER BY `orang_tua`.`created_at` DESC', 0)
 2 SYSTEMPATH\Database\BaseConnection.php(910): CodeIgniter\Database\MySQLi\Connection->execute('SELECT `orang_tua`.*, `murid`.`nama_murid`, `kelas`.`nama_kelas`
FROM `orang_tua`
JOIN `murid` ON `murid`.`id_murid` = `orang_tua`.`id_murid`
JOIN `kelas` ON `kelas`.`id_kelas` = `orang_tua`.`id_kelas`
ORDER BY `orang_tua`.`created_at` DESC')
 3 SYSTEMPATH\Database\BaseConnection.php(827): CodeIgniter\Database\BaseConnection->simpleQuery('SELECT `orang_tua`.*, `murid`.`nama_murid`, `kelas`.`nama_kelas`
FROM `orang_tua`
JOIN `murid` ON `murid`.`id_murid` = `orang_tua`.`id_murid`
JOIN `kelas` ON `kelas`.`id_kelas` = `orang_tua`.`id_kelas`
ORDER BY `orang_tua`.`created_at` DESC')
 4 SYSTEMPATH\Database\BaseBuilder.php(1649): CodeIgniter\Database\BaseConnection->query('SELECT `orang_tua`.*, `murid`.`nama_murid`, `kelas`.`nama_kelas`
FROM `orang_tua`
JOIN `murid` ON `murid`.`id_murid` = `orang_tua`.`id_murid`
JOIN `kelas` ON `kelas`.`id_kelas` = `orang_tua`.`id_kelas`
ORDER BY `orang_tua`.`created_at` DESC', [], false)
 5 SYSTEMPATH\Model.php(253): CodeIgniter\Database\BaseBuilder->get()
 6 SYSTEMPATH\BaseModel.php(676): CodeIgniter\Model->doFindAll(0, 0)
 7 APPPATH\Controllers\OrangTua.php(39): CodeIgniter\BaseModel->findAll()
 8 SYSTEMPATH\CodeIgniter.php(951): App\Controllers\OrangTua->index()
 9 SYSTEMPATH\CodeIgniter.php(497): CodeIgniter\CodeIgniter->runController(Object(App\Controllers\OrangTua))
10 SYSTEMPATH\CodeIgniter.php(340): CodeIgniter\CodeIgniter->handleRequest(null, Object(Config\Cache), false)
11 SYSTEMPATH\Boot.php(417): CodeIgniter\CodeIgniter->run()
12 SYSTEMPATH\Boot.php(68): CodeIgniter\Boot::runCodeIgniter(Object(CodeIgniter\CodeIgniter))
13 FCPATH\index.php(59): CodeIgniter\Boot::bootWeb(Object(Config\Paths))
CRITICAL - 2026-05-20 07:45:10 --> CodeIgniter\Database\Exceptions\DatabaseException: Unknown column 'murid.id_murid' in 'on clause'
[Method: GET, Route: orang-tua]
in SYSTEMPATH\Database\BaseConnection.php on line 865.
 1 SYSTEMPATH\Database\BaseBuilder.php(1649): CodeIgniter\Database\BaseConnection->query('SELECT `orang_tua`.*, `murid`.`nama_murid`, `kelas`.`nama_kelas`
FROM `orang_tua`
JOIN `murid` ON `murid`.`id_murid` = `orang_tua`.`id_murid`
JOIN `kelas` ON `kelas`.`id_kelas` = `orang_tua`.`id_kelas`
ORDER BY `orang_tua`.`created_at` DESC', [], false)
 2 SYSTEMPATH\Model.php(253): CodeIgniter\Database\BaseBuilder->get()
 3 SYSTEMPATH\BaseModel.php(676): CodeIgniter\Model->doFindAll(0, 0)
 4 APPPATH\Controllers\OrangTua.php(39): CodeIgniter\BaseModel->findAll()
 5 SYSTEMPATH\CodeIgniter.php(951): App\Controllers\OrangTua->index()
 6 SYSTEMPATH\CodeIgniter.php(497): CodeIgniter\CodeIgniter->runController(Object(App\Controllers\OrangTua))
 7 SYSTEMPATH\CodeIgniter.php(340): CodeIgniter\CodeIgniter->handleRequest(null, Object(Config\Cache), false)
 8 SYSTEMPATH\Boot.php(417): CodeIgniter\CodeIgniter->run()
 9 SYSTEMPATH\Boot.php(68): CodeIgniter\Boot::runCodeIgniter(Object(CodeIgniter\CodeIgniter))
10 FCPATH\index.php(59): CodeIgniter\Boot::bootWeb(Object(Config\Paths))
CRITICAL - 2026-05-20 07:45:10 --> [Caused by] CodeIgniter\Database\Exceptions\DatabaseException: Unknown column 'murid.id_murid' in 'on clause'
in SYSTEMPATH\Database\MySQLi\Connection.php on line 310.
 1 SYSTEMPATH\Database\BaseConnection.php(910): CodeIgniter\Database\MySQLi\Connection->execute('SELECT `orang_tua`.*, `murid`.`nama_murid`, `kelas`.`nama_kelas`
FROM `orang_tua`
JOIN `murid` ON `murid`.`id_murid` = `orang_tua`.`id_murid`
JOIN `kelas` ON `kelas`.`id_kelas` = `orang_tua`.`id_kelas`
ORDER BY `orang_tua`.`created_at` DESC')
 2 SYSTEMPATH\Database\BaseConnection.php(827): CodeIgniter\Database\BaseConnection->simpleQuery('SELECT `orang_tua`.*, `murid`.`nama_murid`, `kelas`.`nama_kelas`
FROM `orang_tua`
JOIN `murid` ON `murid`.`id_murid` = `orang_tua`.`id_murid`
JOIN `kelas` ON `kelas`.`id_kelas` = `orang_tua`.`id_kelas`
ORDER BY `orang_tua`.`created_at` DESC')
 3 SYSTEMPATH\Database\BaseBuilder.php(1649): CodeIgniter\Database\BaseConnection->query('SELECT `orang_tua`.*, `murid`.`nama_murid`, `kelas`.`nama_kelas`
FROM `orang_tua`
JOIN `murid` ON `murid`.`id_murid` = `orang_tua`.`id_murid`
JOIN `kelas` ON `kelas`.`id_kelas` = `orang_tua`.`id_kelas`
ORDER BY `orang_tua`.`created_at` DESC', [], false)
 4 SYSTEMPATH\Model.php(253): CodeIgniter\Database\BaseBuilder->get()
 5 SYSTEMPATH\BaseModel.php(676): CodeIgniter\Model->doFindAll(0, 0)
 6 APPPATH\Controllers\OrangTua.php(39): CodeIgniter\BaseModel->findAll()
 7 SYSTEMPATH\CodeIgniter.php(951): App\Controllers\OrangTua->index()
 8 SYSTEMPATH\CodeIgniter.php(497): CodeIgniter\CodeIgniter->runController(Object(App\Controllers\OrangTua))
 9 SYSTEMPATH\CodeIgniter.php(340): CodeIgniter\CodeIgniter->handleRequest(null, Object(Config\Cache), false)
10 SYSTEMPATH\Boot.php(417): CodeIgniter\CodeIgniter->run()
11 SYSTEMPATH\Boot.php(68): CodeIgniter\Boot::runCodeIgniter(Object(CodeIgniter\CodeIgniter))
12 FCPATH\index.php(59): CodeIgniter\Boot::bootWeb(Object(Config\Paths))
CRITICAL - 2026-05-20 07:45:10 --> [Caused by] mysqli_sql_exception: Unknown column 'murid.id_murid' in 'on clause'
in SYSTEMPATH\Database\MySQLi\Connection.php on line 300.
 1 SYSTEMPATH\Database\MySQLi\Connection.php(300): mysqli->query('SELECT `orang_tua`.*, `murid`.`nama_murid`, `kelas`.`nama_kelas`
FROM `orang_tua`
JOIN `murid` ON `murid`.`id_murid` = `orang_tua`.`id_murid`
JOIN `kelas` ON `kelas`.`id_kelas` = `orang_tua`.`id_kelas`
ORDER BY `orang_tua`.`created_at` DESC', 0)
 2 SYSTEMPATH\Database\BaseConnection.php(910): CodeIgniter\Database\MySQLi\Connection->execute('SELECT `orang_tua`.*, `murid`.`nama_murid`, `kelas`.`nama_kelas`
FROM `orang_tua`
JOIN `murid` ON `murid`.`id_murid` = `orang_tua`.`id_murid`
JOIN `kelas` ON `kelas`.`id_kelas` = `orang_tua`.`id_kelas`
ORDER BY `orang_tua`.`created_at` DESC')
 3 SYSTEMPATH\Database\BaseConnection.php(827): CodeIgniter\Database\BaseConnection->simpleQuery('SELECT `orang_tua`.*, `murid`.`nama_murid`, `kelas`.`nama_kelas`
FROM `orang_tua`
JOIN `murid` ON `murid`.`id_murid` = `orang_tua`.`id_murid`
JOIN `kelas` ON `kelas`.`id_kelas` = `orang_tua`.`id_kelas`
ORDER BY `orang_tua`.`created_at` DESC')
 4 SYSTEMPATH\Database\BaseBuilder.php(1649): CodeIgniter\Database\BaseConnection->query('SELECT `orang_tua`.*, `murid`.`nama_murid`, `kelas`.`nama_kelas`
FROM `orang_tua`
JOIN `murid` ON `murid`.`id_murid` = `orang_tua`.`id_murid`
JOIN `kelas` ON `kelas`.`id_kelas` = `orang_tua`.`id_kelas`
ORDER BY `orang_tua`.`created_at` DESC', [], false)
 5 SYSTEMPATH\Model.php(253): CodeIgniter\Database\BaseBuilder->get()
 6 SYSTEMPATH\BaseModel.php(676): CodeIgniter\Model->doFindAll(0, 0)
 7 APPPATH\Controllers\OrangTua.php(39): CodeIgniter\BaseModel->findAll()
 8 SYSTEMPATH\CodeIgniter.php(951): App\Controllers\OrangTua->index()
 9 SYSTEMPATH\CodeIgniter.php(497): CodeIgniter\CodeIgniter->runController(Object(App\Controllers\OrangTua))
10 SYSTEMPATH\CodeIgniter.php(340): CodeIgniter\CodeIgniter->handleRequest(null, Object(Config\Cache), false)
11 SYSTEMPATH\Boot.php(417): CodeIgniter\CodeIgniter->run()
12 SYSTEMPATH\Boot.php(68): CodeIgniter\Boot::runCodeIgniter(Object(CodeIgniter\CodeIgniter))
13 FCPATH\index.php(59): CodeIgniter\Boot::bootWeb(Object(Config\Paths))
ERROR - 2026-05-20 07:45:10 --> Unknown column 'murid.id_murid' in 'on clause'
in SYSTEMPATH\Database\MySQLi\Connection.php on line 300.
 1 SYSTEMPATH\Database\MySQLi\Connection.php(300): mysqli->query('SELECT `orang_tua`.*, `murid`.`nama_murid`, `kelas`.`nama_kelas`
FROM `orang_tua`
JOIN `murid` ON `murid`.`id_murid` = `orang_tua`.`id_murid`
JOIN `kelas` ON `kelas`.`id_kelas` = `orang_tua`.`id_kelas`
ORDER BY `orang_tua`.`created_at` DESC', 0)
 2 SYSTEMPATH\Database\BaseConnection.php(910): CodeIgniter\Database\MySQLi\Connection->execute('SELECT `orang_tua`.*, `murid`.`nama_murid`, `kelas`.`nama_kelas`
FROM `orang_tua`
JOIN `murid` ON `murid`.`id_murid` = `orang_tua`.`id_murid`
JOIN `kelas` ON `kelas`.`id_kelas` = `orang_tua`.`id_kelas`
ORDER BY `orang_tua`.`created_at` DESC')
 3 SYSTEMPATH\Database\BaseConnection.php(827): CodeIgniter\Database\BaseConnection->simpleQuery('SELECT `orang_tua`.*, `murid`.`nama_murid`, `kelas`.`nama_kelas`
FROM `orang_tua`
JOIN `murid` ON `murid`.`id_murid` = `orang_tua`.`id_murid`
JOIN `kelas` ON `kelas`.`id_kelas` = `orang_tua`.`id_kelas`
ORDER BY `orang_tua`.`created_at` DESC')
 4 SYSTEMPATH\Database\BaseBuilder.php(1649): CodeIgniter\Database\BaseConnection->query('SELECT `orang_tua`.*, `murid`.`nama_murid`, `kelas`.`nama_kelas`
FROM `orang_tua`
JOIN `murid` ON `murid`.`id_murid` = `orang_tua`.`id_murid`
JOIN `kelas` ON `kelas`.`id_kelas` = `orang_tua`.`id_kelas`
ORDER BY `orang_tua`.`created_at` DESC', [], false)
 5 SYSTEMPATH\Model.php(253): CodeIgniter\Database\BaseBuilder->get()
 6 SYSTEMPATH\BaseModel.php(676): CodeIgniter\Model->doFindAll(0, 0)
 7 APPPATH\Controllers\OrangTua.php(39): CodeIgniter\BaseModel->findAll()
 8 SYSTEMPATH\CodeIgniter.php(951): App\Controllers\OrangTua->index()
 9 SYSTEMPATH\CodeIgniter.php(497): CodeIgniter\CodeIgniter->runController(Object(App\Controllers\OrangTua))
10 SYSTEMPATH\CodeIgniter.php(340): CodeIgniter\CodeIgniter->handleRequest(null, Object(Config\Cache), false)
11 SYSTEMPATH\Boot.php(417): CodeIgniter\CodeIgniter->run()
12 SYSTEMPATH\Boot.php(68): CodeIgniter\Boot::runCodeIgniter(Object(CodeIgniter\CodeIgniter))
13 FCPATH\index.php(59): CodeIgniter\Boot::bootWeb(Object(Config\Paths))
CRITICAL - 2026-05-20 07:45:10 --> CodeIgniter\Database\Exceptions\DatabaseException: Unknown column 'murid.id_murid' in 'on clause'
[Method: GET, Route: orang-tua]
in SYSTEMPATH\Database\BaseConnection.php on line 865.
 1 SYSTEMPATH\Database\BaseBuilder.php(1649): CodeIgniter\Database\BaseConnection->query('SELECT `orang_tua`.*, `murid`.`nama_murid`, `kelas`.`nama_kelas`
FROM `orang_tua`
JOIN `murid` ON `murid`.`id_murid` = `orang_tua`.`id_murid`
JOIN `kelas` ON `kelas`.`id_kelas` = `orang_tua`.`id_kelas`
ORDER BY `orang_tua`.`created_at` DESC', [], false)
 2 SYSTEMPATH\Model.php(253): CodeIgniter\Database\BaseBuilder->get()
 3 SYSTEMPATH\BaseModel.php(676): CodeIgniter\Model->doFindAll(0, 0)
 4 APPPATH\Controllers\OrangTua.php(39): CodeIgniter\BaseModel->findAll()
 5 SYSTEMPATH\CodeIgniter.php(951): App\Controllers\OrangTua->index()
 6 SYSTEMPATH\CodeIgniter.php(497): CodeIgniter\CodeIgniter->runController(Object(App\Controllers\OrangTua))
 7 SYSTEMPATH\CodeIgniter.php(340): CodeIgniter\CodeIgniter->handleRequest(null, Object(Config\Cache), false)
 8 SYSTEMPATH\Boot.php(417): CodeIgniter\CodeIgniter->run()
 9 SYSTEMPATH\Boot.php(68): CodeIgniter\Boot::runCodeIgniter(Object(CodeIgniter\CodeIgniter))
10 FCPATH\index.php(59): CodeIgniter\Boot::bootWeb(Object(Config\Paths))
CRITICAL - 2026-05-20 07:45:10 --> [Caused by] CodeIgniter\Database\Exceptions\DatabaseException: Unknown column 'murid.id_murid' in 'on clause'
in SYSTEMPATH\Database\MySQLi\Connection.php on line 310.
 1 SYSTEMPATH\Database\BaseConnection.php(910): CodeIgniter\Database\MySQLi\Connection->execute('SELECT `orang_tua`.*, `murid`.`nama_murid`, `kelas`.`nama_kelas`
FROM `orang_tua`
JOIN `murid` ON `murid`.`id_murid` = `orang_tua`.`id_murid`
JOIN `kelas` ON `kelas`.`id_kelas` = `orang_tua`.`id_kelas`
ORDER BY `orang_tua`.`created_at` DESC')
 2 SYSTEMPATH\Database\BaseConnection.php(827): CodeIgniter\Database\BaseConnection->simpleQuery('SELECT `orang_tua`.*, `murid`.`nama_murid`, `kelas`.`nama_kelas`
FROM `orang_tua`
JOIN `murid` ON `murid`.`id_murid` = `orang_tua`.`id_murid`
JOIN `kelas` ON `kelas`.`id_kelas` = `orang_tua`.`id_kelas`
ORDER BY `orang_tua`.`created_at` DESC')
 3 SYSTEMPATH\Database\BaseBuilder.php(1649): CodeIgniter\Database\BaseConnection->query('SELECT `orang_tua`.*, `murid`.`nama_murid`, `kelas`.`nama_kelas`
FROM `orang_tua`
JOIN `murid` ON `murid`.`id_murid` = `orang_tua`.`id_murid`
JOIN `kelas` ON `kelas`.`id_kelas` = `orang_tua`.`id_kelas`
ORDER BY `orang_tua`.`created_at` DESC', [], false)
 4 SYSTEMPATH\Model.php(253): CodeIgniter\Database\BaseBuilder->get()
 5 SYSTEMPATH\BaseModel.php(676): CodeIgniter\Model->doFindAll(0, 0)
 6 APPPATH\Controllers\OrangTua.php(39): CodeIgniter\BaseModel->findAll()
 7 SYSTEMPATH\CodeIgniter.php(951): App\Controllers\OrangTua->index()
 8 SYSTEMPATH\CodeIgniter.php(497): CodeIgniter\CodeIgniter->runController(Object(App\Controllers\OrangTua))
 9 SYSTEMPATH\CodeIgniter.php(340): CodeIgniter\CodeIgniter->handleRequest(null, Object(Config\Cache), false)
10 SYSTEMPATH\Boot.php(417): CodeIgniter\CodeIgniter->run()
11 SYSTEMPATH\Boot.php(68): CodeIgniter\Boot::runCodeIgniter(Object(CodeIgniter\CodeIgniter))
12 FCPATH\index.php(59): CodeIgniter\Boot::bootWeb(Object(Config\Paths))
CRITICAL - 2026-05-20 07:45:10 --> [Caused by] mysqli_sql_exception: Unknown column 'murid.id_murid' in 'on clause'
in SYSTEMPATH\Database\MySQLi\Connection.php on line 300.
 1 SYSTEMPATH\Database\MySQLi\Connection.php(300): mysqli->query('SELECT `orang_tua`.*, `murid`.`nama_murid`, `kelas`.`nama_kelas`
FROM `orang_tua`
JOIN `murid` ON `murid`.`id_murid` = `orang_tua`.`id_murid`
JOIN `kelas` ON `kelas`.`id_kelas` = `orang_tua`.`id_kelas`
ORDER BY `orang_tua`.`created_at` DESC', 0)
 2 SYSTEMPATH\Database\BaseConnection.php(910): CodeIgniter\Database\MySQLi\Connection->execute('SELECT `orang_tua`.*, `murid`.`nama_murid`, `kelas`.`nama_kelas`
FROM `orang_tua`
JOIN `murid` ON `murid`.`id_murid` = `orang_tua`.`id_murid`
JOIN `kelas` ON `kelas`.`id_kelas` = `orang_tua`.`id_kelas`
ORDER BY `orang_tua`.`created_at` DESC')
 3 SYSTEMPATH\Database\BaseConnection.php(827): CodeIgniter\Database\BaseConnection->simpleQuery('SELECT `orang_tua`.*, `murid`.`nama_murid`, `kelas`.`nama_kelas`
FROM `orang_tua`
JOIN `murid` ON `murid`.`id_murid` = `orang_tua`.`id_murid`
JOIN `kelas` ON `kelas`.`id_kelas` = `orang_tua`.`id_kelas`
ORDER BY `orang_tua`.`created_at` DESC')
 4 SYSTEMPATH\Database\BaseBuilder.php(1649): CodeIgniter\Database\BaseConnection->query('SELECT `orang_tua`.*, `murid`.`nama_murid`, `kelas`.`nama_kelas`
FROM `orang_tua`
JOIN `murid` ON `murid`.`id_murid` = `orang_tua`.`id_murid`
JOIN `kelas` ON `kelas`.`id_kelas` = `orang_tua`.`id_kelas`
ORDER BY `orang_tua`.`created_at` DESC', [], false)
 5 SYSTEMPATH\Model.php(253): CodeIgniter\Database\BaseBuilder->get()
 6 SYSTEMPATH\BaseModel.php(676): CodeIgniter\Model->doFindAll(0, 0)
 7 APPPATH\Controllers\OrangTua.php(39): CodeIgniter\BaseModel->findAll()
 8 SYSTEMPATH\CodeIgniter.php(951): App\Controllers\OrangTua->index()
 9 SYSTEMPATH\CodeIgniter.php(497): CodeIgniter\CodeIgniter->runController(Object(App\Controllers\OrangTua))
10 SYSTEMPATH\CodeIgniter.php(340): CodeIgniter\CodeIgniter->handleRequest(null, Object(Config\Cache), false)
11 SYSTEMPATH\Boot.php(417): CodeIgniter\CodeIgniter->run()
12 SYSTEMPATH\Boot.php(68): CodeIgniter\Boot::runCodeIgniter(Object(CodeIgniter\CodeIgniter))
13 FCPATH\index.php(59): CodeIgniter\Boot::bootWeb(Object(Config\Paths))
ERROR - 2026-05-20 07:45:11 --> Unknown column 'murid.id_murid' in 'on clause'
in SYSTEMPATH\Database\MySQLi\Connection.php on line 300.
 1 SYSTEMPATH\Database\MySQLi\Connection.php(300): mysqli->query('SELECT `orang_tua`.*, `murid`.`nama_murid`, `kelas`.`nama_kelas`
FROM `orang_tua`
JOIN `murid` ON `murid`.`id_murid` = `orang_tua`.`id_murid`
JOIN `kelas` ON `kelas`.`id_kelas` = `orang_tua`.`id_kelas`
ORDER BY `orang_tua`.`created_at` DESC', 0)
 2 SYSTEMPATH\Database\BaseConnection.php(910): CodeIgniter\Database\MySQLi\Connection->execute('SELECT `orang_tua`.*, `murid`.`nama_murid`, `kelas`.`nama_kelas`
FROM `orang_tua`
JOIN `murid` ON `murid`.`id_murid` = `orang_tua`.`id_murid`
JOIN `kelas` ON `kelas`.`id_kelas` = `orang_tua`.`id_kelas`
ORDER BY `orang_tua`.`created_at` DESC')
 3 SYSTEMPATH\Database\BaseConnection.php(827): CodeIgniter\Database\BaseConnection->simpleQuery('SELECT `orang_tua`.*, `murid`.`nama_murid`, `kelas`.`nama_kelas`
FROM `orang_tua`
JOIN `murid` ON `murid`.`id_murid` = `orang_tua`.`id_murid`
JOIN `kelas` ON `kelas`.`id_kelas` = `orang_tua`.`id_kelas`
ORDER BY `orang_tua`.`created_at` DESC')
 4 SYSTEMPATH\Database\BaseBuilder.php(1649): CodeIgniter\Database\BaseConnection->query('SELECT `orang_tua`.*, `murid`.`nama_murid`, `kelas`.`nama_kelas`
FROM `orang_tua`
JOIN `murid` ON `murid`.`id_murid` = `orang_tua`.`id_murid`
JOIN `kelas` ON `kelas`.`id_kelas` = `orang_tua`.`id_kelas`
ORDER BY `orang_tua`.`created_at` DESC', [], false)
 5 SYSTEMPATH\Model.php(253): CodeIgniter\Database\BaseBuilder->get()
 6 SYSTEMPATH\BaseModel.php(676): CodeIgniter\Model->doFindAll(0, 0)
 7 APPPATH\Controllers\OrangTua.php(39): CodeIgniter\BaseModel->findAll()
 8 SYSTEMPATH\CodeIgniter.php(951): App\Controllers\OrangTua->index()
 9 SYSTEMPATH\CodeIgniter.php(497): CodeIgniter\CodeIgniter->runController(Object(App\Controllers\OrangTua))
10 SYSTEMPATH\CodeIgniter.php(340): CodeIgniter\CodeIgniter->handleRequest(null, Object(Config\Cache), false)
11 SYSTEMPATH\Boot.php(417): CodeIgniter\CodeIgniter->run()
12 SYSTEMPATH\Boot.php(68): CodeIgniter\Boot::runCodeIgniter(Object(CodeIgniter\CodeIgniter))
13 FCPATH\index.php(59): CodeIgniter\Boot::bootWeb(Object(Config\Paths))
CRITICAL - 2026-05-20 07:45:11 --> CodeIgniter\Database\Exceptions\DatabaseException: Unknown column 'murid.id_murid' in 'on clause'
[Method: GET, Route: orang-tua]
in SYSTEMPATH\Database\BaseConnection.php on line 865.
 1 SYSTEMPATH\Database\BaseBuilder.php(1649): CodeIgniter\Database\BaseConnection->query('SELECT `orang_tua`.*, `murid`.`nama_murid`, `kelas`.`nama_kelas`
FROM `orang_tua`
JOIN `murid` ON `murid`.`id_murid` = `orang_tua`.`id_murid`
JOIN `kelas` ON `kelas`.`id_kelas` = `orang_tua`.`id_kelas`
ORDER BY `orang_tua`.`created_at` DESC', [], false)
 2 SYSTEMPATH\Model.php(253): CodeIgniter\Database\BaseBuilder->get()
 3 SYSTEMPATH\BaseModel.php(676): CodeIgniter\Model->doFindAll(0, 0)
 4 APPPATH\Controllers\OrangTua.php(39): CodeIgniter\BaseModel->findAll()
 5 SYSTEMPATH\CodeIgniter.php(951): App\Controllers\OrangTua->index()
 6 SYSTEMPATH\CodeIgniter.php(497): CodeIgniter\CodeIgniter->runController(Object(App\Controllers\OrangTua))
 7 SYSTEMPATH\CodeIgniter.php(340): CodeIgniter\CodeIgniter->handleRequest(null, Object(Config\Cache), false)
 8 SYSTEMPATH\Boot.php(417): CodeIgniter\CodeIgniter->run()
 9 SYSTEMPATH\Boot.php(68): CodeIgniter\Boot::runCodeIgniter(Object(CodeIgniter\CodeIgniter))
10 FCPATH\index.php(59): CodeIgniter\Boot::bootWeb(Object(Config\Paths))
CRITICAL - 2026-05-20 07:45:11 --> [Caused by] CodeIgniter\Database\Exceptions\DatabaseException: Unknown column 'murid.id_murid' in 'on clause'
in SYSTEMPATH\Database\MySQLi\Connection.php on line 310.
 1 SYSTEMPATH\Database\BaseConnection.php(910): CodeIgniter\Database\MySQLi\Connection->execute('SELECT `orang_tua`.*, `murid`.`nama_murid`, `kelas`.`nama_kelas`
FROM `orang_tua`
JOIN `murid` ON `murid`.`id_murid` = `orang_tua`.`id_murid`
JOIN `kelas` ON `kelas`.`id_kelas` = `orang_tua`.`id_kelas`
ORDER BY `orang_tua`.`created_at` DESC')
 2 SYSTEMPATH\Database\BaseConnection.php(827): CodeIgniter\Database\BaseConnection->simpleQuery('SELECT `orang_tua`.*, `murid`.`nama_murid`, `kelas`.`nama_kelas`
FROM `orang_tua`
JOIN `murid` ON `murid`.`id_murid` = `orang_tua`.`id_murid`
JOIN `kelas` ON `kelas`.`id_kelas` = `orang_tua`.`id_kelas`
ORDER BY `orang_tua`.`created_at` DESC')
 3 SYSTEMPATH\Database\BaseBuilder.php(1649): CodeIgniter\Database\BaseConnection->query('SELECT `orang_tua`.*, `murid`.`nama_murid`, `kelas`.`nama_kelas`
FROM `orang_tua`
JOIN `murid` ON `murid`.`id_murid` = `orang_tua`.`id_murid`
JOIN `kelas` ON `kelas`.`id_kelas` = `orang_tua`.`id_kelas`
ORDER BY `orang_tua`.`created_at` DESC', [], false)
 4 SYSTEMPATH\Model.php(253): CodeIgniter\Database\BaseBuilder->get()
 5 SYSTEMPATH\BaseModel.php(676): CodeIgniter\Model->doFindAll(0, 0)
 6 APPPATH\Controllers\OrangTua.php(39): CodeIgniter\BaseModel->findAll()
 7 SYSTEMPATH\CodeIgniter.php(951): App\Controllers\OrangTua->index()
 8 SYSTEMPATH\CodeIgniter.php(497): CodeIgniter\CodeIgniter->runController(Object(App\Controllers\OrangTua))
 9 SYSTEMPATH\CodeIgniter.php(340): CodeIgniter\CodeIgniter->handleRequest(null, Object(Config\Cache), false)
10 SYSTEMPATH\Boot.php(417): CodeIgniter\CodeIgniter->run()
11 SYSTEMPATH\Boot.php(68): CodeIgniter\Boot::runCodeIgniter(Object(CodeIgniter\CodeIgniter))
12 FCPATH\index.php(59): CodeIgniter\Boot::bootWeb(Object(Config\Paths))
CRITICAL - 2026-05-20 07:45:11 --> [Caused by] mysqli_sql_exception: Unknown column 'murid.id_murid' in 'on clause'
in SYSTEMPATH\Database\MySQLi\Connection.php on line 300.
 1 SYSTEMPATH\Database\MySQLi\Connection.php(300): mysqli->query('SELECT `orang_tua`.*, `murid`.`nama_murid`, `kelas`.`nama_kelas`
FROM `orang_tua`
JOIN `murid` ON `murid`.`id_murid` = `orang_tua`.`id_murid`
JOIN `kelas` ON `kelas`.`id_kelas` = `orang_tua`.`id_kelas`
ORDER BY `orang_tua`.`created_at` DESC', 0)
 2 SYSTEMPATH\Database\BaseConnection.php(910): CodeIgniter\Database\MySQLi\Connection->execute('SELECT `orang_tua`.*, `murid`.`nama_murid`, `kelas`.`nama_kelas`
FROM `orang_tua`
JOIN `murid` ON `murid`.`id_murid` = `orang_tua`.`id_murid`
JOIN `kelas` ON `kelas`.`id_kelas` = `orang_tua`.`id_kelas`
ORDER BY `orang_tua`.`created_at` DESC')
 3 SYSTEMPATH\Database\BaseConnection.php(827): CodeIgniter\Database\BaseConnection->simpleQuery('SELECT `orang_tua`.*, `murid`.`nama_murid`, `kelas`.`nama_kelas`
FROM `orang_tua`
JOIN `murid` ON `murid`.`id_murid` = `orang_tua`.`id_murid`
JOIN `kelas` ON `kelas`.`id_kelas` = `orang_tua`.`id_kelas`
ORDER BY `orang_tua`.`created_at` DESC')
 4 SYSTEMPATH\Database\BaseBuilder.php(1649): CodeIgniter\Database\BaseConnection->query('SELECT `orang_tua`.*, `murid`.`nama_murid`, `kelas`.`nama_kelas`
FROM `orang_tua`
JOIN `murid` ON `murid`.`id_murid` = `orang_tua`.`id_murid`
JOIN `kelas` ON `kelas`.`id_kelas` = `orang_tua`.`id_kelas`
ORDER BY `orang_tua`.`created_at` DESC', [], false)
 5 SYSTEMPATH\Model.php(253): CodeIgniter\Database\BaseBuilder->get()
 6 SYSTEMPATH\BaseModel.php(676): CodeIgniter\Model->doFindAll(0, 0)
 7 APPPATH\Controllers\OrangTua.php(39): CodeIgniter\BaseModel->findAll()
 8 SYSTEMPATH\CodeIgniter.php(951): App\Controllers\OrangTua->index()
 9 SYSTEMPATH\CodeIgniter.php(497): CodeIgniter\CodeIgniter->runController(Object(App\Controllers\OrangTua))
10 SYSTEMPATH\CodeIgniter.php(340): CodeIgniter\CodeIgniter->handleRequest(null, Object(Config\Cache), false)
11 SYSTEMPATH\Boot.php(417): CodeIgniter\CodeIgniter->run()
12 SYSTEMPATH\Boot.php(68): CodeIgniter\Boot::runCodeIgniter(Object(CodeIgniter\CodeIgniter))
13 FCPATH\index.php(59): CodeIgniter\Boot::bootWeb(Object(Config\Paths))
ERROR - 2026-05-20 07:45:11 --> Unknown column 'murid.id_murid' in 'on clause'
in SYSTEMPATH\Database\MySQLi\Connection.php on line 300.
 1 SYSTEMPATH\Database\MySQLi\Connection.php(300): mysqli->query('SELECT `orang_tua`.*, `murid`.`nama_murid`, `kelas`.`nama_kelas`
FROM `orang_tua`
JOIN `murid` ON `murid`.`id_murid` = `orang_tua`.`id_murid`
JOIN `kelas` ON `kelas`.`id_kelas` = `orang_tua`.`id_kelas`
ORDER BY `orang_tua`.`created_at` DESC', 0)
 2 SYSTEMPATH\Database\BaseConnection.php(910): CodeIgniter\Database\MySQLi\Connection->execute('SELECT `orang_tua`.*, `murid`.`nama_murid`, `kelas`.`nama_kelas`
FROM `orang_tua`
JOIN `murid` ON `murid`.`id_murid` = `orang_tua`.`id_murid`
JOIN `kelas` ON `kelas`.`id_kelas` = `orang_tua`.`id_kelas`
ORDER BY `orang_tua`.`created_at` DESC')
 3 SYSTEMPATH\Database\BaseConnection.php(827): CodeIgniter\Database\BaseConnection->simpleQuery('SELECT `orang_tua`.*, `murid`.`nama_murid`, `kelas`.`nama_kelas`
FROM `orang_tua`
JOIN `murid` ON `murid`.`id_murid` = `orang_tua`.`id_murid`
JOIN `kelas` ON `kelas`.`id_kelas` = `orang_tua`.`id_kelas`
ORDER BY `orang_tua`.`created_at` DESC')
 4 SYSTEMPATH\Database\BaseBuilder.php(1649): CodeIgniter\Database\BaseConnection->query('SELECT `orang_tua`.*, `murid`.`nama_murid`, `kelas`.`nama_kelas`
FROM `orang_tua`
JOIN `murid` ON `murid`.`id_murid` = `orang_tua`.`id_murid`
JOIN `kelas` ON `kelas`.`id_kelas` = `orang_tua`.`id_kelas`
ORDER BY `orang_tua`.`created_at` DESC', [], false)
 5 SYSTEMPATH\Model.php(253): CodeIgniter\Database\BaseBuilder->get()
 6 SYSTEMPATH\BaseModel.php(676): CodeIgniter\Model->doFindAll(0, 0)
 7 APPPATH\Controllers\OrangTua.php(39): CodeIgniter\BaseModel->findAll()
 8 SYSTEMPATH\CodeIgniter.php(951): App\Controllers\OrangTua->index()
 9 SYSTEMPATH\CodeIgniter.php(497): CodeIgniter\CodeIgniter->runController(Object(App\Controllers\OrangTua))
10 SYSTEMPATH\CodeIgniter.php(340): CodeIgniter\CodeIgniter->handleRequest(null, Object(Config\Cache), false)
11 SYSTEMPATH\Boot.php(417): CodeIgniter\CodeIgniter->run()
12 SYSTEMPATH\Boot.php(68): CodeIgniter\Boot::runCodeIgniter(Object(CodeIgniter\CodeIgniter))
13 FCPATH\index.php(59): CodeIgniter\Boot::bootWeb(Object(Config\Paths))
CRITICAL - 2026-05-20 07:45:11 --> CodeIgniter\Database\Exceptions\DatabaseException: Unknown column 'murid.id_murid' in 'on clause'
[Method: GET, Route: orang-tua]
in SYSTEMPATH\Database\BaseConnection.php on line 865.
 1 SYSTEMPATH\Database\BaseBuilder.php(1649): CodeIgniter\Database\BaseConnection->query('SELECT `orang_tua`.*, `murid`.`nama_murid`, `kelas`.`nama_kelas`
FROM `orang_tua`
JOIN `murid` ON `murid`.`id_murid` = `orang_tua`.`id_murid`
JOIN `kelas` ON `kelas`.`id_kelas` = `orang_tua`.`id_kelas`
ORDER BY `orang_tua`.`created_at` DESC', [], false)
 2 SYSTEMPATH\Model.php(253): CodeIgniter\Database\BaseBuilder->get()
 3 SYSTEMPATH\BaseModel.php(676): CodeIgniter\Model->doFindAll(0, 0)
 4 APPPATH\Controllers\OrangTua.php(39): CodeIgniter\BaseModel->findAll()
 5 SYSTEMPATH\CodeIgniter.php(951): App\Controllers\OrangTua->index()
 6 SYSTEMPATH\CodeIgniter.php(497): CodeIgniter\CodeIgniter->runController(Object(App\Controllers\OrangTua))
 7 SYSTEMPATH\CodeIgniter.php(340): CodeIgniter\CodeIgniter->handleRequest(null, Object(Config\Cache), false)
 8 SYSTEMPATH\Boot.php(417): CodeIgniter\CodeIgniter->run()
 9 SYSTEMPATH\Boot.php(68): CodeIgniter\Boot::runCodeIgniter(Object(CodeIgniter\CodeIgniter))
10 FCPATH\index.php(59): CodeIgniter\Boot::bootWeb(Object(Config\Paths))
CRITICAL - 2026-05-20 07:45:11 --> [Caused by] CodeIgniter\Database\Exceptions\DatabaseException: Unknown column 'murid.id_murid' in 'on clause'
in SYSTEMPATH\Database\MySQLi\Connection.php on line 310.
 1 SYSTEMPATH\Database\BaseConnection.php(910): CodeIgniter\Database\MySQLi\Connection->execute('SELECT `orang_tua`.*, `murid`.`nama_murid`, `kelas`.`nama_kelas`
FROM `orang_tua`
JOIN `murid` ON `murid`.`id_murid` = `orang_tua`.`id_murid`
JOIN `kelas` ON `kelas`.`id_kelas` = `orang_tua`.`id_kelas`
ORDER BY `orang_tua`.`created_at` DESC')
 2 SYSTEMPATH\Database\BaseConnection.php(827): CodeIgniter\Database\BaseConnection->simpleQuery('SELECT `orang_tua`.*, `murid`.`nama_murid`, `kelas`.`nama_kelas`
FROM `orang_tua`
JOIN `murid` ON `murid`.`id_murid` = `orang_tua`.`id_murid`
JOIN `kelas` ON `kelas`.`id_kelas` = `orang_tua`.`id_kelas`
ORDER BY `orang_tua`.`created_at` DESC')
 3 SYSTEMPATH\Database\BaseBuilder.php(1649): CodeIgniter\Database\BaseConnection->query('SELECT `orang_tua`.*, `murid`.`nama_murid`, `kelas`.`nama_kelas`
FROM `orang_tua`
JOIN `murid` ON `murid`.`id_murid` = `orang_tua`.`id_murid`
JOIN `kelas` ON `kelas`.`id_kelas` = `orang_tua`.`id_kelas`
ORDER BY `orang_tua`.`created_at` DESC', [], false)
 4 SYSTEMPATH\Model.php(253): CodeIgniter\Database\BaseBuilder->get()
 5 SYSTEMPATH\BaseModel.php(676): CodeIgniter\Model->doFindAll(0, 0)
 6 APPPATH\Controllers\OrangTua.php(39): CodeIgniter\BaseModel->findAll()
 7 SYSTEMPATH\CodeIgniter.php(951): App\Controllers\OrangTua->index()
 8 SYSTEMPATH\CodeIgniter.php(497): CodeIgniter\CodeIgniter->runController(Object(App\Controllers\OrangTua))
 9 SYSTEMPATH\CodeIgniter.php(340): CodeIgniter\CodeIgniter->handleRequest(null, Object(Config\Cache), false)
10 SYSTEMPATH\Boot.php(417): CodeIgniter\CodeIgniter->run()
11 SYSTEMPATH\Boot.php(68): CodeIgniter\Boot::runCodeIgniter(Object(CodeIgniter\CodeIgniter))
12 FCPATH\index.php(59): CodeIgniter\Boot::bootWeb(Object(Config\Paths))
CRITICAL - 2026-05-20 07:45:11 --> [Caused by] mysqli_sql_exception: Unknown column 'murid.id_murid' in 'on clause'
in SYSTEMPATH\Database\MySQLi\Connection.php on line 300.
 1 SYSTEMPATH\Database\MySQLi\Connection.php(300): mysqli->query('SELECT `orang_tua`.*, `murid`.`nama_murid`, `kelas`.`nama_kelas`
FROM `orang_tua`
JOIN `murid` ON `murid`.`id_murid` = `orang_tua`.`id_murid`
JOIN `kelas` ON `kelas`.`id_kelas` = `orang_tua`.`id_kelas`
ORDER BY `orang_tua`.`created_at` DESC', 0)
 2 SYSTEMPATH\Database\BaseConnection.php(910): CodeIgniter\Database\MySQLi\Connection->execute('SELECT `orang_tua`.*, `murid`.`nama_murid`, `kelas`.`nama_kelas`
FROM `orang_tua`
JOIN `murid` ON `murid`.`id_murid` = `orang_tua`.`id_murid`
JOIN `kelas` ON `kelas`.`id_kelas` = `orang_tua`.`id_kelas`
ORDER BY `orang_tua`.`created_at` DESC')
 3 SYSTEMPATH\Database\BaseConnection.php(827): CodeIgniter\Database\BaseConnection->simpleQuery('SELECT `orang_tua`.*, `murid`.`nama_murid`, `kelas`.`nama_kelas`
FROM `orang_tua`
JOIN `murid` ON `murid`.`id_murid` = `orang_tua`.`id_murid`
JOIN `kelas` ON `kelas`.`id_kelas` = `orang_tua`.`id_kelas`
ORDER BY `orang_tua`.`created_at` DESC')
 4 SYSTEMPATH\Database\BaseBuilder.php(1649): CodeIgniter\Database\BaseConnection->query('SELECT `orang_tua`.*, `murid`.`nama_murid`, `kelas`.`nama_kelas`
FROM `orang_tua`
JOIN `murid` ON `murid`.`id_murid` = `orang_tua`.`id_murid`
JOIN `kelas` ON `kelas`.`id_kelas` = `orang_tua`.`id_kelas`
ORDER BY `orang_tua`.`created_at` DESC', [], false)
 5 SYSTEMPATH\Model.php(253): CodeIgniter\Database\BaseBuilder->get()
 6 SYSTEMPATH\BaseModel.php(676): CodeIgniter\Model->doFindAll(0, 0)
 7 APPPATH\Controllers\OrangTua.php(39): CodeIgniter\BaseModel->findAll()
 8 SYSTEMPATH\CodeIgniter.php(951): App\Controllers\OrangTua->index()
 9 SYSTEMPATH\CodeIgniter.php(497): CodeIgniter\CodeIgniter->runController(Object(App\Controllers\OrangTua))
10 SYSTEMPATH\CodeIgniter.php(340): CodeIgniter\CodeIgniter->handleRequest(null, Object(Config\Cache), false)
11 SYSTEMPATH\Boot.php(417): CodeIgniter\CodeIgniter->run()
12 SYSTEMPATH\Boot.php(68): CodeIgniter\Boot::runCodeIgniter(Object(CodeIgniter\CodeIgniter))
13 FCPATH\index.php(59): CodeIgniter\Boot::bootWeb(Object(Config\Paths))
ERROR - 2026-05-20 07:45:11 --> Unknown column 'murid.id_murid' in 'on clause'
in SYSTEMPATH\Database\MySQLi\Connection.php on line 300.
 1 SYSTEMPATH\Database\MySQLi\Connection.php(300): mysqli->query('SELECT `orang_tua`.*, `murid`.`nama_murid`, `kelas`.`nama_kelas`
FROM `orang_tua`
JOIN `murid` ON `murid`.`id_murid` = `orang_tua`.`id_murid`
JOIN `kelas` ON `kelas`.`id_kelas` = `orang_tua`.`id_kelas`
ORDER BY `orang_tua`.`created_at` DESC', 0)
 2 SYSTEMPATH\Database\BaseConnection.php(910): CodeIgniter\Database\MySQLi\Connection->execute('SELECT `orang_tua`.*, `murid`.`nama_murid`, `kelas`.`nama_kelas`
FROM `orang_tua`
JOIN `murid` ON `murid`.`id_murid` = `orang_tua`.`id_murid`
JOIN `kelas` ON `kelas`.`id_kelas` = `orang_tua`.`id_kelas`
ORDER BY `orang_tua`.`created_at` DESC')
 3 SYSTEMPATH\Database\BaseConnection.php(827): CodeIgniter\Database\BaseConnection->simpleQuery('SELECT `orang_tua`.*, `murid`.`nama_murid`, `kelas`.`nama_kelas`
FROM `orang_tua`
JOIN `murid` ON `murid`.`id_murid` = `orang_tua`.`id_murid`
JOIN `kelas` ON `kelas`.`id_kelas` = `orang_tua`.`id_kelas`
ORDER BY `orang_tua`.`created_at` DESC')
 4 SYSTEMPATH\Database\BaseBuilder.php(1649): CodeIgniter\Database\BaseConnection->query('SELECT `orang_tua`.*, `murid`.`nama_murid`, `kelas`.`nama_kelas`
FROM `orang_tua`
JOIN `murid` ON `murid`.`id_murid` = `orang_tua`.`id_murid`
JOIN `kelas` ON `kelas`.`id_kelas` = `orang_tua`.`id_kelas`
ORDER BY `orang_tua`.`created_at` DESC', [], false)
 5 SYSTEMPATH\Model.php(253): CodeIgniter\Database\BaseBuilder->get()
 6 SYSTEMPATH\BaseModel.php(676): CodeIgniter\Model->doFindAll(0, 0)
 7 APPPATH\Controllers\OrangTua.php(39): CodeIgniter\BaseModel->findAll()
 8 SYSTEMPATH\CodeIgniter.php(951): App\Controllers\OrangTua->index()
 9 SYSTEMPATH\CodeIgniter.php(497): CodeIgniter\CodeIgniter->runController(Object(App\Controllers\OrangTua))
10 SYSTEMPATH\CodeIgniter.php(340): CodeIgniter\CodeIgniter->handleRequest(null, Object(Config\Cache), false)
11 SYSTEMPATH\Boot.php(417): CodeIgniter\CodeIgniter->run()
12 SYSTEMPATH\Boot.php(68): CodeIgniter\Boot::runCodeIgniter(Object(CodeIgniter\CodeIgniter))
13 FCPATH\index.php(59): CodeIgniter\Boot::bootWeb(Object(Config\Paths))
CRITICAL - 2026-05-20 07:45:11 --> CodeIgniter\Database\Exceptions\DatabaseException: Unknown column 'murid.id_murid' in 'on clause'
[Method: GET, Route: orang-tua]
in SYSTEMPATH\Database\BaseConnection.php on line 865.
 1 SYSTEMPATH\Database\BaseBuilder.php(1649): CodeIgniter\Database\BaseConnection->query('SELECT `orang_tua`.*, `murid`.`nama_murid`, `kelas`.`nama_kelas`
FROM `orang_tua`
JOIN `murid` ON `murid`.`id_murid` = `orang_tua`.`id_murid`
JOIN `kelas` ON `kelas`.`id_kelas` = `orang_tua`.`id_kelas`
ORDER BY `orang_tua`.`created_at` DESC', [], false)
 2 SYSTEMPATH\Model.php(253): CodeIgniter\Database\BaseBuilder->get()
 3 SYSTEMPATH\BaseModel.php(676): CodeIgniter\Model->doFindAll(0, 0)
 4 APPPATH\Controllers\OrangTua.php(39): CodeIgniter\BaseModel->findAll()
 5 SYSTEMPATH\CodeIgniter.php(951): App\Controllers\OrangTua->index()
 6 SYSTEMPATH\CodeIgniter.php(497): CodeIgniter\CodeIgniter->runController(Object(App\Controllers\OrangTua))
 7 SYSTEMPATH\CodeIgniter.php(340): CodeIgniter\CodeIgniter->handleRequest(null, Object(Config\Cache), false)
 8 SYSTEMPATH\Boot.php(417): CodeIgniter\CodeIgniter->run()
 9 SYSTEMPATH\Boot.php(68): CodeIgniter\Boot::runCodeIgniter(Object(CodeIgniter\CodeIgniter))
10 FCPATH\index.php(59): CodeIgniter\Boot::bootWeb(Object(Config\Paths))
CRITICAL - 2026-05-20 07:45:11 --> [Caused by] CodeIgniter\Database\Exceptions\DatabaseException: Unknown column 'murid.id_murid' in 'on clause'
in SYSTEMPATH\Database\MySQLi\Connection.php on line 310.
 1 SYSTEMPATH\Database\BaseConnection.php(910): CodeIgniter\Database\MySQLi\Connection->execute('SELECT `orang_tua`.*, `murid`.`nama_murid`, `kelas`.`nama_kelas`
FROM `orang_tua`
JOIN `murid` ON `murid`.`id_murid` = `orang_tua`.`id_murid`
JOIN `kelas` ON `kelas`.`id_kelas` = `orang_tua`.`id_kelas`
ORDER BY `orang_tua`.`created_at` DESC')
 2 SYSTEMPATH\Database\BaseConnection.php(827): CodeIgniter\Database\BaseConnection->simpleQuery('SELECT `orang_tua`.*, `murid`.`nama_murid`, `kelas`.`nama_kelas`
FROM `orang_tua`
JOIN `murid` ON `murid`.`id_murid` = `orang_tua`.`id_murid`
JOIN `kelas` ON `kelas`.`id_kelas` = `orang_tua`.`id_kelas`
ORDER BY `orang_tua`.`created_at` DESC')
 3 SYSTEMPATH\Database\BaseBuilder.php(1649): CodeIgniter\Database\BaseConnection->query('SELECT `orang_tua`.*, `murid`.`nama_murid`, `kelas`.`nama_kelas`
FROM `orang_tua`
JOIN `murid` ON `murid`.`id_murid` = `orang_tua`.`id_murid`
JOIN `kelas` ON `kelas`.`id_kelas` = `orang_tua`.`id_kelas`
ORDER BY `orang_tua`.`created_at` DESC', [], false)
 4 SYSTEMPATH\Model.php(253): CodeIgniter\Database\BaseBuilder->get()
 5 SYSTEMPATH\BaseModel.php(676): CodeIgniter\Model->doFindAll(0, 0)
 6 APPPATH\Controllers\OrangTua.php(39): CodeIgniter\BaseModel->findAll()
 7 SYSTEMPATH\CodeIgniter.php(951): App\Controllers\OrangTua->index()
 8 SYSTEMPATH\CodeIgniter.php(497): CodeIgniter\CodeIgniter->runController(Object(App\Controllers\OrangTua))
 9 SYSTEMPATH\CodeIgniter.php(340): CodeIgniter\CodeIgniter->handleRequest(null, Object(Config\Cache), false)
10 SYSTEMPATH\Boot.php(417): CodeIgniter\CodeIgniter->run()
11 SYSTEMPATH\Boot.php(68): CodeIgniter\Boot::runCodeIgniter(Object(CodeIgniter\CodeIgniter))
12 FCPATH\index.php(59): CodeIgniter\Boot::bootWeb(Object(Config\Paths))
CRITICAL - 2026-05-20 07:45:11 --> [Caused by] mysqli_sql_exception: Unknown column 'murid.id_murid' in 'on clause'
in SYSTEMPATH\Database\MySQLi\Connection.php on line 300.
 1 SYSTEMPATH\Database\MySQLi\Connection.php(300): mysqli->query('SELECT `orang_tua`.*, `murid`.`nama_murid`, `kelas`.`nama_kelas`
FROM `orang_tua`
JOIN `murid` ON `murid`.`id_murid` = `orang_tua`.`id_murid`
JOIN `kelas` ON `kelas`.`id_kelas` = `orang_tua`.`id_kelas`
ORDER BY `orang_tua`.`created_at` DESC', 0)
 2 SYSTEMPATH\Database\BaseConnection.php(910): CodeIgniter\Database\MySQLi\Connection->execute('SELECT `orang_tua`.*, `murid`.`nama_murid`, `kelas`.`nama_kelas`
FROM `orang_tua`
JOIN `murid` ON `murid`.`id_murid` = `orang_tua`.`id_murid`
JOIN `kelas` ON `kelas`.`id_kelas` = `orang_tua`.`id_kelas`
ORDER BY `orang_tua`.`created_at` DESC')
 3 SYSTEMPATH\Database\BaseConnection.php(827): CodeIgniter\Database\BaseConnection->simpleQuery('SELECT `orang_tua`.*, `murid`.`nama_murid`, `kelas`.`nama_kelas`
FROM `orang_tua`
JOIN `murid` ON `murid`.`id_murid` = `orang_tua`.`id_murid`
JOIN `kelas` ON `kelas`.`id_kelas` = `orang_tua`.`id_kelas`
ORDER BY `orang_tua`.`created_at` DESC')
 4 SYSTEMPATH\Database\BaseBuilder.php(1649): CodeIgniter\Database\BaseConnection->query('SELECT `orang_tua`.*, `murid`.`nama_murid`, `kelas`.`nama_kelas`
FROM `orang_tua`
JOIN `murid` ON `murid`.`id_murid` = `orang_tua`.`id_murid`
JOIN `kelas` ON `kelas`.`id_kelas` = `orang_tua`.`id_kelas`
ORDER BY `orang_tua`.`created_at` DESC', [], false)
 5 SYSTEMPATH\Model.php(253): CodeIgniter\Database\BaseBuilder->get()
 6 SYSTEMPATH\BaseModel.php(676): CodeIgniter\Model->doFindAll(0, 0)
 7 APPPATH\Controllers\OrangTua.php(39): CodeIgniter\BaseModel->findAll()
 8 SYSTEMPATH\CodeIgniter.php(951): App\Controllers\OrangTua->index()
 9 SYSTEMPATH\CodeIgniter.php(497): CodeIgniter\CodeIgniter->runController(Object(App\Controllers\OrangTua))
10 SYSTEMPATH\CodeIgniter.php(340): CodeIgniter\CodeIgniter->handleRequest(null, Object(Config\Cache), false)
11 SYSTEMPATH\Boot.php(417): CodeIgniter\CodeIgniter->run()
12 SYSTEMPATH\Boot.php(68): CodeIgniter\Boot::runCodeIgniter(Object(CodeIgniter\CodeIgniter))
13 FCPATH\index.php(59): CodeIgniter\Boot::bootWeb(Object(Config\Paths))
ERROR - 2026-05-20 07:45:11 --> Unknown column 'murid.id_murid' in 'on clause'
in SYSTEMPATH\Database\MySQLi\Connection.php on line 300.
 1 SYSTEMPATH\Database\MySQLi\Connection.php(300): mysqli->query('SELECT `orang_tua`.*, `murid`.`nama_murid`, `kelas`.`nama_kelas`
FROM `orang_tua`
JOIN `murid` ON `murid`.`id_murid` = `orang_tua`.`id_murid`
JOIN `kelas` ON `kelas`.`id_kelas` = `orang_tua`.`id_kelas`
ORDER BY `orang_tua`.`created_at` DESC', 0)
 2 SYSTEMPATH\Database\BaseConnection.php(910): CodeIgniter\Database\MySQLi\Connection->execute('SELECT `orang_tua`.*, `murid`.`nama_murid`, `kelas`.`nama_kelas`
FROM `orang_tua`
JOIN `murid` ON `murid`.`id_murid` = `orang_tua`.`id_murid`
JOIN `kelas` ON `kelas`.`id_kelas` = `orang_tua`.`id_kelas`
ORDER BY `orang_tua`.`created_at` DESC')
 3 SYSTEMPATH\Database\BaseConnection.php(827): CodeIgniter\Database\BaseConnection->simpleQuery('SELECT `orang_tua`.*, `murid`.`nama_murid`, `kelas`.`nama_kelas`
FROM `orang_tua`
JOIN `murid` ON `murid`.`id_murid` = `orang_tua`.`id_murid`
JOIN `kelas` ON `kelas`.`id_kelas` = `orang_tua`.`id_kelas`
ORDER BY `orang_tua`.`created_at` DESC')
 4 SYSTEMPATH\Database\BaseBuilder.php(1649): CodeIgniter\Database\BaseConnection->query('SELECT `orang_tua`.*, `murid`.`nama_murid`, `kelas`.`nama_kelas`
FROM `orang_tua`
JOIN `murid` ON `murid`.`id_murid` = `orang_tua`.`id_murid`
JOIN `kelas` ON `kelas`.`id_kelas` = `orang_tua`.`id_kelas`
ORDER BY `orang_tua`.`created_at` DESC', [], false)
 5 SYSTEMPATH\Model.php(253): CodeIgniter\Database\BaseBuilder->get()
 6 SYSTEMPATH\BaseModel.php(676): CodeIgniter\Model->doFindAll(0, 0)
 7 APPPATH\Controllers\OrangTua.php(39): CodeIgniter\BaseModel->findAll()
 8 SYSTEMPATH\CodeIgniter.php(951): App\Controllers\OrangTua->index()
 9 SYSTEMPATH\CodeIgniter.php(497): CodeIgniter\CodeIgniter->runController(Object(App\Controllers\OrangTua))
10 SYSTEMPATH\CodeIgniter.php(340): CodeIgniter\CodeIgniter->handleRequest(null, Object(Config\Cache), false)
11 SYSTEMPATH\Boot.php(417): CodeIgniter\CodeIgniter->run()
12 SYSTEMPATH\Boot.php(68): CodeIgniter\Boot::runCodeIgniter(Object(CodeIgniter\CodeIgniter))
13 FCPATH\index.php(59): CodeIgniter\Boot::bootWeb(Object(Config\Paths))
CRITICAL - 2026-05-20 07:45:11 --> CodeIgniter\Database\Exceptions\DatabaseException: Unknown column 'murid.id_murid' in 'on clause'
[Method: GET, Route: orang-tua]
in SYSTEMPATH\Database\BaseConnection.php on line 865.
 1 SYSTEMPATH\Database\BaseBuilder.php(1649): CodeIgniter\Database\BaseConnection->query('SELECT `orang_tua`.*, `murid`.`nama_murid`, `kelas`.`nama_kelas`
FROM `orang_tua`
JOIN `murid` ON `murid`.`id_murid` = `orang_tua`.`id_murid`
JOIN `kelas` ON `kelas`.`id_kelas` = `orang_tua`.`id_kelas`
ORDER BY `orang_tua`.`created_at` DESC', [], false)
 2 SYSTEMPATH\Model.php(253): CodeIgniter\Database\BaseBuilder->get()
 3 SYSTEMPATH\BaseModel.php(676): CodeIgniter\Model->doFindAll(0, 0)
 4 APPPATH\Controllers\OrangTua.php(39): CodeIgniter\BaseModel->findAll()
 5 SYSTEMPATH\CodeIgniter.php(951): App\Controllers\OrangTua->index()
 6 SYSTEMPATH\CodeIgniter.php(497): CodeIgniter\CodeIgniter->runController(Object(App\Controllers\OrangTua))
 7 SYSTEMPATH\CodeIgniter.php(340): CodeIgniter\CodeIgniter->handleRequest(null, Object(Config\Cache), false)
 8 SYSTEMPATH\Boot.php(417): CodeIgniter\CodeIgniter->run()
 9 SYSTEMPATH\Boot.php(68): CodeIgniter\Boot::runCodeIgniter(Object(CodeIgniter\CodeIgniter))
10 FCPATH\index.php(59): CodeIgniter\Boot::bootWeb(Object(Config\Paths))
CRITICAL - 2026-05-20 07:45:11 --> [Caused by] CodeIgniter\Database\Exceptions\DatabaseException: Unknown column 'murid.id_murid' in 'on clause'
in SYSTEMPATH\Database\MySQLi\Connection.php on line 310.
 1 SYSTEMPATH\Database\BaseConnection.php(910): CodeIgniter\Database\MySQLi\Connection->execute('SELECT `orang_tua`.*, `murid`.`nama_murid`, `kelas`.`nama_kelas`
FROM `orang_tua`
JOIN `murid` ON `murid`.`id_murid` = `orang_tua`.`id_murid`
JOIN `kelas` ON `kelas`.`id_kelas` = `orang_tua`.`id_kelas`
ORDER BY `orang_tua`.`created_at` DESC')
 2 SYSTEMPATH\Database\BaseConnection.php(827): CodeIgniter\Database\BaseConnection->simpleQuery('SELECT `orang_tua`.*, `murid`.`nama_murid`, `kelas`.`nama_kelas`
FROM `orang_tua`
JOIN `murid` ON `murid`.`id_murid` = `orang_tua`.`id_murid`
JOIN `kelas` ON `kelas`.`id_kelas` = `orang_tua`.`id_kelas`
ORDER BY `orang_tua`.`created_at` DESC')
 3 SYSTEMPATH\Database\BaseBuilder.php(1649): CodeIgniter\Database\BaseConnection->query('SELECT `orang_tua`.*, `murid`.`nama_murid`, `kelas`.`nama_kelas`
FROM `orang_tua`
JOIN `murid` ON `murid`.`id_murid` = `orang_tua`.`id_murid`
JOIN `kelas` ON `kelas`.`id_kelas` = `orang_tua`.`id_kelas`
ORDER BY `orang_tua`.`created_at` DESC', [], false)
 4 SYSTEMPATH\Model.php(253): CodeIgniter\Database\BaseBuilder->get()
 5 SYSTEMPATH\BaseModel.php(676): CodeIgniter\Model->doFindAll(0, 0)
 6 APPPATH\Controllers\OrangTua.php(39): CodeIgniter\BaseModel->findAll()
 7 SYSTEMPATH\CodeIgniter.php(951): App\Controllers\OrangTua->index()
 8 SYSTEMPATH\CodeIgniter.php(497): CodeIgniter\CodeIgniter->runController(Object(App\Controllers\OrangTua))
 9 SYSTEMPATH\CodeIgniter.php(340): CodeIgniter\CodeIgniter->handleRequest(null, Object(Config\Cache), false)
10 SYSTEMPATH\Boot.php(417): CodeIgniter\CodeIgniter->run()
11 SYSTEMPATH\Boot.php(68): CodeIgniter\Boot::runCodeIgniter(Object(CodeIgniter\CodeIgniter))
12 FCPATH\index.php(59): CodeIgniter\Boot::bootWeb(Object(Config\Paths))
CRITICAL - 2026-05-20 07:45:11 --> [Caused by] mysqli_sql_exception: Unknown column 'murid.id_murid' in 'on clause'
in SYSTEMPATH\Database\MySQLi\Connection.php on line 300.
 1 SYSTEMPATH\Database\MySQLi\Connection.php(300): mysqli->query('SELECT `orang_tua`.*, `murid`.`nama_murid`, `kelas`.`nama_kelas`
FROM `orang_tua`
JOIN `murid` ON `murid`.`id_murid` = `orang_tua`.`id_murid`
JOIN `kelas` ON `kelas`.`id_kelas` = `orang_tua`.`id_kelas`
ORDER BY `orang_tua`.`created_at` DESC', 0)
 2 SYSTEMPATH\Database\BaseConnection.php(910): CodeIgniter\Database\MySQLi\Connection->execute('SELECT `orang_tua`.*, `murid`.`nama_murid`, `kelas`.`nama_kelas`
FROM `orang_tua`
JOIN `murid` ON `murid`.`id_murid` = `orang_tua`.`id_murid`
JOIN `kelas` ON `kelas`.`id_kelas` = `orang_tua`.`id_kelas`
ORDER BY `orang_tua`.`created_at` DESC')
 3 SYSTEMPATH\Database\BaseConnection.php(827): CodeIgniter\Database\BaseConnection->simpleQuery('SELECT `orang_tua`.*, `murid`.`nama_murid`, `kelas`.`nama_kelas`
FROM `orang_tua`
JOIN `murid` ON `murid`.`id_murid` = `orang_tua`.`id_murid`
JOIN `kelas` ON `kelas`.`id_kelas` = `orang_tua`.`id_kelas`
ORDER BY `orang_tua`.`created_at` DESC')
 4 SYSTEMPATH\Database\BaseBuilder.php(1649): CodeIgniter\Database\BaseConnection->query('SELECT `orang_tua`.*, `murid`.`nama_murid`, `kelas`.`nama_kelas`
FROM `orang_tua`
JOIN `murid` ON `murid`.`id_murid` = `orang_tua`.`id_murid`
JOIN `kelas` ON `kelas`.`id_kelas` = `orang_tua`.`id_kelas`
ORDER BY `orang_tua`.`created_at` DESC', [], false)
 5 SYSTEMPATH\Model.php(253): CodeIgniter\Database\BaseBuilder->get()
 6 SYSTEMPATH\BaseModel.php(676): CodeIgniter\Model->doFindAll(0, 0)
 7 APPPATH\Controllers\OrangTua.php(39): CodeIgniter\BaseModel->findAll()
 8 SYSTEMPATH\CodeIgniter.php(951): App\Controllers\OrangTua->index()
 9 SYSTEMPATH\CodeIgniter.php(497): CodeIgniter\CodeIgniter->runController(Object(App\Controllers\OrangTua))
10 SYSTEMPATH\CodeIgniter.php(340): CodeIgniter\CodeIgniter->handleRequest(null, Object(Config\Cache), false)
11 SYSTEMPATH\Boot.php(417): CodeIgniter\CodeIgniter->run()
12 SYSTEMPATH\Boot.php(68): CodeIgniter\Boot::runCodeIgniter(Object(CodeIgniter\CodeIgniter))
13 FCPATH\index.php(59): CodeIgniter\Boot::bootWeb(Object(Config\Paths))
ERROR - 2026-05-20 07:45:12 --> Unknown column 'murid.id_murid' in 'on clause'
in SYSTEMPATH\Database\MySQLi\Connection.php on line 300.
 1 SYSTEMPATH\Database\MySQLi\Connection.php(300): mysqli->query('SELECT `orang_tua`.*, `murid`.`nama_murid`, `kelas`.`nama_kelas`
FROM `orang_tua`
JOIN `murid` ON `murid`.`id_murid` = `orang_tua`.`id_murid`
JOIN `kelas` ON `kelas`.`id_kelas` = `orang_tua`.`id_kelas`
ORDER BY `orang_tua`.`created_at` DESC', 0)
 2 SYSTEMPATH\Database\BaseConnection.php(910): CodeIgniter\Database\MySQLi\Connection->execute('SELECT `orang_tua`.*, `murid`.`nama_murid`, `kelas`.`nama_kelas`
FROM `orang_tua`
JOIN `murid` ON `murid`.`id_murid` = `orang_tua`.`id_murid`
JOIN `kelas` ON `kelas`.`id_kelas` = `orang_tua`.`id_kelas`
ORDER BY `orang_tua`.`created_at` DESC')
 3 SYSTEMPATH\Database\BaseConnection.php(827): CodeIgniter\Database\BaseConnection->simpleQuery('SELECT `orang_tua`.*, `murid`.`nama_murid`, `kelas`.`nama_kelas`
FROM `orang_tua`
JOIN `murid` ON `murid`.`id_murid` = `orang_tua`.`id_murid`
JOIN `kelas` ON `kelas`.`id_kelas` = `orang_tua`.`id_kelas`
ORDER BY `orang_tua`.`created_at` DESC')
 4 SYSTEMPATH\Database\BaseBuilder.php(1649): CodeIgniter\Database\BaseConnection->query('SELECT `orang_tua`.*, `murid`.`nama_murid`, `kelas`.`nama_kelas`
FROM `orang_tua`
JOIN `murid` ON `murid`.`id_murid` = `orang_tua`.`id_murid`
JOIN `kelas` ON `kelas`.`id_kelas` = `orang_tua`.`id_kelas`
ORDER BY `orang_tua`.`created_at` DESC', [], false)
 5 SYSTEMPATH\Model.php(253): CodeIgniter\Database\BaseBuilder->get()
 6 SYSTEMPATH\BaseModel.php(676): CodeIgniter\Model->doFindAll(0, 0)
 7 APPPATH\Controllers\OrangTua.php(39): CodeIgniter\BaseModel->findAll()
 8 SYSTEMPATH\CodeIgniter.php(951): App\Controllers\OrangTua->index()
 9 SYSTEMPATH\CodeIgniter.php(497): CodeIgniter\CodeIgniter->runController(Object(App\Controllers\OrangTua))
10 SYSTEMPATH\CodeIgniter.php(340): CodeIgniter\CodeIgniter->handleRequest(null, Object(Config\Cache), false)
11 SYSTEMPATH\Boot.php(417): CodeIgniter\CodeIgniter->run()
12 SYSTEMPATH\Boot.php(68): CodeIgniter\Boot::runCodeIgniter(Object(CodeIgniter\CodeIgniter))
13 FCPATH\index.php(59): CodeIgniter\Boot::bootWeb(Object(Config\Paths))
CRITICAL - 2026-05-20 07:45:12 --> CodeIgniter\Database\Exceptions\DatabaseException: Unknown column 'murid.id_murid' in 'on clause'
[Method: GET, Route: orang-tua]
in SYSTEMPATH\Database\BaseConnection.php on line 865.
 1 SYSTEMPATH\Database\BaseBuilder.php(1649): CodeIgniter\Database\BaseConnection->query('SELECT `orang_tua`.*, `murid`.`nama_murid`, `kelas`.`nama_kelas`
FROM `orang_tua`
JOIN `murid` ON `murid`.`id_murid` = `orang_tua`.`id_murid`
JOIN `kelas` ON `kelas`.`id_kelas` = `orang_tua`.`id_kelas`
ORDER BY `orang_tua`.`created_at` DESC', [], false)
 2 SYSTEMPATH\Model.php(253): CodeIgniter\Database\BaseBuilder->get()
 3 SYSTEMPATH\BaseModel.php(676): CodeIgniter\Model->doFindAll(0, 0)
 4 APPPATH\Controllers\OrangTua.php(39): CodeIgniter\BaseModel->findAll()
 5 SYSTEMPATH\CodeIgniter.php(951): App\Controllers\OrangTua->index()
 6 SYSTEMPATH\CodeIgniter.php(497): CodeIgniter\CodeIgniter->runController(Object(App\Controllers\OrangTua))
 7 SYSTEMPATH\CodeIgniter.php(340): CodeIgniter\CodeIgniter->handleRequest(null, Object(Config\Cache), false)
 8 SYSTEMPATH\Boot.php(417): CodeIgniter\CodeIgniter->run()
 9 SYSTEMPATH\Boot.php(68): CodeIgniter\Boot::runCodeIgniter(Object(CodeIgniter\CodeIgniter))
10 FCPATH\index.php(59): CodeIgniter\Boot::bootWeb(Object(Config\Paths))
CRITICAL - 2026-05-20 07:45:12 --> [Caused by] CodeIgniter\Database\Exceptions\DatabaseException: Unknown column 'murid.id_murid' in 'on clause'
in SYSTEMPATH\Database\MySQLi\Connection.php on line 310.
 1 SYSTEMPATH\Database\BaseConnection.php(910): CodeIgniter\Database\MySQLi\Connection->execute('SELECT `orang_tua`.*, `murid`.`nama_murid`, `kelas`.`nama_kelas`
FROM `orang_tua`
JOIN `murid` ON `murid`.`id_murid` = `orang_tua`.`id_murid`
JOIN `kelas` ON `kelas`.`id_kelas` = `orang_tua`.`id_kelas`
ORDER BY `orang_tua`.`created_at` DESC')
 2 SYSTEMPATH\Database\BaseConnection.php(827): CodeIgniter\Database\BaseConnection->simpleQuery('SELECT `orang_tua`.*, `murid`.`nama_murid`, `kelas`.`nama_kelas`
FROM `orang_tua`
JOIN `murid` ON `murid`.`id_murid` = `orang_tua`.`id_murid`
JOIN `kelas` ON `kelas`.`id_kelas` = `orang_tua`.`id_kelas`
ORDER BY `orang_tua`.`created_at` DESC')
 3 SYSTEMPATH\Database\BaseBuilder.php(1649): CodeIgniter\Database\BaseConnection->query('SELECT `orang_tua`.*, `murid`.`nama_murid`, `kelas`.`nama_kelas`
FROM `orang_tua`
JOIN `murid` ON `murid`.`id_murid` = `orang_tua`.`id_murid`
JOIN `kelas` ON `kelas`.`id_kelas` = `orang_tua`.`id_kelas`
ORDER BY `orang_tua`.`created_at` DESC', [], false)
 4 SYSTEMPATH\Model.php(253): CodeIgniter\Database\BaseBuilder->get()
 5 SYSTEMPATH\BaseModel.php(676): CodeIgniter\Model->doFindAll(0, 0)
 6 APPPATH\Controllers\OrangTua.php(39): CodeIgniter\BaseModel->findAll()
 7 SYSTEMPATH\CodeIgniter.php(951): App\Controllers\OrangTua->index()
 8 SYSTEMPATH\CodeIgniter.php(497): CodeIgniter\CodeIgniter->runController(Object(App\Controllers\OrangTua))
 9 SYSTEMPATH\CodeIgniter.php(340): CodeIgniter\CodeIgniter->handleRequest(null, Object(Config\Cache), false)
10 SYSTEMPATH\Boot.php(417): CodeIgniter\CodeIgniter->run()
11 SYSTEMPATH\Boot.php(68): CodeIgniter\Boot::runCodeIgniter(Object(CodeIgniter\CodeIgniter))
12 FCPATH\index.php(59): CodeIgniter\Boot::bootWeb(Object(Config\Paths))
CRITICAL - 2026-05-20 07:45:12 --> [Caused by] mysqli_sql_exception: Unknown column 'murid.id_murid' in 'on clause'
in SYSTEMPATH\Database\MySQLi\Connection.php on line 300.
 1 SYSTEMPATH\Database\MySQLi\Connection.php(300): mysqli->query('SELECT `orang_tua`.*, `murid`.`nama_murid`, `kelas`.`nama_kelas`
FROM `orang_tua`
JOIN `murid` ON `murid`.`id_murid` = `orang_tua`.`id_murid`
JOIN `kelas` ON `kelas`.`id_kelas` = `orang_tua`.`id_kelas`
ORDER BY `orang_tua`.`created_at` DESC', 0)
 2 SYSTEMPATH\Database\BaseConnection.php(910): CodeIgniter\Database\MySQLi\Connection->execute('SELECT `orang_tua`.*, `murid`.`nama_murid`, `kelas`.`nama_kelas`
FROM `orang_tua`
JOIN `murid` ON `murid`.`id_murid` = `orang_tua`.`id_murid`
JOIN `kelas` ON `kelas`.`id_kelas` = `orang_tua`.`id_kelas`
ORDER BY `orang_tua`.`created_at` DESC')
 3 SYSTEMPATH\Database\BaseConnection.php(827): CodeIgniter\Database\BaseConnection->simpleQuery('SELECT `orang_tua`.*, `murid`.`nama_murid`, `kelas`.`nama_kelas`
FROM `orang_tua`
JOIN `murid` ON `murid`.`id_murid` = `orang_tua`.`id_murid`
JOIN `kelas` ON `kelas`.`id_kelas` = `orang_tua`.`id_kelas`
ORDER BY `orang_tua`.`created_at` DESC')
 4 SYSTEMPATH\Database\BaseBuilder.php(1649): CodeIgniter\Database\BaseConnection->query('SELECT `orang_tua`.*, `murid`.`nama_murid`, `kelas`.`nama_kelas`
FROM `orang_tua`
JOIN `murid` ON `murid`.`id_murid` = `orang_tua`.`id_murid`
JOIN `kelas` ON `kelas`.`id_kelas` = `orang_tua`.`id_kelas`
ORDER BY `orang_tua`.`created_at` DESC', [], false)
 5 SYSTEMPATH\Model.php(253): CodeIgniter\Database\BaseBuilder->get()
 6 SYSTEMPATH\BaseModel.php(676): CodeIgniter\Model->doFindAll(0, 0)
 7 APPPATH\Controllers\OrangTua.php(39): CodeIgniter\BaseModel->findAll()
 8 SYSTEMPATH\CodeIgniter.php(951): App\Controllers\OrangTua->index()
 9 SYSTEMPATH\CodeIgniter.php(497): CodeIgniter\CodeIgniter->runController(Object(App\Controllers\OrangTua))
10 SYSTEMPATH\CodeIgniter.php(340): CodeIgniter\CodeIgniter->handleRequest(null, Object(Config\Cache), false)
11 SYSTEMPATH\Boot.php(417): CodeIgniter\CodeIgniter->run()
12 SYSTEMPATH\Boot.php(68): CodeIgniter\Boot::runCodeIgniter(Object(CodeIgniter\CodeIgniter))
13 FCPATH\index.php(59): CodeIgniter\Boot::bootWeb(Object(Config\Paths))
ERROR - 2026-05-20 07:45:12 --> Unknown column 'murid.id_murid' in 'on clause'
in SYSTEMPATH\Database\MySQLi\Connection.php on line 300.
 1 SYSTEMPATH\Database\MySQLi\Connection.php(300): mysqli->query('SELECT `orang_tua`.*, `murid`.`nama_murid`, `kelas`.`nama_kelas`
FROM `orang_tua`
JOIN `murid` ON `murid`.`id_murid` = `orang_tua`.`id_murid`
JOIN `kelas` ON `kelas`.`id_kelas` = `orang_tua`.`id_kelas`
ORDER BY `orang_tua`.`created_at` DESC', 0)
 2 SYSTEMPATH\Database\BaseConnection.php(910): CodeIgniter\Database\MySQLi\Connection->execute('SELECT `orang_tua`.*, `murid`.`nama_murid`, `kelas`.`nama_kelas`
FROM `orang_tua`
JOIN `murid` ON `murid`.`id_murid` = `orang_tua`.`id_murid`
JOIN `kelas` ON `kelas`.`id_kelas` = `orang_tua`.`id_kelas`
ORDER BY `orang_tua`.`created_at` DESC')
 3 SYSTEMPATH\Database\BaseConnection.php(827): CodeIgniter\Database\BaseConnection->simpleQuery('SELECT `orang_tua`.*, `murid`.`nama_murid`, `kelas`.`nama_kelas`
FROM `orang_tua`
JOIN `murid` ON `murid`.`id_murid` = `orang_tua`.`id_murid`
JOIN `kelas` ON `kelas`.`id_kelas` = `orang_tua`.`id_kelas`
ORDER BY `orang_tua`.`created_at` DESC')
 4 SYSTEMPATH\Database\BaseBuilder.php(1649): CodeIgniter\Database\BaseConnection->query('SELECT `orang_tua`.*, `murid`.`nama_murid`, `kelas`.`nama_kelas`
FROM `orang_tua`
JOIN `murid` ON `murid`.`id_murid` = `orang_tua`.`id_murid`
JOIN `kelas` ON `kelas`.`id_kelas` = `orang_tua`.`id_kelas`
ORDER BY `orang_tua`.`created_at` DESC', [], false)
 5 SYSTEMPATH\Model.php(253): CodeIgniter\Database\BaseBuilder->get()
 6 SYSTEMPATH\BaseModel.php(676): CodeIgniter\Model->doFindAll(0, 0)
 7 APPPATH\Controllers\OrangTua.php(39): CodeIgniter\BaseModel->findAll()
 8 SYSTEMPATH\CodeIgniter.php(951): App\Controllers\OrangTua->index()
 9 SYSTEMPATH\CodeIgniter.php(497): CodeIgniter\CodeIgniter->runController(Object(App\Controllers\OrangTua))
10 SYSTEMPATH\CodeIgniter.php(340): CodeIgniter\CodeIgniter->handleRequest(null, Object(Config\Cache), false)
11 SYSTEMPATH\Boot.php(417): CodeIgniter\CodeIgniter->run()
12 SYSTEMPATH\Boot.php(68): CodeIgniter\Boot::runCodeIgniter(Object(CodeIgniter\CodeIgniter))
13 FCPATH\index.php(59): CodeIgniter\Boot::bootWeb(Object(Config\Paths))
CRITICAL - 2026-05-20 07:45:12 --> CodeIgniter\Database\Exceptions\DatabaseException: Unknown column 'murid.id_murid' in 'on clause'
[Method: GET, Route: orang-tua]
in SYSTEMPATH\Database\BaseConnection.php on line 865.
 1 SYSTEMPATH\Database\BaseBuilder.php(1649): CodeIgniter\Database\BaseConnection->query('SELECT `orang_tua`.*, `murid`.`nama_murid`, `kelas`.`nama_kelas`
FROM `orang_tua`
JOIN `murid` ON `murid`.`id_murid` = `orang_tua`.`id_murid`
JOIN `kelas` ON `kelas`.`id_kelas` = `orang_tua`.`id_kelas`
ORDER BY `orang_tua`.`created_at` DESC', [], false)
 2 SYSTEMPATH\Model.php(253): CodeIgniter\Database\BaseBuilder->get()
 3 SYSTEMPATH\BaseModel.php(676): CodeIgniter\Model->doFindAll(0, 0)
 4 APPPATH\Controllers\OrangTua.php(39): CodeIgniter\BaseModel->findAll()
 5 SYSTEMPATH\CodeIgniter.php(951): App\Controllers\OrangTua->index()
 6 SYSTEMPATH\CodeIgniter.php(497): CodeIgniter\CodeIgniter->runController(Object(App\Controllers\OrangTua))
 7 SYSTEMPATH\CodeIgniter.php(340): CodeIgniter\CodeIgniter->handleRequest(null, Object(Config\Cache), false)
 8 SYSTEMPATH\Boot.php(417): CodeIgniter\CodeIgniter->run()
 9 SYSTEMPATH\Boot.php(68): CodeIgniter\Boot::runCodeIgniter(Object(CodeIgniter\CodeIgniter))
10 FCPATH\index.php(59): CodeIgniter\Boot::bootWeb(Object(Config\Paths))
CRITICAL - 2026-05-20 07:45:12 --> [Caused by] CodeIgniter\Database\Exceptions\DatabaseException: Unknown column 'murid.id_murid' in 'on clause'
in SYSTEMPATH\Database\MySQLi\Connection.php on line 310.
 1 SYSTEMPATH\Database\BaseConnection.php(910): CodeIgniter\Database\MySQLi\Connection->execute('SELECT `orang_tua`.*, `murid`.`nama_murid`, `kelas`.`nama_kelas`
FROM `orang_tua`
JOIN `murid` ON `murid`.`id_murid` = `orang_tua`.`id_murid`
JOIN `kelas` ON `kelas`.`id_kelas` = `orang_tua`.`id_kelas`
ORDER BY `orang_tua`.`created_at` DESC')
 2 SYSTEMPATH\Database\BaseConnection.php(827): CodeIgniter\Database\BaseConnection->simpleQuery('SELECT `orang_tua`.*, `murid`.`nama_murid`, `kelas`.`nama_kelas`
FROM `orang_tua`
JOIN `murid` ON `murid`.`id_murid` = `orang_tua`.`id_murid`
JOIN `kelas` ON `kelas`.`id_kelas` = `orang_tua`.`id_kelas`
ORDER BY `orang_tua`.`created_at` DESC')
 3 SYSTEMPATH\Database\BaseBuilder.php(1649): CodeIgniter\Database\BaseConnection->query('SELECT `orang_tua`.*, `murid`.`nama_murid`, `kelas`.`nama_kelas`
FROM `orang_tua`
JOIN `murid` ON `murid`.`id_murid` = `orang_tua`.`id_murid`
JOIN `kelas` ON `kelas`.`id_kelas` = `orang_tua`.`id_kelas`
ORDER BY `orang_tua`.`created_at` DESC', [], false)
 4 SYSTEMPATH\Model.php(253): CodeIgniter\Database\BaseBuilder->get()
 5 SYSTEMPATH\BaseModel.php(676): CodeIgniter\Model->doFindAll(0, 0)
 6 APPPATH\Controllers\OrangTua.php(39): CodeIgniter\BaseModel->findAll()
 7 SYSTEMPATH\CodeIgniter.php(951): App\Controllers\OrangTua->index()
 8 SYSTEMPATH\CodeIgniter.php(497): CodeIgniter\CodeIgniter->runController(Object(App\Controllers\OrangTua))
 9 SYSTEMPATH\CodeIgniter.php(340): CodeIgniter\CodeIgniter->handleRequest(null, Object(Config\Cache), false)
10 SYSTEMPATH\Boot.php(417): CodeIgniter\CodeIgniter->run()
11 SYSTEMPATH\Boot.php(68): CodeIgniter\Boot::runCodeIgniter(Object(CodeIgniter\CodeIgniter))
12 FCPATH\index.php(59): CodeIgniter\Boot::bootWeb(Object(Config\Paths))
CRITICAL - 2026-05-20 07:45:12 --> [Caused by] mysqli_sql_exception: Unknown column 'murid.id_murid' in 'on clause'
in SYSTEMPATH\Database\MySQLi\Connection.php on line 300.
 1 SYSTEMPATH\Database\MySQLi\Connection.php(300): mysqli->query('SELECT `orang_tua`.*, `murid`.`nama_murid`, `kelas`.`nama_kelas`
FROM `orang_tua`
JOIN `murid` ON `murid`.`id_murid` = `orang_tua`.`id_murid`
JOIN `kelas` ON `kelas`.`id_kelas` = `orang_tua`.`id_kelas`
ORDER BY `orang_tua`.`created_at` DESC', 0)
 2 SYSTEMPATH\Database\BaseConnection.php(910): CodeIgniter\Database\MySQLi\Connection->execute('SELECT `orang_tua`.*, `murid`.`nama_murid`, `kelas`.`nama_kelas`
FROM `orang_tua`
JOIN `murid` ON `murid`.`id_murid` = `orang_tua`.`id_murid`
JOIN `kelas` ON `kelas`.`id_kelas` = `orang_tua`.`id_kelas`
ORDER BY `orang_tua`.`created_at` DESC')
 3 SYSTEMPATH\Database\BaseConnection.php(827): CodeIgniter\Database\BaseConnection->simpleQuery('SELECT `orang_tua`.*, `murid`.`nama_murid`, `kelas`.`nama_kelas`
FROM `orang_tua`
JOIN `murid` ON `murid`.`id_murid` = `orang_tua`.`id_murid`
JOIN `kelas` ON `kelas`.`id_kelas` = `orang_tua`.`id_kelas`
ORDER BY `orang_tua`.`created_at` DESC')
 4 SYSTEMPATH\Database\BaseBuilder.php(1649): CodeIgniter\Database\BaseConnection->query('SELECT `orang_tua`.*, `murid`.`nama_murid`, `kelas`.`nama_kelas`
FROM `orang_tua`
JOIN `murid` ON `murid`.`id_murid` = `orang_tua`.`id_murid`
JOIN `kelas` ON `kelas`.`id_kelas` = `orang_tua`.`id_kelas`
ORDER BY `orang_tua`.`created_at` DESC', [], false)
 5 SYSTEMPATH\Model.php(253): CodeIgniter\Database\BaseBuilder->get()
 6 SYSTEMPATH\BaseModel.php(676): CodeIgniter\Model->doFindAll(0, 0)
 7 APPPATH\Controllers\OrangTua.php(39): CodeIgniter\BaseModel->findAll()
 8 SYSTEMPATH\CodeIgniter.php(951): App\Controllers\OrangTua->index()
 9 SYSTEMPATH\CodeIgniter.php(497): CodeIgniter\CodeIgniter->runController(Object(App\Controllers\OrangTua))
10 SYSTEMPATH\CodeIgniter.php(340): CodeIgniter\CodeIgniter->handleRequest(null, Object(Config\Cache), false)
11 SYSTEMPATH\Boot.php(417): CodeIgniter\CodeIgniter->run()
12 SYSTEMPATH\Boot.php(68): CodeIgniter\Boot::runCodeIgniter(Object(CodeIgniter\CodeIgniter))
13 FCPATH\index.php(59): CodeIgniter\Boot::bootWeb(Object(Config\Paths))
ERROR - 2026-05-20 07:45:12 --> Unknown column 'murid.id_murid' in 'on clause'
in SYSTEMPATH\Database\MySQLi\Connection.php on line 300.
 1 SYSTEMPATH\Database\MySQLi\Connection.php(300): mysqli->query('SELECT `orang_tua`.*, `murid`.`nama_murid`, `kelas`.`nama_kelas`
FROM `orang_tua`
JOIN `murid` ON `murid`.`id_murid` = `orang_tua`.`id_murid`
JOIN `kelas` ON `kelas`.`id_kelas` = `orang_tua`.`id_kelas`
ORDER BY `orang_tua`.`created_at` DESC', 0)
 2 SYSTEMPATH\Database\BaseConnection.php(910): CodeIgniter\Database\MySQLi\Connection->execute('SELECT `orang_tua`.*, `murid`.`nama_murid`, `kelas`.`nama_kelas`
FROM `orang_tua`
JOIN `murid` ON `murid`.`id_murid` = `orang_tua`.`id_murid`
JOIN `kelas` ON `kelas`.`id_kelas` = `orang_tua`.`id_kelas`
ORDER BY `orang_tua`.`created_at` DESC')
 3 SYSTEMPATH\Database\BaseConnection.php(827): CodeIgniter\Database\BaseConnection->simpleQuery('SELECT `orang_tua`.*, `murid`.`nama_murid`, `kelas`.`nama_kelas`
FROM `orang_tua`
JOIN `murid` ON `murid`.`id_murid` = `orang_tua`.`id_murid`
JOIN `kelas` ON `kelas`.`id_kelas` = `orang_tua`.`id_kelas`
ORDER BY `orang_tua`.`created_at` DESC')
 4 SYSTEMPATH\Database\BaseBuilder.php(1649): CodeIgniter\Database\BaseConnection->query('SELECT `orang_tua`.*, `murid`.`nama_murid`, `kelas`.`nama_kelas`
FROM `orang_tua`
JOIN `murid` ON `murid`.`id_murid` = `orang_tua`.`id_murid`
JOIN `kelas` ON `kelas`.`id_kelas` = `orang_tua`.`id_kelas`
ORDER BY `orang_tua`.`created_at` DESC', [], false)
 5 SYSTEMPATH\Model.php(253): CodeIgniter\Database\BaseBuilder->get()
 6 SYSTEMPATH\BaseModel.php(676): CodeIgniter\Model->doFindAll(0, 0)
 7 APPPATH\Controllers\OrangTua.php(39): CodeIgniter\BaseModel->findAll()
 8 SYSTEMPATH\CodeIgniter.php(951): App\Controllers\OrangTua->index()
 9 SYSTEMPATH\CodeIgniter.php(497): CodeIgniter\CodeIgniter->runController(Object(App\Controllers\OrangTua))
10 SYSTEMPATH\CodeIgniter.php(340): CodeIgniter\CodeIgniter->handleRequest(null, Object(Config\Cache), false)
11 SYSTEMPATH\Boot.php(417): CodeIgniter\CodeIgniter->run()
12 SYSTEMPATH\Boot.php(68): CodeIgniter\Boot::runCodeIgniter(Object(CodeIgniter\CodeIgniter))
13 FCPATH\index.php(59): CodeIgniter\Boot::bootWeb(Object(Config\Paths))
CRITICAL - 2026-05-20 07:45:12 --> CodeIgniter\Database\Exceptions\DatabaseException: Unknown column 'murid.id_murid' in 'on clause'
[Method: GET, Route: orang-tua]
in SYSTEMPATH\Database\BaseConnection.php on line 865.
 1 SYSTEMPATH\Database\BaseBuilder.php(1649): CodeIgniter\Database\BaseConnection->query('SELECT `orang_tua`.*, `murid`.`nama_murid`, `kelas`.`nama_kelas`
FROM `orang_tua`
JOIN `murid` ON `murid`.`id_murid` = `orang_tua`.`id_murid`
JOIN `kelas` ON `kelas`.`id_kelas` = `orang_tua`.`id_kelas`
ORDER BY `orang_tua`.`created_at` DESC', [], false)
 2 SYSTEMPATH\Model.php(253): CodeIgniter\Database\BaseBuilder->get()
 3 SYSTEMPATH\BaseModel.php(676): CodeIgniter\Model->doFindAll(0, 0)
 4 APPPATH\Controllers\OrangTua.php(39): CodeIgniter\BaseModel->findAll()
 5 SYSTEMPATH\CodeIgniter.php(951): App\Controllers\OrangTua->index()
 6 SYSTEMPATH\CodeIgniter.php(497): CodeIgniter\CodeIgniter->runController(Object(App\Controllers\OrangTua))
 7 SYSTEMPATH\CodeIgniter.php(340): CodeIgniter\CodeIgniter->handleRequest(null, Object(Config\Cache), false)
 8 SYSTEMPATH\Boot.php(417): CodeIgniter\CodeIgniter->run()
 9 SYSTEMPATH\Boot.php(68): CodeIgniter\Boot::runCodeIgniter(Object(CodeIgniter\CodeIgniter))
10 FCPATH\index.php(59): CodeIgniter\Boot::bootWeb(Object(Config\Paths))
CRITICAL - 2026-05-20 07:45:12 --> [Caused by] CodeIgniter\Database\Exceptions\DatabaseException: Unknown column 'murid.id_murid' in 'on clause'
in SYSTEMPATH\Database\MySQLi\Connection.php on line 310.
 1 SYSTEMPATH\Database\BaseConnection.php(910): CodeIgniter\Database\MySQLi\Connection->execute('SELECT `orang_tua`.*, `murid`.`nama_murid`, `kelas`.`nama_kelas`
FROM `orang_tua`
JOIN `murid` ON `murid`.`id_murid` = `orang_tua`.`id_murid`
JOIN `kelas` ON `kelas`.`id_kelas` = `orang_tua`.`id_kelas`
ORDER BY `orang_tua`.`created_at` DESC')
 2 SYSTEMPATH\Database\BaseConnection.php(827): CodeIgniter\Database\BaseConnection->simpleQuery('SELECT `orang_tua`.*, `murid`.`nama_murid`, `kelas`.`nama_kelas`
FROM `orang_tua`
JOIN `murid` ON `murid`.`id_murid` = `orang_tua`.`id_murid`
JOIN `kelas` ON `kelas`.`id_kelas` = `orang_tua`.`id_kelas`
ORDER BY `orang_tua`.`created_at` DESC')
 3 SYSTEMPATH\Database\BaseBuilder.php(1649): CodeIgniter\Database\BaseConnection->query('SELECT `orang_tua`.*, `murid`.`nama_murid`, `kelas`.`nama_kelas`
FROM `orang_tua`
JOIN `murid` ON `murid`.`id_murid` = `orang_tua`.`id_murid`
JOIN `kelas` ON `kelas`.`id_kelas` = `orang_tua`.`id_kelas`
ORDER BY `orang_tua`.`created_at` DESC', [], false)
 4 SYSTEMPATH\Model.php(253): CodeIgniter\Database\BaseBuilder->get()
 5 SYSTEMPATH\BaseModel.php(676): CodeIgniter\Model->doFindAll(0, 0)
 6 APPPATH\Controllers\OrangTua.php(39): CodeIgniter\BaseModel->findAll()
 7 SYSTEMPATH\CodeIgniter.php(951): App\Controllers\OrangTua->index()
 8 SYSTEMPATH\CodeIgniter.php(497): CodeIgniter\CodeIgniter->runController(Object(App\Controllers\OrangTua))
 9 SYSTEMPATH\CodeIgniter.php(340): CodeIgniter\CodeIgniter->handleRequest(null, Object(Config\Cache), false)
10 SYSTEMPATH\Boot.php(417): CodeIgniter\CodeIgniter->run()
11 SYSTEMPATH\Boot.php(68): CodeIgniter\Boot::runCodeIgniter(Object(CodeIgniter\CodeIgniter))
12 FCPATH\index.php(59): CodeIgniter\Boot::bootWeb(Object(Config\Paths))
CRITICAL - 2026-05-20 07:45:12 --> [Caused by] mysqli_sql_exception: Unknown column 'murid.id_murid' in 'on clause'
in SYSTEMPATH\Database\MySQLi\Connection.php on line 300.
 1 SYSTEMPATH\Database\MySQLi\Connection.php(300): mysqli->query('SELECT `orang_tua`.*, `murid`.`nama_murid`, `kelas`.`nama_kelas`
FROM `orang_tua`
JOIN `murid` ON `murid`.`id_murid` = `orang_tua`.`id_murid`
JOIN `kelas` ON `kelas`.`id_kelas` = `orang_tua`.`id_kelas`
ORDER BY `orang_tua`.`created_at` DESC', 0)
 2 SYSTEMPATH\Database\BaseConnection.php(910): CodeIgniter\Database\MySQLi\Connection->execute('SELECT `orang_tua`.*, `murid`.`nama_murid`, `kelas`.`nama_kelas`
FROM `orang_tua`
JOIN `murid` ON `murid`.`id_murid` = `orang_tua`.`id_murid`
JOIN `kelas` ON `kelas`.`id_kelas` = `orang_tua`.`id_kelas`
ORDER BY `orang_tua`.`created_at` DESC')
 3 SYSTEMPATH\Database\BaseConnection.php(827): CodeIgniter\Database\BaseConnection->simpleQuery('SELECT `orang_tua`.*, `murid`.`nama_murid`, `kelas`.`nama_kelas`
FROM `orang_tua`
JOIN `murid` ON `murid`.`id_murid` = `orang_tua`.`id_murid`
JOIN `kelas` ON `kelas`.`id_kelas` = `orang_tua`.`id_kelas`
ORDER BY `orang_tua`.`created_at` DESC')
 4 SYSTEMPATH\Database\BaseBuilder.php(1649): CodeIgniter\Database\BaseConnection->query('SELECT `orang_tua`.*, `murid`.`nama_murid`, `kelas`.`nama_kelas`
FROM `orang_tua`
JOIN `murid` ON `murid`.`id_murid` = `orang_tua`.`id_murid`
JOIN `kelas` ON `kelas`.`id_kelas` = `orang_tua`.`id_kelas`
ORDER BY `orang_tua`.`created_at` DESC', [], false)
 5 SYSTEMPATH\Model.php(253): CodeIgniter\Database\BaseBuilder->get()
 6 SYSTEMPATH\BaseModel.php(676): CodeIgniter\Model->doFindAll(0, 0)
 7 APPPATH\Controllers\OrangTua.php(39): CodeIgniter\BaseModel->findAll()
 8 SYSTEMPATH\CodeIgniter.php(951): App\Controllers\OrangTua->index()
 9 SYSTEMPATH\CodeIgniter.php(497): CodeIgniter\CodeIgniter->runController(Object(App\Controllers\OrangTua))
10 SYSTEMPATH\CodeIgniter.php(340): CodeIgniter\CodeIgniter->handleRequest(null, Object(Config\Cache), false)
11 SYSTEMPATH\Boot.php(417): CodeIgniter\CodeIgniter->run()
12 SYSTEMPATH\Boot.php(68): CodeIgniter\Boot::runCodeIgniter(Object(CodeIgniter\CodeIgniter))
13 FCPATH\index.php(59): CodeIgniter\Boot::bootWeb(Object(Config\Paths))
DEBUG - 2026-05-20 07:45:37 --> Session: Class initialized using 'CodeIgniter\Session\Handlers\FileHandler' driver.
CRITICAL - 2026-05-20 07:45:44 --> ErrorException: Undefined array key "nama_kelas"
[Method: GET, Route: orang-tua/detail/4]
in APPPATH\Views\OrangTua\detail.php on line 44.
 1 APPPATH\Views\OrangTua\detail.php(44): CodeIgniter\Debug\Exceptions->errorHandler(2, 'Undefined array key "nama_kelas"', 'C:\\xampp-baru\\htdocs\\tk\\app\\Views\\OrangTua\\detail.php', 44)
 2 SYSTEMPATH\View\View.php(240): include('C:\\xampp-baru\\htdocs\\tk\\app\\Views\\OrangTua\\detail.php')
 3 SYSTEMPATH\View\View.php(243): CodeIgniter\View\View->CodeIgniter\View\{closure}()
 4 SYSTEMPATH\Common.php(1250): CodeIgniter\View\View->render('OrangTua/detail', [], true)
 5 APPPATH\Controllers\OrangTua.php(43): view('OrangTua/detail', [...])
 6 SYSTEMPATH\CodeIgniter.php(951): App\Controllers\OrangTua->detail('4')
 7 SYSTEMPATH\CodeIgniter.php(497): CodeIgniter\CodeIgniter->runController(Object(App\Controllers\OrangTua))
 8 SYSTEMPATH\CodeIgniter.php(340): CodeIgniter\CodeIgniter->handleRequest(null, Object(Config\Cache), false)
 9 SYSTEMPATH\Boot.php(417): CodeIgniter\CodeIgniter->run()
10 SYSTEMPATH\Boot.php(68): CodeIgniter\Boot::runCodeIgniter(Object(CodeIgniter\CodeIgniter))
11 FCPATH\index.php(59): CodeIgniter\Boot::bootWeb(Object(Config\Paths))
DEBUG - 2026-05-20 07:46:30 --> Session: Class initialized using 'CodeIgniter\Session\Handlers\FileHandler' driver.
DEBUG - 2026-05-20 07:47:01 --> Session: Class initialized using 'CodeIgniter\Session\Handlers\FileHandler' driver.
CRITICAL - 2026-05-20 07:47:04 --> CodeIgniter\View\Exceptions\ViewException: Invalid file: "OrangTua/form.php"
[Method: GET, Route: orang-tua/tambah]
in SYSTEMPATH\Exceptions\FrameworkException.php on line 39.
 1 SYSTEMPATH\View\View.php(228): CodeIgniter\Exceptions\FrameworkException::forInvalidFile('OrangTua/form.php')
 2 SYSTEMPATH\Common.php(1250): CodeIgniter\View\View->render('OrangTua/form', [], true)
 3 APPPATH\Controllers\OrangTua.php(53): view('OrangTua/form', [...])
 4 SYSTEMPATH\CodeIgniter.php(951): App\Controllers\OrangTua->tambah()
 5 SYSTEMPATH\CodeIgniter.php(497): CodeIgniter\CodeIgniter->runController(Object(App\Controllers\OrangTua))
 6 SYSTEMPATH\CodeIgniter.php(340): CodeIgniter\CodeIgniter->handleRequest(null, Object(Config\Cache), false)
 7 SYSTEMPATH\Boot.php(417): CodeIgniter\CodeIgniter->run()
 8 SYSTEMPATH\Boot.php(68): CodeIgniter\Boot::runCodeIgniter(Object(CodeIgniter\CodeIgniter))
 9 FCPATH\index.php(59): CodeIgniter\Boot::bootWeb(Object(Config\Paths))
DEBUG - 2026-05-20 07:47:38 --> Session: Class initialized using 'CodeIgniter\Session\Handlers\FileHandler' driver.
DEBUG - 2026-05-20 07:49:38 --> Session: Class initialized using 'CodeIgniter\Session\Handlers\FileHandler' driver.
DEBUG - 2026-05-20 07:49:41 --> Session: Class initialized using 'CodeIgniter\Session\Handlers\FileHandler' driver.
DEBUG - 2026-05-20 07:50:01 --> Session: Class initialized using 'CodeIgniter\Session\Handlers\FileHandler' driver.
DEBUG - 2026-05-20 07:50:10 --> Session: Class initialized using 'CodeIgniter\Session\Handlers\FileHandler' driver.
DEBUG - 2026-05-20 07:50:23 --> Session: Class initialized using 'CodeIgniter\Session\Handlers\FileHandler' driver.
DEBUG - 2026-05-20 07:50:53 --> Session: Class initialized using 'CodeIgniter\Session\Handlers\FileHandler' driver.
DEBUG - 2026-05-20 07:50:56 --> Session: Class initialized using 'CodeIgniter\Session\Handlers\FileHandler' driver.
DEBUG - 2026-05-20 07:51:32 --> Session: Class initialized using 'CodeIgniter\Session\Handlers\FileHandler' driver.
DEBUG - 2026-05-20 07:51:35 --> Session: Class initialized using 'CodeIgniter\Session\Handlers\FileHandler' driver.
DEBUG - 2026-05-20 07:53:44 --> Session: Class initialized using 'CodeIgniter\Session\Handlers\FileHandler' driver.
DEBUG - 2026-05-20 07:53:47 --> Session: Class initialized using 'CodeIgniter\Session\Handlers\FileHandler' driver.
DEBUG - 2026-05-20 07:54:05 --> Session: Class initialized using 'CodeIgniter\Session\Handlers\FileHandler' driver.
DEBUG - 2026-05-20 07:57:03 --> Session: Class initialized using 'CodeIgniter\Session\Handlers\FileHandler' driver.
DEBUG - 2026-05-20 07:57:48 --> Session: Class initialized using 'CodeIgniter\Session\Handlers\FileHandler' driver.
DEBUG - 2026-05-20 07:59:19 --> Session: Class initialized using 'CodeIgniter\Session\Handlers\FileHandler' driver.
DEBUG - 2026-05-20 07:59:23 --> Session: Class initialized using 'CodeIgniter\Session\Handlers\FileHandler' driver.
DEBUG - 2026-05-20 08:00:17 --> Session: Class initialized using 'CodeIgniter\Session\Handlers\FileHandler' driver.
DEBUG - 2026-05-20 08:00:17 --> Session: Class initialized using 'CodeIgniter\Session\Handlers\FileHandler' driver.
DEBUG - 2026-05-20 08:00:39 --> Session: Class initialized using 'CodeIgniter\Session\Handlers\FileHandler' driver.
DEBUG - 2026-05-20 08:01:14 --> Session: Class initialized using 'CodeIgniter\Session\Handlers\FileHandler' driver.
DEBUG - 2026-05-20 08:01:32 --> Session: Class initialized using 'CodeIgniter\Session\Handlers\FileHandler' driver.
DEBUG - 2026-05-20 08:02:07 --> Session: Class initialized using 'CodeIgniter\Session\Handlers\FileHandler' driver.
DEBUG - 2026-05-20 08:02:10 --> Session: Class initialized using 'CodeIgniter\Session\Handlers\FileHandler' driver.
DEBUG - 2026-05-20 08:03:00 --> Session: Class initialized using 'CodeIgniter\Session\Handlers\FileHandler' driver.
DEBUG - 2026-05-20 08:04:33 --> Session: Class initialized using 'CodeIgniter\Session\Handlers\FileHandler' driver.
DEBUG - 2026-05-20 08:15:38 --> Session: Class initialized using 'CodeIgniter\Session\Handlers\FileHandler' driver.
DEBUG - 2026-05-20 08:15:41 --> Session: Class initialized using 'CodeIgniter\Session\Handlers\FileHandler' driver.
DEBUG - 2026-05-20 08:15:42 --> Session: Class initialized using 'CodeIgniter\Session\Handlers\FileHandler' driver.
DEBUG - 2026-05-20 08:16:44 --> Session: Class initialized using 'CodeIgniter\Session\Handlers\FileHandler' driver.
CRITICAL - 2026-05-20 08:19:19 --> ErrorException: Undefined variable $kelas
[Method: GET, Route: orang-tua]
in APPPATH\Views\OrangTua\index.php on line 39.
 1 APPPATH\Views\OrangTua\index.php(39): CodeIgniter\Debug\Exceptions->errorHandler(2, 'Undefined variable $kelas', 'C:\\xampp-baru\\htdocs\\tk\\app\\Views\\OrangTua\\index.php', 39)
 2 SYSTEMPATH\View\View.php(240): include('C:\\xampp-baru\\htdocs\\tk\\app\\Views\\OrangTua\\index.php')
 3 SYSTEMPATH\View\View.php(243): CodeIgniter\View\View->CodeIgniter\View\{closure}()
 4 SYSTEMPATH\Common.php(1250): CodeIgniter\View\View->render('OrangTua/index', [], true)
 5 APPPATH\Controllers\OrangTua.php(33): view('OrangTua/index', [...])
 6 SYSTEMPATH\CodeIgniter.php(951): App\Controllers\OrangTua->index()
 7 SYSTEMPATH\CodeIgniter.php(497): CodeIgniter\CodeIgniter->runController(Object(App\Controllers\OrangTua))
 8 SYSTEMPATH\CodeIgniter.php(340): CodeIgniter\CodeIgniter->handleRequest(null, Object(Config\Cache), false)
 9 SYSTEMPATH\Boot.php(417): CodeIgniter\CodeIgniter->run()
10 SYSTEMPATH\Boot.php(68): CodeIgniter\Boot::runCodeIgniter(Object(CodeIgniter\CodeIgniter))
11 FCPATH\index.php(59): CodeIgniter\Boot::bootWeb(Object(Config\Paths))
CRITICAL - 2026-05-20 08:22:12 --> Error: Class "App\Controllers\KelasModel" not found
[Method: GET, Route: orang-tua]
in APPPATH\Controllers\OrangTua.php on line 19.
 1 SYSTEMPATH\CodeIgniter.php(921): App\Controllers\OrangTua->__construct()
 2 SYSTEMPATH\CodeIgniter.php(488): CodeIgniter\CodeIgniter->createController()
>>>>>>> 8c509caff41bca602b02760eccd2870b41cd50a2
 3 SYSTEMPATH\CodeIgniter.php(340): CodeIgniter\CodeIgniter->handleRequest(null, Object(Config\Cache), false)
 4 SYSTEMPATH\Boot.php(417): CodeIgniter\CodeIgniter->run()
 5 SYSTEMPATH\Boot.php(68): CodeIgniter\Boot::runCodeIgniter(Object(CodeIgniter\CodeIgniter))
 6 FCPATH\index.php(59): CodeIgniter\Boot::bootWeb(Object(Config\Paths))
<<<<<<< HEAD
=======
CRITICAL - 2026-05-20 08:23:05 --> CodeIgniter\View\Exceptions\ViewException: Invalid file: "orang_tua/index.php"
[Method: GET, Route: orang-tua]
in SYSTEMPATH\Exceptions\FrameworkException.php on line 39.
 1 SYSTEMPATH\View\View.php(228): CodeIgniter\Exceptions\FrameworkException::forInvalidFile('orang_tua/index.php')
 2 SYSTEMPATH\Common.php(1250): CodeIgniter\View\View->render('orang_tua/index', [], true)
 3 APPPATH\Controllers\OrangTua.php(42): view('orang_tua/index', [...])
 4 SYSTEMPATH\CodeIgniter.php(951): App\Controllers\OrangTua->index()
 5 SYSTEMPATH\CodeIgniter.php(497): CodeIgniter\CodeIgniter->runController(Object(App\Controllers\OrangTua))
 6 SYSTEMPATH\CodeIgniter.php(340): CodeIgniter\CodeIgniter->handleRequest(null, Object(Config\Cache), false)
 7 SYSTEMPATH\Boot.php(417): CodeIgniter\CodeIgniter->run()
 8 SYSTEMPATH\Boot.php(68): CodeIgniter\Boot::runCodeIgniter(Object(CodeIgniter\CodeIgniter))
 9 FCPATH\index.php(59): CodeIgniter\Boot::bootWeb(Object(Config\Paths))
CRITICAL - 2026-05-20 08:25:03 --> CodeIgniter\View\Exceptions\ViewException: Invalid file: "orang-tua/index.php"
[Method: GET, Route: orang-tua]
in SYSTEMPATH\Exceptions\FrameworkException.php on line 39.
 1 SYSTEMPATH\View\View.php(228): CodeIgniter\Exceptions\FrameworkException::forInvalidFile('orang-tua/index.php')
 2 SYSTEMPATH\Common.php(1250): CodeIgniter\View\View->render('orang-tua/index', [], true)
 3 APPPATH\Controllers\OrangTua.php(42): view('orang-tua/index', [...])
 4 SYSTEMPATH\CodeIgniter.php(951): App\Controllers\OrangTua->index()
 5 SYSTEMPATH\CodeIgniter.php(497): CodeIgniter\CodeIgniter->runController(Object(App\Controllers\OrangTua))
 6 SYSTEMPATH\CodeIgniter.php(340): CodeIgniter\CodeIgniter->handleRequest(null, Object(Config\Cache), false)
 7 SYSTEMPATH\Boot.php(417): CodeIgniter\CodeIgniter->run()
 8 SYSTEMPATH\Boot.php(68): CodeIgniter\Boot::runCodeIgniter(Object(CodeIgniter\CodeIgniter))
 9 FCPATH\index.php(59): CodeIgniter\Boot::bootWeb(Object(Config\Paths))
CRITICAL - 2026-05-20 08:25:05 --> CodeIgniter\View\Exceptions\ViewException: Invalid file: "orang-tua/index.php"
[Method: GET, Route: orang-tua]
in SYSTEMPATH\Exceptions\FrameworkException.php on line 39.
 1 SYSTEMPATH\View\View.php(228): CodeIgniter\Exceptions\FrameworkException::forInvalidFile('orang-tua/index.php')
 2 SYSTEMPATH\Common.php(1250): CodeIgniter\View\View->render('orang-tua/index', [], true)
 3 APPPATH\Controllers\OrangTua.php(42): view('orang-tua/index', [...])
 4 SYSTEMPATH\CodeIgniter.php(951): App\Controllers\OrangTua->index()
 5 SYSTEMPATH\CodeIgniter.php(497): CodeIgniter\CodeIgniter->runController(Object(App\Controllers\OrangTua))
 6 SYSTEMPATH\CodeIgniter.php(340): CodeIgniter\CodeIgniter->handleRequest(null, Object(Config\Cache), false)
 7 SYSTEMPATH\Boot.php(417): CodeIgniter\CodeIgniter->run()
 8 SYSTEMPATH\Boot.php(68): CodeIgniter\Boot::runCodeIgniter(Object(CodeIgniter\CodeIgniter))
 9 FCPATH\index.php(59): CodeIgniter\Boot::bootWeb(Object(Config\Paths))
CRITICAL - 2026-05-20 08:25:05 --> CodeIgniter\View\Exceptions\ViewException: Invalid file: "orang-tua/index.php"
[Method: GET, Route: orang-tua]
in SYSTEMPATH\Exceptions\FrameworkException.php on line 39.
 1 SYSTEMPATH\View\View.php(228): CodeIgniter\Exceptions\FrameworkException::forInvalidFile('orang-tua/index.php')
 2 SYSTEMPATH\Common.php(1250): CodeIgniter\View\View->render('orang-tua/index', [], true)
 3 APPPATH\Controllers\OrangTua.php(42): view('orang-tua/index', [...])
 4 SYSTEMPATH\CodeIgniter.php(951): App\Controllers\OrangTua->index()
 5 SYSTEMPATH\CodeIgniter.php(497): CodeIgniter\CodeIgniter->runController(Object(App\Controllers\OrangTua))
 6 SYSTEMPATH\CodeIgniter.php(340): CodeIgniter\CodeIgniter->handleRequest(null, Object(Config\Cache), false)
 7 SYSTEMPATH\Boot.php(417): CodeIgniter\CodeIgniter->run()
 8 SYSTEMPATH\Boot.php(68): CodeIgniter\Boot::runCodeIgniter(Object(CodeIgniter\CodeIgniter))
 9 FCPATH\index.php(59): CodeIgniter\Boot::bootWeb(Object(Config\Paths))
CRITICAL - 2026-05-20 08:25:06 --> CodeIgniter\View\Exceptions\ViewException: Invalid file: "orang-tua/index.php"
[Method: GET, Route: orang-tua]
in SYSTEMPATH\Exceptions\FrameworkException.php on line 39.
 1 SYSTEMPATH\View\View.php(228): CodeIgniter\Exceptions\FrameworkException::forInvalidFile('orang-tua/index.php')
 2 SYSTEMPATH\Common.php(1250): CodeIgniter\View\View->render('orang-tua/index', [], true)
 3 APPPATH\Controllers\OrangTua.php(42): view('orang-tua/index', [...])
 4 SYSTEMPATH\CodeIgniter.php(951): App\Controllers\OrangTua->index()
 5 SYSTEMPATH\CodeIgniter.php(497): CodeIgniter\CodeIgniter->runController(Object(App\Controllers\OrangTua))
 6 SYSTEMPATH\CodeIgniter.php(340): CodeIgniter\CodeIgniter->handleRequest(null, Object(Config\Cache), false)
 7 SYSTEMPATH\Boot.php(417): CodeIgniter\CodeIgniter->run()
 8 SYSTEMPATH\Boot.php(68): CodeIgniter\Boot::runCodeIgniter(Object(CodeIgniter\CodeIgniter))
 9 FCPATH\index.php(59): CodeIgniter\Boot::bootWeb(Object(Config\Paths))
CRITICAL - 2026-05-20 08:25:06 --> CodeIgniter\View\Exceptions\ViewException: Invalid file: "orang-tua/index.php"
[Method: GET, Route: orang-tua]
in SYSTEMPATH\Exceptions\FrameworkException.php on line 39.
 1 SYSTEMPATH\View\View.php(228): CodeIgniter\Exceptions\FrameworkException::forInvalidFile('orang-tua/index.php')
 2 SYSTEMPATH\Common.php(1250): CodeIgniter\View\View->render('orang-tua/index', [], true)
 3 APPPATH\Controllers\OrangTua.php(42): view('orang-tua/index', [...])
 4 SYSTEMPATH\CodeIgniter.php(951): App\Controllers\OrangTua->index()
 5 SYSTEMPATH\CodeIgniter.php(497): CodeIgniter\CodeIgniter->runController(Object(App\Controllers\OrangTua))
 6 SYSTEMPATH\CodeIgniter.php(340): CodeIgniter\CodeIgniter->handleRequest(null, Object(Config\Cache), false)
 7 SYSTEMPATH\Boot.php(417): CodeIgniter\CodeIgniter->run()
 8 SYSTEMPATH\Boot.php(68): CodeIgniter\Boot::runCodeIgniter(Object(CodeIgniter\CodeIgniter))
 9 FCPATH\index.php(59): CodeIgniter\Boot::bootWeb(Object(Config\Paths))
DEBUG - 2026-05-20 08:25:22 --> Session: Class initialized using 'CodeIgniter\Session\Handlers\FileHandler' driver.
DEBUG - 2026-05-20 08:25:33 --> Session: Class initialized using 'CodeIgniter\Session\Handlers\FileHandler' driver.
DEBUG - 2026-05-20 08:25:37 --> Session: Class initialized using 'CodeIgniter\Session\Handlers\FileHandler' driver.
DEBUG - 2026-05-20 08:25:40 --> Session: Class initialized using 'CodeIgniter\Session\Handlers\FileHandler' driver.
DEBUG - 2026-05-20 08:25:43 --> Session: Class initialized using 'CodeIgniter\Session\Handlers\FileHandler' driver.
DEBUG - 2026-05-20 08:26:06 --> Session: Class initialized using 'CodeIgniter\Session\Handlers\FileHandler' driver.
DEBUG - 2026-05-20 08:26:11 --> Session: Class initialized using 'CodeIgniter\Session\Handlers\FileHandler' driver.
DEBUG - 2026-05-20 08:26:13 --> Session: Class initialized using 'CodeIgniter\Session\Handlers\FileHandler' driver.
DEBUG - 2026-05-20 08:26:13 --> Session: Class initialized using 'CodeIgniter\Session\Handlers\FileHandler' driver.
DEBUG - 2026-05-20 08:26:16 --> Session: Class initialized using 'CodeIgniter\Session\Handlers\FileHandler' driver.
DEBUG - 2026-05-20 08:26:24 --> Session: Class initialized using 'CodeIgniter\Session\Handlers\FileHandler' driver.
DEBUG - 2026-05-20 08:27:10 --> Session: Class initialized using 'CodeIgniter\Session\Handlers\FileHandler' driver.
DEBUG - 2026-05-20 08:27:21 --> Session: Class initialized using 'CodeIgniter\Session\Handlers\FileHandler' driver.
DEBUG - 2026-05-20 08:27:23 --> Session: Class initialized using 'CodeIgniter\Session\Handlers\FileHandler' driver.
DEBUG - 2026-05-20 08:27:27 --> Session: Class initialized using 'CodeIgniter\Session\Handlers\FileHandler' driver.
DEBUG - 2026-05-20 08:28:36 --> Session: Class initialized using 'CodeIgniter\Session\Handlers\FileHandler' driver.
DEBUG - 2026-05-20 08:28:42 --> Session: Class initialized using 'CodeIgniter\Session\Handlers\FileHandler' driver.
DEBUG - 2026-05-20 08:31:20 --> Session: Class initialized using 'CodeIgniter\Session\Handlers\FileHandler' driver.
DEBUG - 2026-05-20 08:32:31 --> Session: Class initialized using 'CodeIgniter\Session\Handlers\FileHandler' driver.
DEBUG - 2026-05-20 08:32:56 --> Session: Class initialized using 'CodeIgniter\Session\Handlers\FileHandler' driver.
DEBUG - 2026-05-20 08:32:59 --> Session: Class initialized using 'CodeIgniter\Session\Handlers\FileHandler' driver.
DEBUG - 2026-05-20 08:33:01 --> Session: Class initialized using 'CodeIgniter\Session\Handlers\FileHandler' driver.
DEBUG - 2026-05-20 08:39:25 --> Session: Class initialized using 'CodeIgniter\Session\Handlers\FileHandler' driver.
DEBUG - 2026-05-20 08:39:49 --> Session: Class initialized using 'CodeIgniter\Session\Handlers\FileHandler' driver.
DEBUG - 2026-05-20 08:46:02 --> Session: Class initialized using 'CodeIgniter\Session\Handlers\FileHandler' driver.
DEBUG - 2026-05-20 08:46:02 --> Session: Class initialized using 'CodeIgniter\Session\Handlers\FileHandler' driver.
DEBUG - 2026-05-20 08:46:32 --> Session: Class initialized using 'CodeIgniter\Session\Handlers\FileHandler' driver.
DEBUG - 2026-05-20 08:46:41 --> Session: Class initialized using 'CodeIgniter\Session\Handlers\FileHandler' driver.
DEBUG - 2026-05-20 08:46:55 --> Session: Class initialized using 'CodeIgniter\Session\Handlers\FileHandler' driver.
DEBUG - 2026-05-20 08:46:58 --> Session: Class initialized using 'CodeIgniter\Session\Handlers\FileHandler' driver.
DEBUG - 2026-05-20 08:47:36 --> Session: Class initialized using 'CodeIgniter\Session\Handlers\FileHandler' driver.
DEBUG - 2026-05-20 08:51:11 --> Session: Class initialized using 'CodeIgniter\Session\Handlers\FileHandler' driver.
DEBUG - 2026-05-20 08:51:22 --> Session: Class initialized using 'CodeIgniter\Session\Handlers\FileHandler' driver.
DEBUG - 2026-05-20 08:51:54 --> Session: Class initialized using 'CodeIgniter\Session\Handlers\FileHandler' driver.
DEBUG - 2026-05-20 08:51:58 --> Session: Class initialized using 'CodeIgniter\Session\Handlers\FileHandler' driver.
DEBUG - 2026-05-20 08:52:07 --> Session: Class initialized using 'CodeIgniter\Session\Handlers\FileHandler' driver.
DEBUG - 2026-05-20 08:52:13 --> Session: Class initialized using 'CodeIgniter\Session\Handlers\FileHandler' driver.
DEBUG - 2026-05-20 08:52:24 --> Session: Class initialized using 'CodeIgniter\Session\Handlers\FileHandler' driver.
DEBUG - 2026-05-20 08:53:48 --> Session: Class initialized using 'CodeIgniter\Session\Handlers\FileHandler' driver.
DEBUG - 2026-05-20 08:54:06 --> Session: Class initialized using 'CodeIgniter\Session\Handlers\FileHandler' driver.
DEBUG - 2026-05-20 08:54:12 --> Session: Class initialized using 'CodeIgniter\Session\Handlers\FileHandler' driver.
DEBUG - 2026-05-20 08:54:17 --> Session: Class initialized using 'CodeIgniter\Session\Handlers\FileHandler' driver.
DEBUG - 2026-05-20 08:55:02 --> Session: Class initialized using 'CodeIgniter\Session\Handlers\FileHandler' driver.
DEBUG - 2026-05-20 08:56:20 --> Session: Class initialized using 'CodeIgniter\Session\Handlers\FileHandler' driver.
DEBUG - 2026-05-20 08:56:50 --> Session: Class initialized using 'CodeIgniter\Session\Handlers\FileHandler' driver.
DEBUG - 2026-05-20 08:56:53 --> Session: Class initialized using 'CodeIgniter\Session\Handlers\FileHandler' driver.
DEBUG - 2026-05-20 08:57:00 --> Session: Class initialized using 'CodeIgniter\Session\Handlers\FileHandler' driver.
DEBUG - 2026-05-20 08:57:27 --> Session: Class initialized using 'CodeIgniter\Session\Handlers\FileHandler' driver.
DEBUG - 2026-05-20 09:24:29 --> Session: Class initialized using 'CodeIgniter\Session\Handlers\FileHandler' driver.
DEBUG - 2026-05-20 09:24:31 --> Session: Class initialized using 'CodeIgniter\Session\Handlers\FileHandler' driver.
DEBUG - 2026-05-20 09:24:34 --> Session: Class initialized using 'CodeIgniter\Session\Handlers\FileHandler' driver.
DEBUG - 2026-05-20 09:24:41 --> Session: Class initialized using 'CodeIgniter\Session\Handlers\FileHandler' driver.
DEBUG - 2026-05-20 09:24:41 --> Session: Class initialized using 'CodeIgniter\Session\Handlers\FileHandler' driver.
DEBUG - 2026-05-20 09:24:44 --> Session: Class initialized using 'CodeIgniter\Session\Handlers\FileHandler' driver.
DEBUG - 2026-05-20 09:24:50 --> Session: Class initialized using 'CodeIgniter\Session\Handlers\FileHandler' driver.
DEBUG - 2026-05-20 09:24:59 --> Session: Class initialized using 'CodeIgniter\Session\Handlers\FileHandler' driver.
DEBUG - 2026-05-20 09:24:59 --> Session: Class initialized using 'CodeIgniter\Session\Handlers\FileHandler' driver.
DEBUG - 2026-05-20 09:28:19 --> Session: Class initialized using 'CodeIgniter\Session\Handlers\FileHandler' driver.
DEBUG - 2026-05-20 09:28:19 --> Session: Class initialized using 'CodeIgniter\Session\Handlers\FileHandler' driver.
DEBUG - 2026-05-20 09:28:23 --> Session: Class initialized using 'CodeIgniter\Session\Handlers\FileHandler' driver.
DEBUG - 2026-05-20 09:28:28 --> Session: Class initialized using 'CodeIgniter\Session\Handlers\FileHandler' driver.
DEBUG - 2026-05-20 09:28:28 --> Session: Class initialized using 'CodeIgniter\Session\Handlers\FileHandler' driver.
DEBUG - 2026-05-20 09:28:31 --> Session: Class initialized using 'CodeIgniter\Session\Handlers\FileHandler' driver.
DEBUG - 2026-05-20 09:28:33 --> Session: Class initialized using 'CodeIgniter\Session\Handlers\FileHandler' driver.
DEBUG - 2026-05-20 09:29:17 --> Session: Class initialized using 'CodeIgniter\Session\Handlers\FileHandler' driver.
DEBUG - 2026-05-20 09:29:24 --> Session: Class initialized using 'CodeIgniter\Session\Handlers\FileHandler' driver.
DEBUG - 2026-05-20 09:29:29 --> Session: Class initialized using 'CodeIgniter\Session\Handlers\FileHandler' driver.
DEBUG - 2026-05-20 09:29:33 --> Session: Class initialized using 'CodeIgniter\Session\Handlers\FileHandler' driver.
DEBUG - 2026-05-20 09:29:37 --> Session: Class initialized using 'CodeIgniter\Session\Handlers\FileHandler' driver.
>>>>>>> 8c509caff41bca602b02760eccd2870b41cd50a2
