DEBUG - 2026-05-16 06:17:19 --> Session: Class initialized using 'CodeIgniter\Session\Handlers\FileHandler' driver.
DEBUG - 2026-05-16 06:18:10 --> Session: Class initialized using 'CodeIgniter\Session\Handlers\FileHandler' driver.
DEBUG - 2026-05-16 06:18:12 --> Session: Class initialized using 'CodeIgniter\Session\Handlers\FileHandler' driver.
DEBUG - 2026-05-16 06:18:15 --> Session: Class initialized using 'CodeIgniter\Session\Handlers\FileHandler' driver.
DEBUG - 2026-05-16 06:18:22 --> Session: Class initialized using 'CodeIgniter\Session\Handlers\FileHandler' driver.
DEBUG - 2026-05-16 06:18:31 --> Session: Class initialized using 'CodeIgniter\Session\Handlers\FileHandler' driver.
DEBUG - 2026-05-16 06:18:33 --> Session: Class initialized using 'CodeIgniter\Session\Handlers\FileHandler' driver.
DEBUG - 2026-05-16 06:31:38 --> Session: Class initialized using 'CodeIgniter\Session\Handlers\FileHandler' driver.
DEBUG - 2026-05-16 06:31:45 --> Session: Class initialized using 'CodeIgniter\Session\Handlers\FileHandler' driver.
DEBUG - 2026-05-16 06:32:02 --> Session: Class initialized using 'CodeIgniter\Session\Handlers\FileHandler' driver.
DEBUG - 2026-05-16 06:32:14 --> Session: Class initialized using 'CodeIgniter\Session\Handlers\FileHandler' driver.
DEBUG - 2026-05-16 06:32:20 --> Session: Class initialized using 'CodeIgniter\Session\Handlers\FileHandler' driver.
DEBUG - 2026-05-16 06:32:23 --> Session: Class initialized using 'CodeIgniter\Session\Handlers\FileHandler' driver.
DEBUG - 2026-05-16 06:32:26 --> Session: Class initialized using 'CodeIgniter\Session\Handlers\FileHandler' driver.
DEBUG - 2026-05-16 06:37:33 --> Session: Class initialized using 'CodeIgniter\Session\Handlers\FileHandler' driver.
DEBUG - 2026-05-16 06:37:34 --> Session: Class initialized using 'CodeIgniter\Session\Handlers\FileHandler' driver.
DEBUG - 2026-05-16 06:37:34 --> Session: Class initialized using 'CodeIgniter\Session\Handlers\FileHandler' driver.
DEBUG - 2026-05-16 06:39:16 --> Session: Class initialized using 'CodeIgniter\Session\Handlers\FileHandler' driver.
DEBUG - 2026-05-16 06:39:18 --> Session: Class initialized using 'CodeIgniter\Session\Handlers\FileHandler' driver.
DEBUG - 2026-05-16 06:41:27 --> Session: Class initialized using 'CodeIgniter\Session\Handlers\FileHandler' driver.
DEBUG - 2026-05-16 06:41:27 --> Session: Class initialized using 'CodeIgniter\Session\Handlers\FileHandler' driver.
DEBUG - 2026-05-16 06:41:27 --> Session: Class initialized using 'CodeIgniter\Session\Handlers\FileHandler' driver.
DEBUG - 2026-05-16 06:41:44 --> Session: Class initialized using 'CodeIgniter\Session\Handlers\FileHandler' driver.
DEBUG - 2026-05-16 06:50:34 --> Session: Class initialized using 'CodeIgniter\Session\Handlers\FileHandler' driver.
DEBUG - 2026-05-16 06:50:39 --> Session: Class initialized using 'CodeIgniter\Session\Handlers\FileHandler' driver.
DEBUG - 2026-05-16 06:50:56 --> Session: Class initialized using 'CodeIgniter\Session\Handlers\FileHandler' driver.
DEBUG - 2026-05-16 06:52:41 --> Session: Class initialized using 'CodeIgniter\Session\Handlers\FileHandler' driver.
DEBUG - 2026-05-16 06:52:46 --> Session: Class initialized using 'CodeIgniter\Session\Handlers\FileHandler' driver.
DEBUG - 2026-05-16 06:52:56 --> Session: Class initialized using 'CodeIgniter\Session\Handlers\FileHandler' driver.
DEBUG - 2026-05-16 06:53:15 --> Session: Class initialized using 'CodeIgniter\Session\Handlers\FileHandler' driver.
DEBUG - 2026-05-16 06:53:15 --> Session: Class initialized using 'CodeIgniter\Session\Handlers\FileHandler' driver.
DEBUG - 2026-05-16 06:53:25 --> Session: Class initialized using 'CodeIgniter\Session\Handlers\FileHandler' driver.
DEBUG - 2026-05-16 06:53:35 --> Session: Class initialized using 'CodeIgniter\Session\Handlers\FileHandler' driver.
DEBUG - 2026-05-16 06:53:40 --> Session: Class initialized using 'CodeIgniter\Session\Handlers\FileHandler' driver.
DEBUG - 2026-05-16 06:53:45 --> Session: Class initialized using 'CodeIgniter\Session\Handlers\FileHandler' driver.
DEBUG - 2026-05-16 06:53:48 --> Session: Class initialized using 'CodeIgniter\Session\Handlers\FileHandler' driver.
DEBUG - 2026-05-16 06:57:55 --> Session: Class initialized using 'CodeIgniter\Session\Handlers\FileHandler' driver.
DEBUG - 2026-05-16 06:58:02 --> Session: Class initialized using 'CodeIgniter\Session\Handlers\FileHandler' driver.
DEBUG - 2026-05-16 06:58:02 --> Session: Class initialized using 'CodeIgniter\Session\Handlers\FileHandler' driver.
DEBUG - 2026-05-16 07:09:21 --> Session: Class initialized using 'CodeIgniter\Session\Handlers\FileHandler' driver.
DEBUG - 2026-05-16 07:22:05 --> Session: Class initialized using 'CodeIgniter\Session\Handlers\FileHandler' driver.
DEBUG - 2026-05-16 07:24:31 --> Session: Class initialized using 'CodeIgniter\Session\Handlers\FileHandler' driver.
DEBUG - 2026-05-16 07:29:56 --> Session: Class initialized using 'CodeIgniter\Session\Handlers\FileHandler' driver.
DEBUG - 2026-05-16 07:30:00 --> Session: Class initialized using 'CodeIgniter\Session\Handlers\FileHandler' driver.
DEBUG - 2026-05-16 07:32:00 --> Session: Class initialized using 'CodeIgniter\Session\Handlers\FileHandler' driver.
DEBUG - 2026-05-16 08:36:32 --> Session: Class initialized using 'CodeIgniter\Session\Handlers\FileHandler' driver.
DEBUG - 2026-05-16 08:36:57 --> Session: Class initialized using 'CodeIgniter\Session\Handlers\FileHandler' driver.
DEBUG - 2026-05-16 10:09:30 --> Session: Class initialized using 'CodeIgniter\Session\Handlers\FileHandler' driver.
DEBUG - 2026-05-16 10:39:47 --> Session: Class initialized using 'CodeIgniter\Session\Handlers\FileHandler' driver.
DEBUG - 2026-05-16 10:40:37 --> Session: Class initialized using 'CodeIgniter\Session\Handlers\FileHandler' driver.
DEBUG - 2026-05-16 10:40:42 --> Session: Class initialized using 'CodeIgniter\Session\Handlers\FileHandler' driver.
DEBUG - 2026-05-16 10:45:15 --> Session: Class initialized using 'CodeIgniter\Session\Handlers\FileHandler' driver.
DEBUG - 2026-05-16 10:47:18 --> Session: Class initialized using 'CodeIgniter\Session\Handlers\FileHandler' driver.
DEBUG - 2026-05-16 10:47:36 --> Session: Class initialized using 'CodeIgniter\Session\Handlers\FileHandler' driver.
DEBUG - 2026-05-16 13:13:39 --> Session: Class initialized using 'CodeIgniter\Session\Handlers\FileHandler' driver.
DEBUG - 2026-05-16 13:14:33 --> Session: Class initialized using 'CodeIgniter\Session\Handlers\FileHandler' driver.
DEBUG - 2026-05-16 13:15:07 --> Session: Class initialized using 'CodeIgniter\Session\Handlers\FileHandler' driver.
DEBUG - 2026-05-16 13:15:10 --> Session: Class initialized using 'CodeIgniter\Session\Handlers\FileHandler' driver.
DEBUG - 2026-05-16 13:15:14 --> Session: Class initialized using 'CodeIgniter\Session\Handlers\FileHandler' driver.
DEBUG - 2026-05-16 13:15:17 --> Session: Class initialized using 'CodeIgniter\Session\Handlers\FileHandler' driver.
DEBUG - 2026-05-16 13:15:19 --> Session: Class initialized using 'CodeIgniter\Session\Handlers\FileHandler' driver.
DEBUG - 2026-05-16 13:15:22 --> Session: Class initialized using 'CodeIgniter\Session\Handlers\FileHandler' driver.
DEBUG - 2026-05-16 13:15:27 --> Session: Class initialized using 'CodeIgniter\Session\Handlers\FileHandler' driver.
DEBUG - 2026-05-16 13:15:29 --> Session: Class initialized using 'CodeIgniter\Session\Handlers\FileHandler' driver.
DEBUG - 2026-05-16 13:15:36 --> Session: Class initialized using 'CodeIgniter\Session\Handlers\FileHandler' driver.
DEBUG - 2026-05-16 13:15:38 --> Session: Class initialized using 'CodeIgniter\Session\Handlers\FileHandler' driver.
DEBUG - 2026-05-16 13:46:20 --> Session: Class initialized using 'CodeIgniter\Session\Handlers\FileHandler' driver.
CRITICAL - 2026-05-16 14:32:27 --> Error: Class "App\Controllers\PendidikanModel" not found
[Method: GET, Route: murid/tambah]
in APPPATH\Controllers\Murid.php on line 17.
 1 SYSTEMPATH\CodeIgniter.php(921): App\Controllers\Murid->__construct()
 2 SYSTEMPATH\CodeIgniter.php(488): CodeIgniter\CodeIgniter->createController()
 3 SYSTEMPATH\CodeIgniter.php(340): CodeIgniter\CodeIgniter->handleRequest(null, Object(Config\Cache), false)
 4 SYSTEMPATH\Boot.php(417): CodeIgniter\CodeIgniter->run()
 5 SYSTEMPATH\Boot.php(68): CodeIgniter\Boot::runCodeIgniter(Object(CodeIgniter\CodeIgniter))
 6 FCPATH\index.php(59): CodeIgniter\Boot::bootWeb(Object(Config\Paths))
CRITICAL - 2026-05-16 14:33:07 --> Error: Class "App\Controllers\PendidikanModel" not found
[Method: GET, Route: murid/tambah]
in APPPATH\Controllers\Murid.php on line 17.
 1 SYSTEMPATH\CodeIgniter.php(921): App\Controllers\Murid->__construct()
 2 SYSTEMPATH\CodeIgniter.php(488): CodeIgniter\CodeIgniter->createController()
 3 SYSTEMPATH\CodeIgniter.php(340): CodeIgniter\CodeIgniter->handleRequest(null, Object(Config\Cache), false)
 4 SYSTEMPATH\Boot.php(417): CodeIgniter\CodeIgniter->run()
 5 SYSTEMPATH\Boot.php(68): CodeIgniter\Boot::runCodeIgniter(Object(CodeIgniter\CodeIgniter))
 6 FCPATH\index.php(59): CodeIgniter\Boot::bootWeb(Object(Config\Paths))
CRITICAL - 2026-05-16 14:33:08 --> Error: Class "App\Controllers\PendidikanModel" not found
[Method: GET, Route: murid/tambah]
in APPPATH\Controllers\Murid.php on line 17.
 1 SYSTEMPATH\CodeIgniter.php(921): App\Controllers\Murid->__construct()
 2 SYSTEMPATH\CodeIgniter.php(488): CodeIgniter\CodeIgniter->createController()
 3 SYSTEMPATH\CodeIgniter.php(340): CodeIgniter\CodeIgniter->handleRequest(null, Object(Config\Cache), false)
 4 SYSTEMPATH\Boot.php(417): CodeIgniter\CodeIgniter->run()
 5 SYSTEMPATH\Boot.php(68): CodeIgniter\Boot::runCodeIgniter(Object(CodeIgniter\CodeIgniter))
 6 FCPATH\index.php(59): CodeIgniter\Boot::bootWeb(Object(Config\Paths))
CRITICAL - 2026-05-16 14:33:09 --> Error: Class "App\Controllers\PendidikanModel" not found
[Method: GET, Route: murid/tambah]
in APPPATH\Controllers\Murid.php on line 17.
 1 SYSTEMPATH\CodeIgniter.php(921): App\Controllers\Murid->__construct()
 2 SYSTEMPATH\CodeIgniter.php(488): CodeIgniter\CodeIgniter->createController()
 3 SYSTEMPATH\CodeIgniter.php(340): CodeIgniter\CodeIgniter->handleRequest(null, Object(Config\Cache), false)
 4 SYSTEMPATH\Boot.php(417): CodeIgniter\CodeIgniter->run()
 5 SYSTEMPATH\Boot.php(68): CodeIgniter\Boot::runCodeIgniter(Object(CodeIgniter\CodeIgniter))
 6 FCPATH\index.php(59): CodeIgniter\Boot::bootWeb(Object(Config\Paths))
CRITICAL - 2026-05-16 14:33:09 --> Error: Class "App\Controllers\PendidikanModel" not found
[Method: GET, Route: murid/tambah]
in APPPATH\Controllers\Murid.php on line 17.
 1 SYSTEMPATH\CodeIgniter.php(921): App\Controllers\Murid->__construct()
 2 SYSTEMPATH\CodeIgniter.php(488): CodeIgniter\CodeIgniter->createController()
 3 SYSTEMPATH\CodeIgniter.php(340): CodeIgniter\CodeIgniter->handleRequest(null, Object(Config\Cache), false)
 4 SYSTEMPATH\Boot.php(417): CodeIgniter\CodeIgniter->run()
 5 SYSTEMPATH\Boot.php(68): CodeIgniter\Boot::runCodeIgniter(Object(CodeIgniter\CodeIgniter))
 6 FCPATH\index.php(59): CodeIgniter\Boot::bootWeb(Object(Config\Paths))
CRITICAL - 2026-05-16 14:33:10 --> Error: Class "App\Controllers\PendidikanModel" not found
[Method: GET, Route: murid/tambah]
in APPPATH\Controllers\Murid.php on line 17.
 1 SYSTEMPATH\CodeIgniter.php(921): App\Controllers\Murid->__construct()
 2 SYSTEMPATH\CodeIgniter.php(488): CodeIgniter\CodeIgniter->createController()
 3 SYSTEMPATH\CodeIgniter.php(340): CodeIgniter\CodeIgniter->handleRequest(null, Object(Config\Cache), false)
 4 SYSTEMPATH\Boot.php(417): CodeIgniter\CodeIgniter->run()
 5 SYSTEMPATH\Boot.php(68): CodeIgniter\Boot::runCodeIgniter(Object(CodeIgniter\CodeIgniter))
 6 FCPATH\index.php(59): CodeIgniter\Boot::bootWeb(Object(Config\Paths))
CRITICAL - 2026-05-16 14:33:10 --> Error: Class "App\Controllers\PendidikanModel" not found
[Method: GET, Route: murid/tambah]
in APPPATH\Controllers\Murid.php on line 17.
 1 SYSTEMPATH\CodeIgniter.php(921): App\Controllers\Murid->__construct()
 2 SYSTEMPATH\CodeIgniter.php(488): CodeIgniter\CodeIgniter->createController()
 3 SYSTEMPATH\CodeIgniter.php(340): CodeIgniter\CodeIgniter->handleRequest(null, Object(Config\Cache), false)
 4 SYSTEMPATH\Boot.php(417): CodeIgniter\CodeIgniter->run()
 5 SYSTEMPATH\Boot.php(68): CodeIgniter\Boot::runCodeIgniter(Object(CodeIgniter\CodeIgniter))
 6 FCPATH\index.php(59): CodeIgniter\Boot::bootWeb(Object(Config\Paths))
CRITICAL - 2026-05-16 14:33:10 --> Error: Class "App\Controllers\PendidikanModel" not found
[Method: GET, Route: murid/tambah]
in APPPATH\Controllers\Murid.php on line 17.
 1 SYSTEMPATH\CodeIgniter.php(921): App\Controllers\Murid->__construct()
 2 SYSTEMPATH\CodeIgniter.php(488): CodeIgniter\CodeIgniter->createController()
 3 SYSTEMPATH\CodeIgniter.php(340): CodeIgniter\CodeIgniter->handleRequest(null, Object(Config\Cache), false)
 4 SYSTEMPATH\Boot.php(417): CodeIgniter\CodeIgniter->run()
 5 SYSTEMPATH\Boot.php(68): CodeIgniter\Boot::runCodeIgniter(Object(CodeIgniter\CodeIgniter))
 6 FCPATH\index.php(59): CodeIgniter\Boot::bootWeb(Object(Config\Paths))
CRITICAL - 2026-05-16 14:33:10 --> Error: Class "App\Controllers\PendidikanModel" not found
[Method: GET, Route: murid/tambah]
in APPPATH\Controllers\Murid.php on line 17.
 1 SYSTEMPATH\CodeIgniter.php(921): App\Controllers\Murid->__construct()
 2 SYSTEMPATH\CodeIgniter.php(488): CodeIgniter\CodeIgniter->createController()
 3 SYSTEMPATH\CodeIgniter.php(340): CodeIgniter\CodeIgniter->handleRequest(null, Object(Config\Cache), false)
 4 SYSTEMPATH\Boot.php(417): CodeIgniter\CodeIgniter->run()
 5 SYSTEMPATH\Boot.php(68): CodeIgniter\Boot::runCodeIgniter(Object(CodeIgniter\CodeIgniter))
 6 FCPATH\index.php(59): CodeIgniter\Boot::bootWeb(Object(Config\Paths))
CRITICAL - 2026-05-16 14:33:11 --> Error: Class "App\Controllers\PendidikanModel" not found
[Method: GET, Route: murid/tambah]
in APPPATH\Controllers\Murid.php on line 17.
 1 SYSTEMPATH\CodeIgniter.php(921): App\Controllers\Murid->__construct()
 2 SYSTEMPATH\CodeIgniter.php(488): CodeIgniter\CodeIgniter->createController()
 3 SYSTEMPATH\CodeIgniter.php(340): CodeIgniter\CodeIgniter->handleRequest(null, Object(Config\Cache), false)
 4 SYSTEMPATH\Boot.php(417): CodeIgniter\CodeIgniter->run()
 5 SYSTEMPATH\Boot.php(68): CodeIgniter\Boot::runCodeIgniter(Object(CodeIgniter\CodeIgniter))
 6 FCPATH\index.php(59): CodeIgniter\Boot::bootWeb(Object(Config\Paths))
CRITICAL - 2026-05-16 14:33:11 --> Error: Class "App\Controllers\PendidikanModel" not found
[Method: GET, Route: murid/tambah]
in APPPATH\Controllers\Murid.php on line 17.
 1 SYSTEMPATH\CodeIgniter.php(921): App\Controllers\Murid->__construct()
 2 SYSTEMPATH\CodeIgniter.php(488): CodeIgniter\CodeIgniter->createController()
 3 SYSTEMPATH\CodeIgniter.php(340): CodeIgniter\CodeIgniter->handleRequest(null, Object(Config\Cache), false)
 4 SYSTEMPATH\Boot.php(417): CodeIgniter\CodeIgniter->run()
 5 SYSTEMPATH\Boot.php(68): CodeIgniter\Boot::runCodeIgniter(Object(CodeIgniter\CodeIgniter))
 6 FCPATH\index.php(59): CodeIgniter\Boot::bootWeb(Object(Config\Paths))
CRITICAL - 2026-05-16 14:33:11 --> Error: Class "App\Controllers\PendidikanModel" not found
[Method: GET, Route: murid/tambah]
in APPPATH\Controllers\Murid.php on line 17.
 1 SYSTEMPATH\CodeIgniter.php(921): App\Controllers\Murid->__construct()
 2 SYSTEMPATH\CodeIgniter.php(488): CodeIgniter\CodeIgniter->createController()
 3 SYSTEMPATH\CodeIgniter.php(340): CodeIgniter\CodeIgniter->handleRequest(null, Object(Config\Cache), false)
 4 SYSTEMPATH\Boot.php(417): CodeIgniter\CodeIgniter->run()
 5 SYSTEMPATH\Boot.php(68): CodeIgniter\Boot::runCodeIgniter(Object(CodeIgniter\CodeIgniter))
 6 FCPATH\index.php(59): CodeIgniter\Boot::bootWeb(Object(Config\Paths))
CRITICAL - 2026-05-16 14:33:12 --> Error: Class "App\Controllers\PendidikanModel" not found
[Method: GET, Route: murid/tambah]
in APPPATH\Controllers\Murid.php on line 17.
 1 SYSTEMPATH\CodeIgniter.php(921): App\Controllers\Murid->__construct()
 2 SYSTEMPATH\CodeIgniter.php(488): CodeIgniter\CodeIgniter->createController()
 3 SYSTEMPATH\CodeIgniter.php(340): CodeIgniter\CodeIgniter->handleRequest(null, Object(Config\Cache), false)
 4 SYSTEMPATH\Boot.php(417): CodeIgniter\CodeIgniter->run()
 5 SYSTEMPATH\Boot.php(68): CodeIgniter\Boot::runCodeIgniter(Object(CodeIgniter\CodeIgniter))
 6 FCPATH\index.php(59): CodeIgniter\Boot::bootWeb(Object(Config\Paths))
CRITICAL - 2026-05-16 14:33:12 --> Error: Class "App\Controllers\PendidikanModel" not found
[Method: GET, Route: murid/tambah]
in APPPATH\Controllers\Murid.php on line 17.
 1 SYSTEMPATH\CodeIgniter.php(921): App\Controllers\Murid->__construct()
 2 SYSTEMPATH\CodeIgniter.php(488): CodeIgniter\CodeIgniter->createController()
 3 SYSTEMPATH\CodeIgniter.php(340): CodeIgniter\CodeIgniter->handleRequest(null, Object(Config\Cache), false)
 4 SYSTEMPATH\Boot.php(417): CodeIgniter\CodeIgniter->run()
 5 SYSTEMPATH\Boot.php(68): CodeIgniter\Boot::runCodeIgniter(Object(CodeIgniter\CodeIgniter))
 6 FCPATH\index.php(59): CodeIgniter\Boot::bootWeb(Object(Config\Paths))
WARNING - 2026-05-16 14:33:36 --> [DEPRECATED] Creation of dynamic property App\Controllers\Murid::$pendidikan is deprecated in APPPATH\Controllers\Murid.php on line 18.
 1 SYSTEMPATH\CodeIgniter.php(921): App\Controllers\Murid->__construct()
 2 SYSTEMPATH\CodeIgniter.php(488): CodeIgniter\CodeIgniter->createController()
 3 SYSTEMPATH\CodeIgniter.php(340): CodeIgniter\CodeIgniter->handleRequest(null, Object(Config\Cache), false)
 4 SYSTEMPATH\Boot.php(417): CodeIgniter\CodeIgniter->run()
 5 SYSTEMPATH\Boot.php(68): CodeIgniter\Boot::runCodeIgniter(Object(CodeIgniter\CodeIgniter))
 6 FCPATH\index.php(59): CodeIgniter\Boot::bootWeb(Object(Config\Paths))
WARNING - 2026-05-16 14:35:21 --> [DEPRECATED] Creation of dynamic property App\Controllers\Murid::$pendidikan is deprecated in APPPATH\Controllers\Murid.php on line 18.
 1 SYSTEMPATH\CodeIgniter.php(921): App\Controllers\Murid->__construct()
 2 SYSTEMPATH\CodeIgniter.php(488): CodeIgniter\CodeIgniter->createController()
 3 SYSTEMPATH\CodeIgniter.php(340): CodeIgniter\CodeIgniter->handleRequest(null, Object(Config\Cache), false)
 4 SYSTEMPATH\Boot.php(417): CodeIgniter\CodeIgniter->run()
 5 SYSTEMPATH\Boot.php(68): CodeIgniter\Boot::runCodeIgniter(Object(CodeIgniter\CodeIgniter))
 6 FCPATH\index.php(59): CodeIgniter\Boot::bootWeb(Object(Config\Paths))
WARNING - 2026-05-16 14:35:23 --> [DEPRECATED] Creation of dynamic property App\Controllers\Pendidikan::$pendidikan is deprecated in APPPATH\Controllers\Pendidikan.php on line 13.
 1 SYSTEMPATH\CodeIgniter.php(921): App\Controllers\Pendidikan->__construct()
 2 SYSTEMPATH\CodeIgniter.php(488): CodeIgniter\CodeIgniter->createController()
 3 SYSTEMPATH\CodeIgniter.php(340): CodeIgniter\CodeIgniter->handleRequest(null, Object(Config\Cache), false)
 4 SYSTEMPATH\Boot.php(417): CodeIgniter\CodeIgniter->run()
 5 SYSTEMPATH\Boot.php(68): CodeIgniter\Boot::runCodeIgniter(Object(CodeIgniter\CodeIgniter))
 6 FCPATH\index.php(59): CodeIgniter\Boot::bootWeb(Object(Config\Paths))
WARNING - 2026-05-16 14:36:41 --> [DEPRECATED] Creation of dynamic property App\Controllers\Pendidikan::$pendidikan is deprecated in APPPATH\Controllers\Pendidikan.php on line 13.
 1 SYSTEMPATH\CodeIgniter.php(921): App\Controllers\Pendidikan->__construct()
 2 SYSTEMPATH\CodeIgniter.php(488): CodeIgniter\CodeIgniter->createController()
 3 SYSTEMPATH\CodeIgniter.php(340): CodeIgniter\CodeIgniter->handleRequest(null, Object(Config\Cache), false)
 4 SYSTEMPATH\Boot.php(417): CodeIgniter\CodeIgniter->run()
 5 SYSTEMPATH\Boot.php(68): CodeIgniter\Boot::runCodeIgniter(Object(CodeIgniter\CodeIgniter))
 6 FCPATH\index.php(59): CodeIgniter\Boot::bootWeb(Object(Config\Paths))
WARNING - 2026-05-16 14:36:44 --> [DEPRECATED] Creation of dynamic property App\Controllers\Pendidikan::$pendidikan is deprecated in APPPATH\Controllers\Pendidikan.php on line 13.
 1 SYSTEMPATH\CodeIgniter.php(921): App\Controllers\Pendidikan->__construct()
 2 SYSTEMPATH\CodeIgniter.php(488): CodeIgniter\CodeIgniter->createController()
 3 SYSTEMPATH\CodeIgniter.php(340): CodeIgniter\CodeIgniter->handleRequest(null, Object(Config\Cache), false)
 4 SYSTEMPATH\Boot.php(417): CodeIgniter\CodeIgniter->run()
 5 SYSTEMPATH\Boot.php(68): CodeIgniter\Boot::runCodeIgniter(Object(CodeIgniter\CodeIgniter))
 6 FCPATH\index.php(59): CodeIgniter\Boot::bootWeb(Object(Config\Paths))
WARNING - 2026-05-16 14:37:28 --> [DEPRECATED] Creation of dynamic property App\Controllers\Pendidikan::$pendidikan is deprecated in APPPATH\Controllers\Pendidikan.php on line 13.
 1 SYSTEMPATH\CodeIgniter.php(921): App\Controllers\Pendidikan->__construct()
 2 SYSTEMPATH\CodeIgniter.php(488): CodeIgniter\CodeIgniter->createController()
 3 SYSTEMPATH\CodeIgniter.php(340): CodeIgniter\CodeIgniter->handleRequest(null, Object(Config\Cache), false)
 4 SYSTEMPATH\Boot.php(417): CodeIgniter\CodeIgniter->run()
 5 SYSTEMPATH\Boot.php(68): CodeIgniter\Boot::runCodeIgniter(Object(CodeIgniter\CodeIgniter))
 6 FCPATH\index.php(59): CodeIgniter\Boot::bootWeb(Object(Config\Paths))
WARNING - 2026-05-16 14:37:29 --> [DEPRECATED] Creation of dynamic property App\Controllers\Pendidikan::$pendidikan is deprecated in APPPATH\Controllers\Pendidikan.php on line 13.
 1 SYSTEMPATH\CodeIgniter.php(921): App\Controllers\Pendidikan->__construct()
 2 SYSTEMPATH\CodeIgniter.php(488): CodeIgniter\CodeIgniter->createController()
 3 SYSTEMPATH\CodeIgniter.php(340): CodeIgniter\CodeIgniter->handleRequest(null, Object(Config\Cache), false)
 4 SYSTEMPATH\Boot.php(417): CodeIgniter\CodeIgniter->run()
 5 SYSTEMPATH\Boot.php(68): CodeIgniter\Boot::runCodeIgniter(Object(CodeIgniter\CodeIgniter))
 6 FCPATH\index.php(59): CodeIgniter\Boot::bootWeb(Object(Config\Paths))
WARNING - 2026-05-16 14:37:30 --> [DEPRECATED] Creation of dynamic property App\Controllers\Pendidikan::$pendidikan is deprecated in APPPATH\Controllers\Pendidikan.php on line 13.
 1 SYSTEMPATH\CodeIgniter.php(921): App\Controllers\Pendidikan->__construct()
 2 SYSTEMPATH\CodeIgniter.php(488): CodeIgniter\CodeIgniter->createController()
 3 SYSTEMPATH\CodeIgniter.php(340): CodeIgniter\CodeIgniter->handleRequest(null, Object(Config\Cache), false)
 4 SYSTEMPATH\Boot.php(417): CodeIgniter\CodeIgniter->run()
 5 SYSTEMPATH\Boot.php(68): CodeIgniter\Boot::runCodeIgniter(Object(CodeIgniter\CodeIgniter))
 6 FCPATH\index.php(59): CodeIgniter\Boot::bootWeb(Object(Config\Paths))
WARNING - 2026-05-16 14:37:30 --> [DEPRECATED] Creation of dynamic property App\Controllers\Pendidikan::$pendidikan is deprecated in APPPATH\Controllers\Pendidikan.php on line 13.
 1 SYSTEMPATH\CodeIgniter.php(921): App\Controllers\Pendidikan->__construct()
 2 SYSTEMPATH\CodeIgniter.php(488): CodeIgniter\CodeIgniter->createController()
 3 SYSTEMPATH\CodeIgniter.php(340): CodeIgniter\CodeIgniter->handleRequest(null, Object(Config\Cache), false)
 4 SYSTEMPATH\Boot.php(417): CodeIgniter\CodeIgniter->run()
 5 SYSTEMPATH\Boot.php(68): CodeIgniter\Boot::runCodeIgniter(Object(CodeIgniter\CodeIgniter))
 6 FCPATH\index.php(59): CodeIgniter\Boot::bootWeb(Object(Config\Paths))
WARNING - 2026-05-16 14:37:30 --> [DEPRECATED] Creation of dynamic property App\Controllers\Pendidikan::$pendidikan is deprecated in APPPATH\Controllers\Pendidikan.php on line 13.
 1 SYSTEMPATH\CodeIgniter.php(921): App\Controllers\Pendidikan->__construct()
 2 SYSTEMPATH\CodeIgniter.php(488): CodeIgniter\CodeIgniter->createController()
 3 SYSTEMPATH\CodeIgniter.php(340): CodeIgniter\CodeIgniter->handleRequest(null, Object(Config\Cache), false)
 4 SYSTEMPATH\Boot.php(417): CodeIgniter\CodeIgniter->run()
 5 SYSTEMPATH\Boot.php(68): CodeIgniter\Boot::runCodeIgniter(Object(CodeIgniter\CodeIgniter))
 6 FCPATH\index.php(59): CodeIgniter\Boot::bootWeb(Object(Config\Paths))
WARNING - 2026-05-16 14:37:30 --> [DEPRECATED] Creation of dynamic property App\Controllers\Pendidikan::$pendidikan is deprecated in APPPATH\Controllers\Pendidikan.php on line 13.
 1 SYSTEMPATH\CodeIgniter.php(921): App\Controllers\Pendidikan->__construct()
 2 SYSTEMPATH\CodeIgniter.php(488): CodeIgniter\CodeIgniter->createController()
 3 SYSTEMPATH\CodeIgniter.php(340): CodeIgniter\CodeIgniter->handleRequest(null, Object(Config\Cache), false)
 4 SYSTEMPATH\Boot.php(417): CodeIgniter\CodeIgniter->run()
 5 SYSTEMPATH\Boot.php(68): CodeIgniter\Boot::runCodeIgniter(Object(CodeIgniter\CodeIgniter))
 6 FCPATH\index.php(59): CodeIgniter\Boot::bootWeb(Object(Config\Paths))
WARNING - 2026-05-16 14:37:35 --> [DEPRECATED] Creation of dynamic property App\Controllers\Pendidikan::$pendidikan is deprecated in APPPATH\Controllers\Pendidikan.php on line 13.
 1 SYSTEMPATH\CodeIgniter.php(921): App\Controllers\Pendidikan->__construct()
 2 SYSTEMPATH\CodeIgniter.php(488): CodeIgniter\CodeIgniter->createController()
 3 SYSTEMPATH\CodeIgniter.php(340): CodeIgniter\CodeIgniter->handleRequest(null, Object(Config\Cache), false)
 4 SYSTEMPATH\Boot.php(417): CodeIgniter\CodeIgniter->run()
 5 SYSTEMPATH\Boot.php(68): CodeIgniter\Boot::runCodeIgniter(Object(CodeIgniter\CodeIgniter))
 6 FCPATH\index.php(59): CodeIgniter\Boot::bootWeb(Object(Config\Paths))
WARNING - 2026-05-16 14:37:35 --> [DEPRECATED] Creation of dynamic property App\Controllers\Pendidikan::$pendidikan is deprecated in APPPATH\Controllers\Pendidikan.php on line 13.
 1 SYSTEMPATH\CodeIgniter.php(921): App\Controllers\Pendidikan->__construct()
 2 SYSTEMPATH\CodeIgniter.php(488): CodeIgniter\CodeIgniter->createController()
 3 SYSTEMPATH\CodeIgniter.php(340): CodeIgniter\CodeIgniter->handleRequest(null, Object(Config\Cache), false)
 4 SYSTEMPATH\Boot.php(417): CodeIgniter\CodeIgniter->run()
 5 SYSTEMPATH\Boot.php(68): CodeIgniter\Boot::runCodeIgniter(Object(CodeIgniter\CodeIgniter))
 6 FCPATH\index.php(59): CodeIgniter\Boot::bootWeb(Object(Config\Paths))
CRITICAL - 2026-05-16 14:37:35 --> ErrorException: Undefined array key "id"
[Method: GET, Route: pendidikan]
in APPPATH\Views\Pendidikan\index.php on line 48.
 1 APPPATH\Views\Pendidikan\index.php(48): CodeIgniter\Debug\Exceptions->errorHandler(2, 'Undefined array key "id"', 'C:\\xampp-baru\\htdocs\\tk\\app\\Views\\Pendidikan\\index.php', 48)
 2 SYSTEMPATH\View\View.php(240): include('C:\\xampp-baru\\htdocs\\tk\\app\\Views\\Pendidikan\\index.php')
 3 SYSTEMPATH\View\View.php(243): CodeIgniter\View\View->CodeIgniter\View\{closure}()
 4 SYSTEMPATH\Common.php(1250): CodeIgniter\View\View->render('Pendidikan/index', [], true)
 5 APPPATH\Controllers\Pendidikan.php(21): view('Pendidikan/index', [...])
 6 SYSTEMPATH\CodeIgniter.php(951): App\Controllers\Pendidikan->index()
 7 SYSTEMPATH\CodeIgniter.php(497): CodeIgniter\CodeIgniter->runController(Object(App\Controllers\Pendidikan))
 8 SYSTEMPATH\CodeIgniter.php(340): CodeIgniter\CodeIgniter->handleRequest(null, Object(Config\Cache), false)
 9 SYSTEMPATH\Boot.php(417): CodeIgniter\CodeIgniter->run()
10 SYSTEMPATH\Boot.php(68): CodeIgniter\Boot::runCodeIgniter(Object(CodeIgniter\CodeIgniter))
11 FCPATH\index.php(59): CodeIgniter\Boot::bootWeb(Object(Config\Paths))
WARNING - 2026-05-16 14:38:13 --> [DEPRECATED] Creation of dynamic property App\Controllers\Pendidikan::$pendidikan is deprecated in APPPATH\Controllers\Pendidikan.php on line 13.
 1 SYSTEMPATH\CodeIgniter.php(921): App\Controllers\Pendidikan->__construct()
 2 SYSTEMPATH\CodeIgniter.php(488): CodeIgniter\CodeIgniter->createController()
 3 SYSTEMPATH\CodeIgniter.php(340): CodeIgniter\CodeIgniter->handleRequest(null, Object(Config\Cache), false)
 4 SYSTEMPATH\Boot.php(417): CodeIgniter\CodeIgniter->run()
 5 SYSTEMPATH\Boot.php(68): CodeIgniter\Boot::runCodeIgniter(Object(CodeIgniter\CodeIgniter))
 6 FCPATH\index.php(59): CodeIgniter\Boot::bootWeb(Object(Config\Paths))
WARNING - 2026-05-16 14:38:13 --> [DEPRECATED] Creation of dynamic property App\Controllers\Pendidikan::$pendidikan is deprecated in APPPATH\Controllers\Pendidikan.php on line 13.
 1 SYSTEMPATH\CodeIgniter.php(921): App\Controllers\Pendidikan->__construct()
 2 SYSTEMPATH\CodeIgniter.php(488): CodeIgniter\CodeIgniter->createController()
 3 SYSTEMPATH\CodeIgniter.php(340): CodeIgniter\CodeIgniter->handleRequest(null, Object(Config\Cache), false)
 4 SYSTEMPATH\Boot.php(417): CodeIgniter\CodeIgniter->run()
 5 SYSTEMPATH\Boot.php(68): CodeIgniter\Boot::runCodeIgniter(Object(CodeIgniter\CodeIgniter))
 6 FCPATH\index.php(59): CodeIgniter\Boot::bootWeb(Object(Config\Paths))
WARNING - 2026-05-16 14:38:23 --> [DEPRECATED] Creation of dynamic property App\Controllers\Pendidikan::$pendidikan is deprecated in APPPATH\Controllers\Pendidikan.php on line 13.
 1 SYSTEMPATH\CodeIgniter.php(921): App\Controllers\Pendidikan->__construct()
 2 SYSTEMPATH\CodeIgniter.php(488): CodeIgniter\CodeIgniter->createController()
 3 SYSTEMPATH\CodeIgniter.php(340): CodeIgniter\CodeIgniter->handleRequest(null, Object(Config\Cache), false)
 4 SYSTEMPATH\Boot.php(417): CodeIgniter\CodeIgniter->run()
 5 SYSTEMPATH\Boot.php(68): CodeIgniter\Boot::runCodeIgniter(Object(CodeIgniter\CodeIgniter))
 6 FCPATH\index.php(59): CodeIgniter\Boot::bootWeb(Object(Config\Paths))
WARNING - 2026-05-16 14:38:28 --> [DEPRECATED] Creation of dynamic property App\Controllers\Pendidikan::$pendidikan is deprecated in APPPATH\Controllers\Pendidikan.php on line 13.
 1 SYSTEMPATH\CodeIgniter.php(921): App\Controllers\Pendidikan->__construct()
 2 SYSTEMPATH\CodeIgniter.php(488): CodeIgniter\CodeIgniter->createController()
 3 SYSTEMPATH\CodeIgniter.php(340): CodeIgniter\CodeIgniter->handleRequest(null, Object(Config\Cache), false)
 4 SYSTEMPATH\Boot.php(417): CodeIgniter\CodeIgniter->run()
 5 SYSTEMPATH\Boot.php(68): CodeIgniter\Boot::runCodeIgniter(Object(CodeIgniter\CodeIgniter))
 6 FCPATH\index.php(59): CodeIgniter\Boot::bootWeb(Object(Config\Paths))
WARNING - 2026-05-16 14:38:28 --> [DEPRECATED] Creation of dynamic property App\Controllers\Pendidikan::$pendidikan is deprecated in APPPATH\Controllers\Pendidikan.php on line 13.
 1 SYSTEMPATH\CodeIgniter.php(921): App\Controllers\Pendidikan->__construct()
 2 SYSTEMPATH\CodeIgniter.php(488): CodeIgniter\CodeIgniter->createController()
 3 SYSTEMPATH\CodeIgniter.php(340): CodeIgniter\CodeIgniter->handleRequest(null, Object(Config\Cache), false)
 4 SYSTEMPATH\Boot.php(417): CodeIgniter\CodeIgniter->run()
 5 SYSTEMPATH\Boot.php(68): CodeIgniter\Boot::runCodeIgniter(Object(CodeIgniter\CodeIgniter))
 6 FCPATH\index.php(59): CodeIgniter\Boot::bootWeb(Object(Config\Paths))
CRITICAL - 2026-05-16 14:44:26 --> ErrorException: Undefined array key "id"
[Method: GET, Route: kelas/tambah]
in APPPATH\Views\Kelas\tambah.php on line 37.
 1 APPPATH\Views\Kelas\tambah.php(37): CodeIgniter\Debug\Exceptions->errorHandler(2, 'Undefined array key "id"', 'C:\\xampp-baru\\htdocs\\tk\\app\\Views\\Kelas\\tambah.php', 37)
 2 SYSTEMPATH\View\View.php(240): include('C:\\xampp-baru\\htdocs\\tk\\app\\Views\\Kelas\\tambah.php')
 3 SYSTEMPATH\View\View.php(243): CodeIgniter\View\View->CodeIgniter\View\{closure}()
 4 SYSTEMPATH\Common.php(1250): CodeIgniter\View\View->render('Kelas/tambah', [], true)
 5 APPPATH\Controllers\Kelas.php(39): view('Kelas/tambah', [...])
 6 SYSTEMPATH\CodeIgniter.php(951): App\Controllers\Kelas->tambah()
 7 SYSTEMPATH\CodeIgniter.php(497): CodeIgniter\CodeIgniter->runController(Object(App\Controllers\Kelas))
 8 SYSTEMPATH\CodeIgniter.php(340): CodeIgniter\CodeIgniter->handleRequest(null, Object(Config\Cache), false)
 9 SYSTEMPATH\Boot.php(417): CodeIgniter\CodeIgniter->run()
10 SYSTEMPATH\Boot.php(68): CodeIgniter\Boot::runCodeIgniter(Object(CodeIgniter\CodeIgniter))
11 FCPATH\index.php(59): CodeIgniter\Boot::bootWeb(Object(Config\Paths))
ERROR - 2026-05-16 14:45:42 --> Unknown column 'pendidikan.id' in 'on clause'
in SYSTEMPATH\Database\MySQLi\Connection.php on line 300.
 1 SYSTEMPATH\Database\MySQLi\Connection.php(300): mysqli->query('SELECT *
FROM `kelas`
JOIN `guru` ON `guru`.`id` = `kelas`.`id_guru`
JOIN `pendidikan` ON `pendidikan`.`id` = `kelas`.`id_pendidikan`', 0)
 2 SYSTEMPATH\Database\BaseConnection.php(910): CodeIgniter\Database\MySQLi\Connection->execute('SELECT *
FROM `kelas`
JOIN `guru` ON `guru`.`id` = `kelas`.`id_guru`
JOIN `pendidikan` ON `pendidikan`.`id` = `kelas`.`id_pendidikan`')
 3 SYSTEMPATH\Database\BaseConnection.php(827): CodeIgniter\Database\BaseConnection->simpleQuery('SELECT *
FROM `kelas`
JOIN `guru` ON `guru`.`id` = `kelas`.`id_guru`
JOIN `pendidikan` ON `pendidikan`.`id` = `kelas`.`id_pendidikan`')
 4 SYSTEMPATH\Database\BaseBuilder.php(1649): CodeIgniter\Database\BaseConnection->query('SELECT *
FROM `kelas`
JOIN `guru` ON `guru`.`id` = `kelas`.`id_guru`
JOIN `pendidikan` ON `pendidikan`.`id` = `kelas`.`id_pendidikan`', [], false)
 5 SYSTEMPATH\Model.php(253): CodeIgniter\Database\BaseBuilder->get()
 6 SYSTEMPATH\BaseModel.php(676): CodeIgniter\Model->doFindAll(0, 0)
 7 APPPATH\Controllers\Kelas.php(28): CodeIgniter\BaseModel->findAll()
 8 SYSTEMPATH\CodeIgniter.php(951): App\Controllers\Kelas->index()
 9 SYSTEMPATH\CodeIgniter.php(497): CodeIgniter\CodeIgniter->runController(Object(App\Controllers\Kelas))
10 SYSTEMPATH\CodeIgniter.php(340): CodeIgniter\CodeIgniter->handleRequest(null, Object(Config\Cache), false)
11 SYSTEMPATH\Boot.php(417): CodeIgniter\CodeIgniter->run()
12 SYSTEMPATH\Boot.php(68): CodeIgniter\Boot::runCodeIgniter(Object(CodeIgniter\CodeIgniter))
13 FCPATH\index.php(59): CodeIgniter\Boot::bootWeb(Object(Config\Paths))
CRITICAL - 2026-05-16 14:45:42 --> CodeIgniter\Database\Exceptions\DatabaseException: Unknown column 'pendidikan.id' in 'on clause'
[Method: GET, Route: kelas]
in SYSTEMPATH\Database\BaseConnection.php on line 865.
 1 SYSTEMPATH\Database\BaseBuilder.php(1649): CodeIgniter\Database\BaseConnection->query('SELECT *
FROM `kelas`
JOIN `guru` ON `guru`.`id` = `kelas`.`id_guru`
JOIN `pendidikan` ON `pendidikan`.`id` = `kelas`.`id_pendidikan`', [], false)
 2 SYSTEMPATH\Model.php(253): CodeIgniter\Database\BaseBuilder->get()
 3 SYSTEMPATH\BaseModel.php(676): CodeIgniter\Model->doFindAll(0, 0)
 4 APPPATH\Controllers\Kelas.php(28): CodeIgniter\BaseModel->findAll()
 5 SYSTEMPATH\CodeIgniter.php(951): App\Controllers\Kelas->index()
 6 SYSTEMPATH\CodeIgniter.php(497): CodeIgniter\CodeIgniter->runController(Object(App\Controllers\Kelas))
 7 SYSTEMPATH\CodeIgniter.php(340): CodeIgniter\CodeIgniter->handleRequest(null, Object(Config\Cache), false)
 8 SYSTEMPATH\Boot.php(417): CodeIgniter\CodeIgniter->run()
 9 SYSTEMPATH\Boot.php(68): CodeIgniter\Boot::runCodeIgniter(Object(CodeIgniter\CodeIgniter))
10 FCPATH\index.php(59): CodeIgniter\Boot::bootWeb(Object(Config\Paths))
CRITICAL - 2026-05-16 14:45:42 --> [Caused by] CodeIgniter\Database\Exceptions\DatabaseException: Unknown column 'pendidikan.id' in 'on clause'
in SYSTEMPATH\Database\MySQLi\Connection.php on line 310.
 1 SYSTEMPATH\Database\BaseConnection.php(910): CodeIgniter\Database\MySQLi\Connection->execute('SELECT *
FROM `kelas`
JOIN `guru` ON `guru`.`id` = `kelas`.`id_guru`
JOIN `pendidikan` ON `pendidikan`.`id` = `kelas`.`id_pendidikan`')
 2 SYSTEMPATH\Database\BaseConnection.php(827): CodeIgniter\Database\BaseConnection->simpleQuery('SELECT *
FROM `kelas`
JOIN `guru` ON `guru`.`id` = `kelas`.`id_guru`
JOIN `pendidikan` ON `pendidikan`.`id` = `kelas`.`id_pendidikan`')
 3 SYSTEMPATH\Database\BaseBuilder.php(1649): CodeIgniter\Database\BaseConnection->query('SELECT *
FROM `kelas`
JOIN `guru` ON `guru`.`id` = `kelas`.`id_guru`
JOIN `pendidikan` ON `pendidikan`.`id` = `kelas`.`id_pendidikan`', [], false)
 4 SYSTEMPATH\Model.php(253): CodeIgniter\Database\BaseBuilder->get()
 5 SYSTEMPATH\BaseModel.php(676): CodeIgniter\Model->doFindAll(0, 0)
 6 APPPATH\Controllers\Kelas.php(28): CodeIgniter\BaseModel->findAll()
 7 SYSTEMPATH\CodeIgniter.php(951): App\Controllers\Kelas->index()
 8 SYSTEMPATH\CodeIgniter.php(497): CodeIgniter\CodeIgniter->runController(Object(App\Controllers\Kelas))
 9 SYSTEMPATH\CodeIgniter.php(340): CodeIgniter\CodeIgniter->handleRequest(null, Object(Config\Cache), false)
10 SYSTEMPATH\Boot.php(417): CodeIgniter\CodeIgniter->run()
11 SYSTEMPATH\Boot.php(68): CodeIgniter\Boot::runCodeIgniter(Object(CodeIgniter\CodeIgniter))
12 FCPATH\index.php(59): CodeIgniter\Boot::bootWeb(Object(Config\Paths))
CRITICAL - 2026-05-16 14:45:42 --> [Caused by] mysqli_sql_exception: Unknown column 'pendidikan.id' in 'on clause'
in SYSTEMPATH\Database\MySQLi\Connection.php on line 300.
 1 SYSTEMPATH\Database\MySQLi\Connection.php(300): mysqli->query('SELECT *
FROM `kelas`
JOIN `guru` ON `guru`.`id` = `kelas`.`id_guru`
JOIN `pendidikan` ON `pendidikan`.`id` = `kelas`.`id_pendidikan`', 0)
 2 SYSTEMPATH\Database\BaseConnection.php(910): CodeIgniter\Database\MySQLi\Connection->execute('SELECT *
FROM `kelas`
JOIN `guru` ON `guru`.`id` = `kelas`.`id_guru`
JOIN `pendidikan` ON `pendidikan`.`id` = `kelas`.`id_pendidikan`')
 3 SYSTEMPATH\Database\BaseConnection.php(827): CodeIgniter\Database\BaseConnection->simpleQuery('SELECT *
FROM `kelas`
JOIN `guru` ON `guru`.`id` = `kelas`.`id_guru`
JOIN `pendidikan` ON `pendidikan`.`id` = `kelas`.`id_pendidikan`')
 4 SYSTEMPATH\Database\BaseBuilder.php(1649): CodeIgniter\Database\BaseConnection->query('SELECT *
FROM `kelas`
JOIN `guru` ON `guru`.`id` = `kelas`.`id_guru`
JOIN `pendidikan` ON `pendidikan`.`id` = `kelas`.`id_pendidikan`', [], false)
 5 SYSTEMPATH\Model.php(253): CodeIgniter\Database\BaseBuilder->get()
 6 SYSTEMPATH\BaseModel.php(676): CodeIgniter\Model->doFindAll(0, 0)
 7 APPPATH\Controllers\Kelas.php(28): CodeIgniter\BaseModel->findAll()
 8 SYSTEMPATH\CodeIgniter.php(951): App\Controllers\Kelas->index()
 9 SYSTEMPATH\CodeIgniter.php(497): CodeIgniter\CodeIgniter->runController(Object(App\Controllers\Kelas))
10 SYSTEMPATH\CodeIgniter.php(340): CodeIgniter\CodeIgniter->handleRequest(null, Object(Config\Cache), false)
11 SYSTEMPATH\Boot.php(417): CodeIgniter\CodeIgniter->run()
12 SYSTEMPATH\Boot.php(68): CodeIgniter\Boot::runCodeIgniter(Object(CodeIgniter\CodeIgniter))
13 FCPATH\index.php(59): CodeIgniter\Boot::bootWeb(Object(Config\Paths))
ERROR - 2026-05-16 14:48:47 --> Unknown column 'pendidikan.id' in 'on clause'
in SYSTEMPATH\Database\MySQLi\Connection.php on line 300.
 1 SYSTEMPATH\Database\MySQLi\Connection.php(300): mysqli->query('SELECT *
FROM `kelas`
JOIN `guru` ON `guru`.`id` = `kelas`.`id_guru`
JOIN `pendidikan` ON `pendidikan`.`id` = `kelas`.`id_pendidikan`', 0)
 2 SYSTEMPATH\Database\BaseConnection.php(910): CodeIgniter\Database\MySQLi\Connection->execute('SELECT *
FROM `kelas`
JOIN `guru` ON `guru`.`id` = `kelas`.`id_guru`
JOIN `pendidikan` ON `pendidikan`.`id` = `kelas`.`id_pendidikan`')
 3 SYSTEMPATH\Database\BaseConnection.php(827): CodeIgniter\Database\BaseConnection->simpleQuery('SELECT *
FROM `kelas`
JOIN `guru` ON `guru`.`id` = `kelas`.`id_guru`
JOIN `pendidikan` ON `pendidikan`.`id` = `kelas`.`id_pendidikan`')
 4 SYSTEMPATH\Database\BaseBuilder.php(1649): CodeIgniter\Database\BaseConnection->query('SELECT *
FROM `kelas`
JOIN `guru` ON `guru`.`id` = `kelas`.`id_guru`
JOIN `pendidikan` ON `pendidikan`.`id` = `kelas`.`id_pendidikan`', [], false)
 5 SYSTEMPATH\Model.php(253): CodeIgniter\Database\BaseBuilder->get()
 6 SYSTEMPATH\BaseModel.php(676): CodeIgniter\Model->doFindAll(0, 0)
 7 APPPATH\Controllers\Kelas.php(28): CodeIgniter\BaseModel->findAll()
 8 SYSTEMPATH\CodeIgniter.php(951): App\Controllers\Kelas->index()
 9 SYSTEMPATH\CodeIgniter.php(497): CodeIgniter\CodeIgniter->runController(Object(App\Controllers\Kelas))
10 SYSTEMPATH\CodeIgniter.php(340): CodeIgniter\CodeIgniter->handleRequest(null, Object(Config\Cache), false)
11 SYSTEMPATH\Boot.php(417): CodeIgniter\CodeIgniter->run()
12 SYSTEMPATH\Boot.php(68): CodeIgniter\Boot::runCodeIgniter(Object(CodeIgniter\CodeIgniter))
13 FCPATH\index.php(59): CodeIgniter\Boot::bootWeb(Object(Config\Paths))
CRITICAL - 2026-05-16 14:48:47 --> CodeIgniter\Database\Exceptions\DatabaseException: Unknown column 'pendidikan.id' in 'on clause'
[Method: GET, Route: kelas]
in SYSTEMPATH\Database\BaseConnection.php on line 865.
 1 SYSTEMPATH\Database\BaseBuilder.php(1649): CodeIgniter\Database\BaseConnection->query('SELECT *
FROM `kelas`
JOIN `guru` ON `guru`.`id` = `kelas`.`id_guru`
JOIN `pendidikan` ON `pendidikan`.`id` = `kelas`.`id_pendidikan`', [], false)
 2 SYSTEMPATH\Model.php(253): CodeIgniter\Database\BaseBuilder->get()
 3 SYSTEMPATH\BaseModel.php(676): CodeIgniter\Model->doFindAll(0, 0)
 4 APPPATH\Controllers\Kelas.php(28): CodeIgniter\BaseModel->findAll()
 5 SYSTEMPATH\CodeIgniter.php(951): App\Controllers\Kelas->index()
 6 SYSTEMPATH\CodeIgniter.php(497): CodeIgniter\CodeIgniter->runController(Object(App\Controllers\Kelas))
 7 SYSTEMPATH\CodeIgniter.php(340): CodeIgniter\CodeIgniter->handleRequest(null, Object(Config\Cache), false)
 8 SYSTEMPATH\Boot.php(417): CodeIgniter\CodeIgniter->run()
 9 SYSTEMPATH\Boot.php(68): CodeIgniter\Boot::runCodeIgniter(Object(CodeIgniter\CodeIgniter))
10 FCPATH\index.php(59): CodeIgniter\Boot::bootWeb(Object(Config\Paths))
CRITICAL - 2026-05-16 14:48:47 --> [Caused by] CodeIgniter\Database\Exceptions\DatabaseException: Unknown column 'pendidikan.id' in 'on clause'
in SYSTEMPATH\Database\MySQLi\Connection.php on line 310.
 1 SYSTEMPATH\Database\BaseConnection.php(910): CodeIgniter\Database\MySQLi\Connection->execute('SELECT *
FROM `kelas`
JOIN `guru` ON `guru`.`id` = `kelas`.`id_guru`
JOIN `pendidikan` ON `pendidikan`.`id` = `kelas`.`id_pendidikan`')
 2 SYSTEMPATH\Database\BaseConnection.php(827): CodeIgniter\Database\BaseConnection->simpleQuery('SELECT *
FROM `kelas`
JOIN `guru` ON `guru`.`id` = `kelas`.`id_guru`
JOIN `pendidikan` ON `pendidikan`.`id` = `kelas`.`id_pendidikan`')
 3 SYSTEMPATH\Database\BaseBuilder.php(1649): CodeIgniter\Database\BaseConnection->query('SELECT *
FROM `kelas`
JOIN `guru` ON `guru`.`id` = `kelas`.`id_guru`
JOIN `pendidikan` ON `pendidikan`.`id` = `kelas`.`id_pendidikan`', [], false)
 4 SYSTEMPATH\Model.php(253): CodeIgniter\Database\BaseBuilder->get()
 5 SYSTEMPATH\BaseModel.php(676): CodeIgniter\Model->doFindAll(0, 0)
 6 APPPATH\Controllers\Kelas.php(28): CodeIgniter\BaseModel->findAll()
 7 SYSTEMPATH\CodeIgniter.php(951): App\Controllers\Kelas->index()
 8 SYSTEMPATH\CodeIgniter.php(497): CodeIgniter\CodeIgniter->runController(Object(App\Controllers\Kelas))
 9 SYSTEMPATH\CodeIgniter.php(340): CodeIgniter\CodeIgniter->handleRequest(null, Object(Config\Cache), false)
10 SYSTEMPATH\Boot.php(417): CodeIgniter\CodeIgniter->run()
11 SYSTEMPATH\Boot.php(68): CodeIgniter\Boot::runCodeIgniter(Object(CodeIgniter\CodeIgniter))
12 FCPATH\index.php(59): CodeIgniter\Boot::bootWeb(Object(Config\Paths))
CRITICAL - 2026-05-16 14:48:47 --> [Caused by] mysqli_sql_exception: Unknown column 'pendidikan.id' in 'on clause'
in SYSTEMPATH\Database\MySQLi\Connection.php on line 300.
 1 SYSTEMPATH\Database\MySQLi\Connection.php(300): mysqli->query('SELECT *
FROM `kelas`
JOIN `guru` ON `guru`.`id` = `kelas`.`id_guru`
JOIN `pendidikan` ON `pendidikan`.`id` = `kelas`.`id_pendidikan`', 0)
 2 SYSTEMPATH\Database\BaseConnection.php(910): CodeIgniter\Database\MySQLi\Connection->execute('SELECT *
FROM `kelas`
JOIN `guru` ON `guru`.`id` = `kelas`.`id_guru`
JOIN `pendidikan` ON `pendidikan`.`id` = `kelas`.`id_pendidikan`')
 3 SYSTEMPATH\Database\BaseConnection.php(827): CodeIgniter\Database\BaseConnection->simpleQuery('SELECT *
FROM `kelas`
JOIN `guru` ON `guru`.`id` = `kelas`.`id_guru`
JOIN `pendidikan` ON `pendidikan`.`id` = `kelas`.`id_pendidikan`')
 4 SYSTEMPATH\Database\BaseBuilder.php(1649): CodeIgniter\Database\BaseConnection->query('SELECT *
FROM `kelas`
JOIN `guru` ON `guru`.`id` = `kelas`.`id_guru`
JOIN `pendidikan` ON `pendidikan`.`id` = `kelas`.`id_pendidikan`', [], false)
 5 SYSTEMPATH\Model.php(253): CodeIgniter\Database\BaseBuilder->get()
 6 SYSTEMPATH\BaseModel.php(676): CodeIgniter\Model->doFindAll(0, 0)
 7 APPPATH\Controllers\Kelas.php(28): CodeIgniter\BaseModel->findAll()
 8 SYSTEMPATH\CodeIgniter.php(951): App\Controllers\Kelas->index()
 9 SYSTEMPATH\CodeIgniter.php(497): CodeIgniter\CodeIgniter->runController(Object(App\Controllers\Kelas))
10 SYSTEMPATH\CodeIgniter.php(340): CodeIgniter\CodeIgniter->handleRequest(null, Object(Config\Cache), false)
11 SYSTEMPATH\Boot.php(417): CodeIgniter\CodeIgniter->run()
12 SYSTEMPATH\Boot.php(68): CodeIgniter\Boot::runCodeIgniter(Object(CodeIgniter\CodeIgniter))
13 FCPATH\index.php(59): CodeIgniter\Boot::bootWeb(Object(Config\Paths))
ERROR - 2026-05-16 14:48:48 --> Unknown column 'pendidikan.id' in 'on clause'
in SYSTEMPATH\Database\MySQLi\Connection.php on line 300.
 1 SYSTEMPATH\Database\MySQLi\Connection.php(300): mysqli->query('SELECT *
FROM `kelas`
JOIN `guru` ON `guru`.`id` = `kelas`.`id_guru`
JOIN `pendidikan` ON `pendidikan`.`id` = `kelas`.`id_pendidikan`', 0)
 2 SYSTEMPATH\Database\BaseConnection.php(910): CodeIgniter\Database\MySQLi\Connection->execute('SELECT *
FROM `kelas`
JOIN `guru` ON `guru`.`id` = `kelas`.`id_guru`
JOIN `pendidikan` ON `pendidikan`.`id` = `kelas`.`id_pendidikan`')
 3 SYSTEMPATH\Database\BaseConnection.php(827): CodeIgniter\Database\BaseConnection->simpleQuery('SELECT *
FROM `kelas`
JOIN `guru` ON `guru`.`id` = `kelas`.`id_guru`
JOIN `pendidikan` ON `pendidikan`.`id` = `kelas`.`id_pendidikan`')
 4 SYSTEMPATH\Database\BaseBuilder.php(1649): CodeIgniter\Database\BaseConnection->query('SELECT *
FROM `kelas`
JOIN `guru` ON `guru`.`id` = `kelas`.`id_guru`
JOIN `pendidikan` ON `pendidikan`.`id` = `kelas`.`id_pendidikan`', [], false)
 5 SYSTEMPATH\Model.php(253): CodeIgniter\Database\BaseBuilder->get()
 6 SYSTEMPATH\BaseModel.php(676): CodeIgniter\Model->doFindAll(0, 0)
 7 APPPATH\Controllers\Kelas.php(28): CodeIgniter\BaseModel->findAll()
 8 SYSTEMPATH\CodeIgniter.php(951): App\Controllers\Kelas->index()
 9 SYSTEMPATH\CodeIgniter.php(497): CodeIgniter\CodeIgniter->runController(Object(App\Controllers\Kelas))
10 SYSTEMPATH\CodeIgniter.php(340): CodeIgniter\CodeIgniter->handleRequest(null, Object(Config\Cache), false)
11 SYSTEMPATH\Boot.php(417): CodeIgniter\CodeIgniter->run()
12 SYSTEMPATH\Boot.php(68): CodeIgniter\Boot::runCodeIgniter(Object(CodeIgniter\CodeIgniter))
13 FCPATH\index.php(59): CodeIgniter\Boot::bootWeb(Object(Config\Paths))
CRITICAL - 2026-05-16 14:48:48 --> CodeIgniter\Database\Exceptions\DatabaseException: Unknown column 'pendidikan.id' in 'on clause'
[Method: GET, Route: kelas]
in SYSTEMPATH\Database\BaseConnection.php on line 865.
 1 SYSTEMPATH\Database\BaseBuilder.php(1649): CodeIgniter\Database\BaseConnection->query('SELECT *
FROM `kelas`
JOIN `guru` ON `guru`.`id` = `kelas`.`id_guru`
JOIN `pendidikan` ON `pendidikan`.`id` = `kelas`.`id_pendidikan`', [], false)
 2 SYSTEMPATH\Model.php(253): CodeIgniter\Database\BaseBuilder->get()
 3 SYSTEMPATH\BaseModel.php(676): CodeIgniter\Model->doFindAll(0, 0)
 4 APPPATH\Controllers\Kelas.php(28): CodeIgniter\BaseModel->findAll()
 5 SYSTEMPATH\CodeIgniter.php(951): App\Controllers\Kelas->index()
 6 SYSTEMPATH\CodeIgniter.php(497): CodeIgniter\CodeIgniter->runController(Object(App\Controllers\Kelas))
 7 SYSTEMPATH\CodeIgniter.php(340): CodeIgniter\CodeIgniter->handleRequest(null, Object(Config\Cache), false)
 8 SYSTEMPATH\Boot.php(417): CodeIgniter\CodeIgniter->run()
 9 SYSTEMPATH\Boot.php(68): CodeIgniter\Boot::runCodeIgniter(Object(CodeIgniter\CodeIgniter))
10 FCPATH\index.php(59): CodeIgniter\Boot::bootWeb(Object(Config\Paths))
CRITICAL - 2026-05-16 14:48:48 --> [Caused by] CodeIgniter\Database\Exceptions\DatabaseException: Unknown column 'pendidikan.id' in 'on clause'
in SYSTEMPATH\Database\MySQLi\Connection.php on line 310.
 1 SYSTEMPATH\Database\BaseConnection.php(910): CodeIgniter\Database\MySQLi\Connection->execute('SELECT *
FROM `kelas`
JOIN `guru` ON `guru`.`id` = `kelas`.`id_guru`
JOIN `pendidikan` ON `pendidikan`.`id` = `kelas`.`id_pendidikan`')
 2 SYSTEMPATH\Database\BaseConnection.php(827): CodeIgniter\Database\BaseConnection->simpleQuery('SELECT *
FROM `kelas`
JOIN `guru` ON `guru`.`id` = `kelas`.`id_guru`
JOIN `pendidikan` ON `pendidikan`.`id` = `kelas`.`id_pendidikan`')
 3 SYSTEMPATH\Database\BaseBuilder.php(1649): CodeIgniter\Database\BaseConnection->query('SELECT *
FROM `kelas`
JOIN `guru` ON `guru`.`id` = `kelas`.`id_guru`
JOIN `pendidikan` ON `pendidikan`.`id` = `kelas`.`id_pendidikan`', [], false)
 4 SYSTEMPATH\Model.php(253): CodeIgniter\Database\BaseBuilder->get()
 5 SYSTEMPATH\BaseModel.php(676): CodeIgniter\Model->doFindAll(0, 0)
 6 APPPATH\Controllers\Kelas.php(28): CodeIgniter\BaseModel->findAll()
 7 SYSTEMPATH\CodeIgniter.php(951): App\Controllers\Kelas->index()
 8 SYSTEMPATH\CodeIgniter.php(497): CodeIgniter\CodeIgniter->runController(Object(App\Controllers\Kelas))
 9 SYSTEMPATH\CodeIgniter.php(340): CodeIgniter\CodeIgniter->handleRequest(null, Object(Config\Cache), false)
10 SYSTEMPATH\Boot.php(417): CodeIgniter\CodeIgniter->run()
11 SYSTEMPATH\Boot.php(68): CodeIgniter\Boot::runCodeIgniter(Object(CodeIgniter\CodeIgniter))
12 FCPATH\index.php(59): CodeIgniter\Boot::bootWeb(Object(Config\Paths))
CRITICAL - 2026-05-16 14:48:48 --> [Caused by] mysqli_sql_exception: Unknown column 'pendidikan.id' in 'on clause'
in SYSTEMPATH\Database\MySQLi\Connection.php on line 300.
 1 SYSTEMPATH\Database\MySQLi\Connection.php(300): mysqli->query('SELECT *
FROM `kelas`
JOIN `guru` ON `guru`.`id` = `kelas`.`id_guru`
JOIN `pendidikan` ON `pendidikan`.`id` = `kelas`.`id_pendidikan`', 0)
 2 SYSTEMPATH\Database\BaseConnection.php(910): CodeIgniter\Database\MySQLi\Connection->execute('SELECT *
FROM `kelas`
JOIN `guru` ON `guru`.`id` = `kelas`.`id_guru`
JOIN `pendidikan` ON `pendidikan`.`id` = `kelas`.`id_pendidikan`')
 3 SYSTEMPATH\Database\BaseConnection.php(827): CodeIgniter\Database\BaseConnection->simpleQuery('SELECT *
FROM `kelas`
JOIN `guru` ON `guru`.`id` = `kelas`.`id_guru`
JOIN `pendidikan` ON `pendidikan`.`id` = `kelas`.`id_pendidikan`')
 4 SYSTEMPATH\Database\BaseBuilder.php(1649): CodeIgniter\Database\BaseConnection->query('SELECT *
FROM `kelas`
JOIN `guru` ON `guru`.`id` = `kelas`.`id_guru`
JOIN `pendidikan` ON `pendidikan`.`id` = `kelas`.`id_pendidikan`', [], false)
 5 SYSTEMPATH\Model.php(253): CodeIgniter\Database\BaseBuilder->get()
 6 SYSTEMPATH\BaseModel.php(676): CodeIgniter\Model->doFindAll(0, 0)
 7 APPPATH\Controllers\Kelas.php(28): CodeIgniter\BaseModel->findAll()
 8 SYSTEMPATH\CodeIgniter.php(951): App\Controllers\Kelas->index()
 9 SYSTEMPATH\CodeIgniter.php(497): CodeIgniter\CodeIgniter->runController(Object(App\Controllers\Kelas))
10 SYSTEMPATH\CodeIgniter.php(340): CodeIgniter\CodeIgniter->handleRequest(null, Object(Config\Cache), false)
11 SYSTEMPATH\Boot.php(417): CodeIgniter\CodeIgniter->run()
12 SYSTEMPATH\Boot.php(68): CodeIgniter\Boot::runCodeIgniter(Object(CodeIgniter\CodeIgniter))
13 FCPATH\index.php(59): CodeIgniter\Boot::bootWeb(Object(Config\Paths))
ERROR - 2026-05-16 14:48:49 --> Unknown column 'pendidikan.id' in 'on clause'
in SYSTEMPATH\Database\MySQLi\Connection.php on line 300.
 1 SYSTEMPATH\Database\MySQLi\Connection.php(300): mysqli->query('SELECT *
FROM `kelas`
JOIN `guru` ON `guru`.`id` = `kelas`.`id_guru`
JOIN `pendidikan` ON `pendidikan`.`id` = `kelas`.`id_pendidikan`', 0)
 2 SYSTEMPATH\Database\BaseConnection.php(910): CodeIgniter\Database\MySQLi\Connection->execute('SELECT *
FROM `kelas`
JOIN `guru` ON `guru`.`id` = `kelas`.`id_guru`
JOIN `pendidikan` ON `pendidikan`.`id` = `kelas`.`id_pendidikan`')
 3 SYSTEMPATH\Database\BaseConnection.php(827): CodeIgniter\Database\BaseConnection->simpleQuery('SELECT *
FROM `kelas`
JOIN `guru` ON `guru`.`id` = `kelas`.`id_guru`
JOIN `pendidikan` ON `pendidikan`.`id` = `kelas`.`id_pendidikan`')
 4 SYSTEMPATH\Database\BaseBuilder.php(1649): CodeIgniter\Database\BaseConnection->query('SELECT *
FROM `kelas`
JOIN `guru` ON `guru`.`id` = `kelas`.`id_guru`
JOIN `pendidikan` ON `pendidikan`.`id` = `kelas`.`id_pendidikan`', [], false)
 5 SYSTEMPATH\Model.php(253): CodeIgniter\Database\BaseBuilder->get()
 6 SYSTEMPATH\BaseModel.php(676): CodeIgniter\Model->doFindAll(0, 0)
 7 APPPATH\Controllers\Kelas.php(28): CodeIgniter\BaseModel->findAll()
 8 SYSTEMPATH\CodeIgniter.php(951): App\Controllers\Kelas->index()
 9 SYSTEMPATH\CodeIgniter.php(497): CodeIgniter\CodeIgniter->runController(Object(App\Controllers\Kelas))
10 SYSTEMPATH\CodeIgniter.php(340): CodeIgniter\CodeIgniter->handleRequest(null, Object(Config\Cache), false)
11 SYSTEMPATH\Boot.php(417): CodeIgniter\CodeIgniter->run()
12 SYSTEMPATH\Boot.php(68): CodeIgniter\Boot::runCodeIgniter(Object(CodeIgniter\CodeIgniter))
13 FCPATH\index.php(59): CodeIgniter\Boot::bootWeb(Object(Config\Paths))
CRITICAL - 2026-05-16 14:48:49 --> CodeIgniter\Database\Exceptions\DatabaseException: Unknown column 'pendidikan.id' in 'on clause'
[Method: GET, Route: kelas]
in SYSTEMPATH\Database\BaseConnection.php on line 865.
 1 SYSTEMPATH\Database\BaseBuilder.php(1649): CodeIgniter\Database\BaseConnection->query('SELECT *
FROM `kelas`
JOIN `guru` ON `guru`.`id` = `kelas`.`id_guru`
JOIN `pendidikan` ON `pendidikan`.`id` = `kelas`.`id_pendidikan`', [], false)
 2 SYSTEMPATH\Model.php(253): CodeIgniter\Database\BaseBuilder->get()
 3 SYSTEMPATH\BaseModel.php(676): CodeIgniter\Model->doFindAll(0, 0)
 4 APPPATH\Controllers\Kelas.php(28): CodeIgniter\BaseModel->findAll()
 5 SYSTEMPATH\CodeIgniter.php(951): App\Controllers\Kelas->index()
 6 SYSTEMPATH\CodeIgniter.php(497): CodeIgniter\CodeIgniter->runController(Object(App\Controllers\Kelas))
 7 SYSTEMPATH\CodeIgniter.php(340): CodeIgniter\CodeIgniter->handleRequest(null, Object(Config\Cache), false)
 8 SYSTEMPATH\Boot.php(417): CodeIgniter\CodeIgniter->run()
 9 SYSTEMPATH\Boot.php(68): CodeIgniter\Boot::runCodeIgniter(Object(CodeIgniter\CodeIgniter))
10 FCPATH\index.php(59): CodeIgniter\Boot::bootWeb(Object(Config\Paths))
CRITICAL - 2026-05-16 14:48:49 --> [Caused by] CodeIgniter\Database\Exceptions\DatabaseException: Unknown column 'pendidikan.id' in 'on clause'
in SYSTEMPATH\Database\MySQLi\Connection.php on line 310.
 1 SYSTEMPATH\Database\BaseConnection.php(910): CodeIgniter\Database\MySQLi\Connection->execute('SELECT *
FROM `kelas`
JOIN `guru` ON `guru`.`id` = `kelas`.`id_guru`
JOIN `pendidikan` ON `pendidikan`.`id` = `kelas`.`id_pendidikan`')
 2 SYSTEMPATH\Database\BaseConnection.php(827): CodeIgniter\Database\BaseConnection->simpleQuery('SELECT *
FROM `kelas`
JOIN `guru` ON `guru`.`id` = `kelas`.`id_guru`
JOIN `pendidikan` ON `pendidikan`.`id` = `kelas`.`id_pendidikan`')
 3 SYSTEMPATH\Database\BaseBuilder.php(1649): CodeIgniter\Database\BaseConnection->query('SELECT *
FROM `kelas`
JOIN `guru` ON `guru`.`id` = `kelas`.`id_guru`
JOIN `pendidikan` ON `pendidikan`.`id` = `kelas`.`id_pendidikan`', [], false)
 4 SYSTEMPATH\Model.php(253): CodeIgniter\Database\BaseBuilder->get()
 5 SYSTEMPATH\BaseModel.php(676): CodeIgniter\Model->doFindAll(0, 0)
 6 APPPATH\Controllers\Kelas.php(28): CodeIgniter\BaseModel->findAll()
 7 SYSTEMPATH\CodeIgniter.php(951): App\Controllers\Kelas->index()
 8 SYSTEMPATH\CodeIgniter.php(497): CodeIgniter\CodeIgniter->runController(Object(App\Controllers\Kelas))
 9 SYSTEMPATH\CodeIgniter.php(340): CodeIgniter\CodeIgniter->handleRequest(null, Object(Config\Cache), false)
10 SYSTEMPATH\Boot.php(417): CodeIgniter\CodeIgniter->run()
11 SYSTEMPATH\Boot.php(68): CodeIgniter\Boot::runCodeIgniter(Object(CodeIgniter\CodeIgniter))
12 FCPATH\index.php(59): CodeIgniter\Boot::bootWeb(Object(Config\Paths))
CRITICAL - 2026-05-16 14:48:49 --> [Caused by] mysqli_sql_exception: Unknown column 'pendidikan.id' in 'on clause'
in SYSTEMPATH\Database\MySQLi\Connection.php on line 300.
 1 SYSTEMPATH\Database\MySQLi\Connection.php(300): mysqli->query('SELECT *
FROM `kelas`
JOIN `guru` ON `guru`.`id` = `kelas`.`id_guru`
JOIN `pendidikan` ON `pendidikan`.`id` = `kelas`.`id_pendidikan`', 0)
 2 SYSTEMPATH\Database\BaseConnection.php(910): CodeIgniter\Database\MySQLi\Connection->execute('SELECT *
FROM `kelas`
JOIN `guru` ON `guru`.`id` = `kelas`.`id_guru`
JOIN `pendidikan` ON `pendidikan`.`id` = `kelas`.`id_pendidikan`')
 3 SYSTEMPATH\Database\BaseConnection.php(827): CodeIgniter\Database\BaseConnection->simpleQuery('SELECT *
FROM `kelas`
JOIN `guru` ON `guru`.`id` = `kelas`.`id_guru`
JOIN `pendidikan` ON `pendidikan`.`id` = `kelas`.`id_pendidikan`')
 4 SYSTEMPATH\Database\BaseBuilder.php(1649): CodeIgniter\Database\BaseConnection->query('SELECT *
FROM `kelas`
JOIN `guru` ON `guru`.`id` = `kelas`.`id_guru`
JOIN `pendidikan` ON `pendidikan`.`id` = `kelas`.`id_pendidikan`', [], false)
 5 SYSTEMPATH\Model.php(253): CodeIgniter\Database\BaseBuilder->get()
 6 SYSTEMPATH\BaseModel.php(676): CodeIgniter\Model->doFindAll(0, 0)
 7 APPPATH\Controllers\Kelas.php(28): CodeIgniter\BaseModel->findAll()
 8 SYSTEMPATH\CodeIgniter.php(951): App\Controllers\Kelas->index()
 9 SYSTEMPATH\CodeIgniter.php(497): CodeIgniter\CodeIgniter->runController(Object(App\Controllers\Kelas))
10 SYSTEMPATH\CodeIgniter.php(340): CodeIgniter\CodeIgniter->handleRequest(null, Object(Config\Cache), false)
11 SYSTEMPATH\Boot.php(417): CodeIgniter\CodeIgniter->run()
12 SYSTEMPATH\Boot.php(68): CodeIgniter\Boot::runCodeIgniter(Object(CodeIgniter\CodeIgniter))
13 FCPATH\index.php(59): CodeIgniter\Boot::bootWeb(Object(Config\Paths))
ERROR - 2026-05-16 14:48:49 --> Unknown column 'pendidikan.id' in 'on clause'
in SYSTEMPATH\Database\MySQLi\Connection.php on line 300.
 1 SYSTEMPATH\Database\MySQLi\Connection.php(300): mysqli->query('SELECT *
FROM `kelas`
JOIN `guru` ON `guru`.`id` = `kelas`.`id_guru`
JOIN `pendidikan` ON `pendidikan`.`id` = `kelas`.`id_pendidikan`', 0)
 2 SYSTEMPATH\Database\BaseConnection.php(910): CodeIgniter\Database\MySQLi\Connection->execute('SELECT *
FROM `kelas`
JOIN `guru` ON `guru`.`id` = `kelas`.`id_guru`
JOIN `pendidikan` ON `pendidikan`.`id` = `kelas`.`id_pendidikan`')
 3 SYSTEMPATH\Database\BaseConnection.php(827): CodeIgniter\Database\BaseConnection->simpleQuery('SELECT *
FROM `kelas`
JOIN `guru` ON `guru`.`id` = `kelas`.`id_guru`
JOIN `pendidikan` ON `pendidikan`.`id` = `kelas`.`id_pendidikan`')
 4 SYSTEMPATH\Database\BaseBuilder.php(1649): CodeIgniter\Database\BaseConnection->query('SELECT *
FROM `kelas`
JOIN `guru` ON `guru`.`id` = `kelas`.`id_guru`
JOIN `pendidikan` ON `pendidikan`.`id` = `kelas`.`id_pendidikan`', [], false)
 5 SYSTEMPATH\Model.php(253): CodeIgniter\Database\BaseBuilder->get()
 6 SYSTEMPATH\BaseModel.php(676): CodeIgniter\Model->doFindAll(0, 0)
 7 APPPATH\Controllers\Kelas.php(28): CodeIgniter\BaseModel->findAll()
 8 SYSTEMPATH\CodeIgniter.php(951): App\Controllers\Kelas->index()
 9 SYSTEMPATH\CodeIgniter.php(497): CodeIgniter\CodeIgniter->runController(Object(App\Controllers\Kelas))
10 SYSTEMPATH\CodeIgniter.php(340): CodeIgniter\CodeIgniter->handleRequest(null, Object(Config\Cache), false)
11 SYSTEMPATH\Boot.php(417): CodeIgniter\CodeIgniter->run()
12 SYSTEMPATH\Boot.php(68): CodeIgniter\Boot::runCodeIgniter(Object(CodeIgniter\CodeIgniter))
13 FCPATH\index.php(59): CodeIgniter\Boot::bootWeb(Object(Config\Paths))
CRITICAL - 2026-05-16 14:48:49 --> CodeIgniter\Database\Exceptions\DatabaseException: Unknown column 'pendidikan.id' in 'on clause'
[Method: GET, Route: kelas]
in SYSTEMPATH\Database\BaseConnection.php on line 865.
 1 SYSTEMPATH\Database\BaseBuilder.php(1649): CodeIgniter\Database\BaseConnection->query('SELECT *
FROM `kelas`
JOIN `guru` ON `guru`.`id` = `kelas`.`id_guru`
JOIN `pendidikan` ON `pendidikan`.`id` = `kelas`.`id_pendidikan`', [], false)
 2 SYSTEMPATH\Model.php(253): CodeIgniter\Database\BaseBuilder->get()
 3 SYSTEMPATH\BaseModel.php(676): CodeIgniter\Model->doFindAll(0, 0)
 4 APPPATH\Controllers\Kelas.php(28): CodeIgniter\BaseModel->findAll()
 5 SYSTEMPATH\CodeIgniter.php(951): App\Controllers\Kelas->index()
 6 SYSTEMPATH\CodeIgniter.php(497): CodeIgniter\CodeIgniter->runController(Object(App\Controllers\Kelas))
 7 SYSTEMPATH\CodeIgniter.php(340): CodeIgniter\CodeIgniter->handleRequest(null, Object(Config\Cache), false)
 8 SYSTEMPATH\Boot.php(417): CodeIgniter\CodeIgniter->run()
 9 SYSTEMPATH\Boot.php(68): CodeIgniter\Boot::runCodeIgniter(Object(CodeIgniter\CodeIgniter))
10 FCPATH\index.php(59): CodeIgniter\Boot::bootWeb(Object(Config\Paths))
CRITICAL - 2026-05-16 14:48:49 --> [Caused by] CodeIgniter\Database\Exceptions\DatabaseException: Unknown column 'pendidikan.id' in 'on clause'
in SYSTEMPATH\Database\MySQLi\Connection.php on line 310.
 1 SYSTEMPATH\Database\BaseConnection.php(910): CodeIgniter\Database\MySQLi\Connection->execute('SELECT *
FROM `kelas`
JOIN `guru` ON `guru`.`id` = `kelas`.`id_guru`
JOIN `pendidikan` ON `pendidikan`.`id` = `kelas`.`id_pendidikan`')
 2 SYSTEMPATH\Database\BaseConnection.php(827): CodeIgniter\Database\BaseConnection->simpleQuery('SELECT *
FROM `kelas`
JOIN `guru` ON `guru`.`id` = `kelas`.`id_guru`
JOIN `pendidikan` ON `pendidikan`.`id` = `kelas`.`id_pendidikan`')
 3 SYSTEMPATH\Database\BaseBuilder.php(1649): CodeIgniter\Database\BaseConnection->query('SELECT *
FROM `kelas`
JOIN `guru` ON `guru`.`id` = `kelas`.`id_guru`
JOIN `pendidikan` ON `pendidikan`.`id` = `kelas`.`id_pendidikan`', [], false)
 4 SYSTEMPATH\Model.php(253): CodeIgniter\Database\BaseBuilder->get()
 5 SYSTEMPATH\BaseModel.php(676): CodeIgniter\Model->doFindAll(0, 0)
 6 APPPATH\Controllers\Kelas.php(28): CodeIgniter\BaseModel->findAll()
 7 SYSTEMPATH\CodeIgniter.php(951): App\Controllers\Kelas->index()
 8 SYSTEMPATH\CodeIgniter.php(497): CodeIgniter\CodeIgniter->runController(Object(App\Controllers\Kelas))
 9 SYSTEMPATH\CodeIgniter.php(340): CodeIgniter\CodeIgniter->handleRequest(null, Object(Config\Cache), false)
10 SYSTEMPATH\Boot.php(417): CodeIgniter\CodeIgniter->run()
11 SYSTEMPATH\Boot.php(68): CodeIgniter\Boot::runCodeIgniter(Object(CodeIgniter\CodeIgniter))
12 FCPATH\index.php(59): CodeIgniter\Boot::bootWeb(Object(Config\Paths))
CRITICAL - 2026-05-16 14:48:49 --> [Caused by] mysqli_sql_exception: Unknown column 'pendidikan.id' in 'on clause'
in SYSTEMPATH\Database\MySQLi\Connection.php on line 300.
 1 SYSTEMPATH\Database\MySQLi\Connection.php(300): mysqli->query('SELECT *
FROM `kelas`
JOIN `guru` ON `guru`.`id` = `kelas`.`id_guru`
JOIN `pendidikan` ON `pendidikan`.`id` = `kelas`.`id_pendidikan`', 0)
 2 SYSTEMPATH\Database\BaseConnection.php(910): CodeIgniter\Database\MySQLi\Connection->execute('SELECT *
FROM `kelas`
JOIN `guru` ON `guru`.`id` = `kelas`.`id_guru`
JOIN `pendidikan` ON `pendidikan`.`id` = `kelas`.`id_pendidikan`')
 3 SYSTEMPATH\Database\BaseConnection.php(827): CodeIgniter\Database\BaseConnection->simpleQuery('SELECT *
FROM `kelas`
JOIN `guru` ON `guru`.`id` = `kelas`.`id_guru`
JOIN `pendidikan` ON `pendidikan`.`id` = `kelas`.`id_pendidikan`')
 4 SYSTEMPATH\Database\BaseBuilder.php(1649): CodeIgniter\Database\BaseConnection->query('SELECT *
FROM `kelas`
JOIN `guru` ON `guru`.`id` = `kelas`.`id_guru`
JOIN `pendidikan` ON `pendidikan`.`id` = `kelas`.`id_pendidikan`', [], false)
 5 SYSTEMPATH\Model.php(253): CodeIgniter\Database\BaseBuilder->get()
 6 SYSTEMPATH\BaseModel.php(676): CodeIgniter\Model->doFindAll(0, 0)
 7 APPPATH\Controllers\Kelas.php(28): CodeIgniter\BaseModel->findAll()
 8 SYSTEMPATH\CodeIgniter.php(951): App\Controllers\Kelas->index()
 9 SYSTEMPATH\CodeIgniter.php(497): CodeIgniter\CodeIgniter->runController(Object(App\Controllers\Kelas))
10 SYSTEMPATH\CodeIgniter.php(340): CodeIgniter\CodeIgniter->handleRequest(null, Object(Config\Cache), false)
11 SYSTEMPATH\Boot.php(417): CodeIgniter\CodeIgniter->run()
12 SYSTEMPATH\Boot.php(68): CodeIgniter\Boot::runCodeIgniter(Object(CodeIgniter\CodeIgniter))
13 FCPATH\index.php(59): CodeIgniter\Boot::bootWeb(Object(Config\Paths))
ERROR - 2026-05-16 14:48:49 --> Unknown column 'pendidikan.id' in 'on clause'
in SYSTEMPATH\Database\MySQLi\Connection.php on line 300.
 1 SYSTEMPATH\Database\MySQLi\Connection.php(300): mysqli->query('SELECT *
FROM `kelas`
JOIN `guru` ON `guru`.`id` = `kelas`.`id_guru`
JOIN `pendidikan` ON `pendidikan`.`id` = `kelas`.`id_pendidikan`', 0)
 2 SYSTEMPATH\Database\BaseConnection.php(910): CodeIgniter\Database\MySQLi\Connection->execute('SELECT *
FROM `kelas`
JOIN `guru` ON `guru`.`id` = `kelas`.`id_guru`
JOIN `pendidikan` ON `pendidikan`.`id` = `kelas`.`id_pendidikan`')
 3 SYSTEMPATH\Database\BaseConnection.php(827): CodeIgniter\Database\BaseConnection->simpleQuery('SELECT *
FROM `kelas`
JOIN `guru` ON `guru`.`id` = `kelas`.`id_guru`
JOIN `pendidikan` ON `pendidikan`.`id` = `kelas`.`id_pendidikan`')
 4 SYSTEMPATH\Database\BaseBuilder.php(1649): CodeIgniter\Database\BaseConnection->query('SELECT *
FROM `kelas`
JOIN `guru` ON `guru`.`id` = `kelas`.`id_guru`
JOIN `pendidikan` ON `pendidikan`.`id` = `kelas`.`id_pendidikan`', [], false)
 5 SYSTEMPATH\Model.php(253): CodeIgniter\Database\BaseBuilder->get()
 6 SYSTEMPATH\BaseModel.php(676): CodeIgniter\Model->doFindAll(0, 0)
 7 APPPATH\Controllers\Kelas.php(28): CodeIgniter\BaseModel->findAll()
 8 SYSTEMPATH\CodeIgniter.php(951): App\Controllers\Kelas->index()
 9 SYSTEMPATH\CodeIgniter.php(497): CodeIgniter\CodeIgniter->runController(Object(App\Controllers\Kelas))
10 SYSTEMPATH\CodeIgniter.php(340): CodeIgniter\CodeIgniter->handleRequest(null, Object(Config\Cache), false)
11 SYSTEMPATH\Boot.php(417): CodeIgniter\CodeIgniter->run()
12 SYSTEMPATH\Boot.php(68): CodeIgniter\Boot::runCodeIgniter(Object(CodeIgniter\CodeIgniter))
13 FCPATH\index.php(59): CodeIgniter\Boot::bootWeb(Object(Config\Paths))
CRITICAL - 2026-05-16 14:48:49 --> CodeIgniter\Database\Exceptions\DatabaseException: Unknown column 'pendidikan.id' in 'on clause'
[Method: GET, Route: kelas]
in SYSTEMPATH\Database\BaseConnection.php on line 865.
 1 SYSTEMPATH\Database\BaseBuilder.php(1649): CodeIgniter\Database\BaseConnection->query('SELECT *
FROM `kelas`
JOIN `guru` ON `guru`.`id` = `kelas`.`id_guru`
JOIN `pendidikan` ON `pendidikan`.`id` = `kelas`.`id_pendidikan`', [], false)
 2 SYSTEMPATH\Model.php(253): CodeIgniter\Database\BaseBuilder->get()
 3 SYSTEMPATH\BaseModel.php(676): CodeIgniter\Model->doFindAll(0, 0)
 4 APPPATH\Controllers\Kelas.php(28): CodeIgniter\BaseModel->findAll()
 5 SYSTEMPATH\CodeIgniter.php(951): App\Controllers\Kelas->index()
 6 SYSTEMPATH\CodeIgniter.php(497): CodeIgniter\CodeIgniter->runController(Object(App\Controllers\Kelas))
 7 SYSTEMPATH\CodeIgniter.php(340): CodeIgniter\CodeIgniter->handleRequest(null, Object(Config\Cache), false)
 8 SYSTEMPATH\Boot.php(417): CodeIgniter\CodeIgniter->run()
 9 SYSTEMPATH\Boot.php(68): CodeIgniter\Boot::runCodeIgniter(Object(CodeIgniter\CodeIgniter))
10 FCPATH\index.php(59): CodeIgniter\Boot::bootWeb(Object(Config\Paths))
CRITICAL - 2026-05-16 14:48:49 --> [Caused by] CodeIgniter\Database\Exceptions\DatabaseException: Unknown column 'pendidikan.id' in 'on clause'
in SYSTEMPATH\Database\MySQLi\Connection.php on line 310.
 1 SYSTEMPATH\Database\BaseConnection.php(910): CodeIgniter\Database\MySQLi\Connection->execute('SELECT *
FROM `kelas`
JOIN `guru` ON `guru`.`id` = `kelas`.`id_guru`
JOIN `pendidikan` ON `pendidikan`.`id` = `kelas`.`id_pendidikan`')
 2 SYSTEMPATH\Database\BaseConnection.php(827): CodeIgniter\Database\BaseConnection->simpleQuery('SELECT *
FROM `kelas`
JOIN `guru` ON `guru`.`id` = `kelas`.`id_guru`
JOIN `pendidikan` ON `pendidikan`.`id` = `kelas`.`id_pendidikan`')
 3 SYSTEMPATH\Database\BaseBuilder.php(1649): CodeIgniter\Database\BaseConnection->query('SELECT *
FROM `kelas`
JOIN `guru` ON `guru`.`id` = `kelas`.`id_guru`
JOIN `pendidikan` ON `pendidikan`.`id` = `kelas`.`id_pendidikan`', [], false)
 4 SYSTEMPATH\Model.php(253): CodeIgniter\Database\BaseBuilder->get()
 5 SYSTEMPATH\BaseModel.php(676): CodeIgniter\Model->doFindAll(0, 0)
 6 APPPATH\Controllers\Kelas.php(28): CodeIgniter\BaseModel->findAll()
 7 SYSTEMPATH\CodeIgniter.php(951): App\Controllers\Kelas->index()
 8 SYSTEMPATH\CodeIgniter.php(497): CodeIgniter\CodeIgniter->runController(Object(App\Controllers\Kelas))
 9 SYSTEMPATH\CodeIgniter.php(340): CodeIgniter\CodeIgniter->handleRequest(null, Object(Config\Cache), false)
10 SYSTEMPATH\Boot.php(417): CodeIgniter\CodeIgniter->run()
11 SYSTEMPATH\Boot.php(68): CodeIgniter\Boot::runCodeIgniter(Object(CodeIgniter\CodeIgniter))
12 FCPATH\index.php(59): CodeIgniter\Boot::bootWeb(Object(Config\Paths))
CRITICAL - 2026-05-16 14:48:49 --> [Caused by] mysqli_sql_exception: Unknown column 'pendidikan.id' in 'on clause'
in SYSTEMPATH\Database\MySQLi\Connection.php on line 300.
 1 SYSTEMPATH\Database\MySQLi\Connection.php(300): mysqli->query('SELECT *
FROM `kelas`
JOIN `guru` ON `guru`.`id` = `kelas`.`id_guru`
JOIN `pendidikan` ON `pendidikan`.`id` = `kelas`.`id_pendidikan`', 0)
 2 SYSTEMPATH\Database\BaseConnection.php(910): CodeIgniter\Database\MySQLi\Connection->execute('SELECT *
FROM `kelas`
JOIN `guru` ON `guru`.`id` = `kelas`.`id_guru`
JOIN `pendidikan` ON `pendidikan`.`id` = `kelas`.`id_pendidikan`')
 3 SYSTEMPATH\Database\BaseConnection.php(827): CodeIgniter\Database\BaseConnection->simpleQuery('SELECT *
FROM `kelas`
JOIN `guru` ON `guru`.`id` = `kelas`.`id_guru`
JOIN `pendidikan` ON `pendidikan`.`id` = `kelas`.`id_pendidikan`')
 4 SYSTEMPATH\Database\BaseBuilder.php(1649): CodeIgniter\Database\BaseConnection->query('SELECT *
FROM `kelas`
JOIN `guru` ON `guru`.`id` = `kelas`.`id_guru`
JOIN `pendidikan` ON `pendidikan`.`id` = `kelas`.`id_pendidikan`', [], false)
 5 SYSTEMPATH\Model.php(253): CodeIgniter\Database\BaseBuilder->get()
 6 SYSTEMPATH\BaseModel.php(676): CodeIgniter\Model->doFindAll(0, 0)
 7 APPPATH\Controllers\Kelas.php(28): CodeIgniter\BaseModel->findAll()
 8 SYSTEMPATH\CodeIgniter.php(951): App\Controllers\Kelas->index()
 9 SYSTEMPATH\CodeIgniter.php(497): CodeIgniter\CodeIgniter->runController(Object(App\Controllers\Kelas))
10 SYSTEMPATH\CodeIgniter.php(340): CodeIgniter\CodeIgniter->handleRequest(null, Object(Config\Cache), false)
11 SYSTEMPATH\Boot.php(417): CodeIgniter\CodeIgniter->run()
12 SYSTEMPATH\Boot.php(68): CodeIgniter\Boot::runCodeIgniter(Object(CodeIgniter\CodeIgniter))
13 FCPATH\index.php(59): CodeIgniter\Boot::bootWeb(Object(Config\Paths))
ERROR - 2026-05-16 14:48:49 --> Unknown column 'pendidikan.id' in 'on clause'
in SYSTEMPATH\Database\MySQLi\Connection.php on line 300.
 1 SYSTEMPATH\Database\MySQLi\Connection.php(300): mysqli->query('SELECT *
FROM `kelas`
JOIN `guru` ON `guru`.`id` = `kelas`.`id_guru`
JOIN `pendidikan` ON `pendidikan`.`id` = `kelas`.`id_pendidikan`', 0)
 2 SYSTEMPATH\Database\BaseConnection.php(910): CodeIgniter\Database\MySQLi\Connection->execute('SELECT *
FROM `kelas`
JOIN `guru` ON `guru`.`id` = `kelas`.`id_guru`
JOIN `pendidikan` ON `pendidikan`.`id` = `kelas`.`id_pendidikan`')
 3 SYSTEMPATH\Database\BaseConnection.php(827): CodeIgniter\Database\BaseConnection->simpleQuery('SELECT *
FROM `kelas`
JOIN `guru` ON `guru`.`id` = `kelas`.`id_guru`
JOIN `pendidikan` ON `pendidikan`.`id` = `kelas`.`id_pendidikan`')
 4 SYSTEMPATH\Database\BaseBuilder.php(1649): CodeIgniter\Database\BaseConnection->query('SELECT *
FROM `kelas`
JOIN `guru` ON `guru`.`id` = `kelas`.`id_guru`
JOIN `pendidikan` ON `pendidikan`.`id` = `kelas`.`id_pendidikan`', [], false)
 5 SYSTEMPATH\Model.php(253): CodeIgniter\Database\BaseBuilder->get()
 6 SYSTEMPATH\BaseModel.php(676): CodeIgniter\Model->doFindAll(0, 0)
 7 APPPATH\Controllers\Kelas.php(28): CodeIgniter\BaseModel->findAll()
 8 SYSTEMPATH\CodeIgniter.php(951): App\Controllers\Kelas->index()
 9 SYSTEMPATH\CodeIgniter.php(497): CodeIgniter\CodeIgniter->runController(Object(App\Controllers\Kelas))
10 SYSTEMPATH\CodeIgniter.php(340): CodeIgniter\CodeIgniter->handleRequest(null, Object(Config\Cache), false)
11 SYSTEMPATH\Boot.php(417): CodeIgniter\CodeIgniter->run()
12 SYSTEMPATH\Boot.php(68): CodeIgniter\Boot::runCodeIgniter(Object(CodeIgniter\CodeIgniter))
13 FCPATH\index.php(59): CodeIgniter\Boot::bootWeb(Object(Config\Paths))
CRITICAL - 2026-05-16 14:48:49 --> CodeIgniter\Database\Exceptions\DatabaseException: Unknown column 'pendidikan.id' in 'on clause'
[Method: GET, Route: kelas]
in SYSTEMPATH\Database\BaseConnection.php on line 865.
 1 SYSTEMPATH\Database\BaseBuilder.php(1649): CodeIgniter\Database\BaseConnection->query('SELECT *
FROM `kelas`
JOIN `guru` ON `guru`.`id` = `kelas`.`id_guru`
JOIN `pendidikan` ON `pendidikan`.`id` = `kelas`.`id_pendidikan`', [], false)
 2 SYSTEMPATH\Model.php(253): CodeIgniter\Database\BaseBuilder->get()
 3 SYSTEMPATH\BaseModel.php(676): CodeIgniter\Model->doFindAll(0, 0)
 4 APPPATH\Controllers\Kelas.php(28): CodeIgniter\BaseModel->findAll()
 5 SYSTEMPATH\CodeIgniter.php(951): App\Controllers\Kelas->index()
 6 SYSTEMPATH\CodeIgniter.php(497): CodeIgniter\CodeIgniter->runController(Object(App\Controllers\Kelas))
 7 SYSTEMPATH\CodeIgniter.php(340): CodeIgniter\CodeIgniter->handleRequest(null, Object(Config\Cache), false)
 8 SYSTEMPATH\Boot.php(417): CodeIgniter\CodeIgniter->run()
 9 SYSTEMPATH\Boot.php(68): CodeIgniter\Boot::runCodeIgniter(Object(CodeIgniter\CodeIgniter))
10 FCPATH\index.php(59): CodeIgniter\Boot::bootWeb(Object(Config\Paths))
CRITICAL - 2026-05-16 14:48:49 --> [Caused by] CodeIgniter\Database\Exceptions\DatabaseException: Unknown column 'pendidikan.id' in 'on clause'
in SYSTEMPATH\Database\MySQLi\Connection.php on line 310.
 1 SYSTEMPATH\Database\BaseConnection.php(910): CodeIgniter\Database\MySQLi\Connection->execute('SELECT *
FROM `kelas`
JOIN `guru` ON `guru`.`id` = `kelas`.`id_guru`
JOIN `pendidikan` ON `pendidikan`.`id` = `kelas`.`id_pendidikan`')
 2 SYSTEMPATH\Database\BaseConnection.php(827): CodeIgniter\Database\BaseConnection->simpleQuery('SELECT *
FROM `kelas`
JOIN `guru` ON `guru`.`id` = `kelas`.`id_guru`
JOIN `pendidikan` ON `pendidikan`.`id` = `kelas`.`id_pendidikan`')
 3 SYSTEMPATH\Database\BaseBuilder.php(1649): CodeIgniter\Database\BaseConnection->query('SELECT *
FROM `kelas`
JOIN `guru` ON `guru`.`id` = `kelas`.`id_guru`
JOIN `pendidikan` ON `pendidikan`.`id` = `kelas`.`id_pendidikan`', [], false)
 4 SYSTEMPATH\Model.php(253): CodeIgniter\Database\BaseBuilder->get()
 5 SYSTEMPATH\BaseModel.php(676): CodeIgniter\Model->doFindAll(0, 0)
 6 APPPATH\Controllers\Kelas.php(28): CodeIgniter\BaseModel->findAll()
 7 SYSTEMPATH\CodeIgniter.php(951): App\Controllers\Kelas->index()
 8 SYSTEMPATH\CodeIgniter.php(497): CodeIgniter\CodeIgniter->runController(Object(App\Controllers\Kelas))
 9 SYSTEMPATH\CodeIgniter.php(340): CodeIgniter\CodeIgniter->handleRequest(null, Object(Config\Cache), false)
10 SYSTEMPATH\Boot.php(417): CodeIgniter\CodeIgniter->run()
11 SYSTEMPATH\Boot.php(68): CodeIgniter\Boot::runCodeIgniter(Object(CodeIgniter\CodeIgniter))
12 FCPATH\index.php(59): CodeIgniter\Boot::bootWeb(Object(Config\Paths))
CRITICAL - 2026-05-16 14:48:49 --> [Caused by] mysqli_sql_exception: Unknown column 'pendidikan.id' in 'on clause'
in SYSTEMPATH\Database\MySQLi\Connection.php on line 300.
 1 SYSTEMPATH\Database\MySQLi\Connection.php(300): mysqli->query('SELECT *
FROM `kelas`
JOIN `guru` ON `guru`.`id` = `kelas`.`id_guru`
JOIN `pendidikan` ON `pendidikan`.`id` = `kelas`.`id_pendidikan`', 0)
 2 SYSTEMPATH\Database\BaseConnection.php(910): CodeIgniter\Database\MySQLi\Connection->execute('SELECT *
FROM `kelas`
JOIN `guru` ON `guru`.`id` = `kelas`.`id_guru`
JOIN `pendidikan` ON `pendidikan`.`id` = `kelas`.`id_pendidikan`')
 3 SYSTEMPATH\Database\BaseConnection.php(827): CodeIgniter\Database\BaseConnection->simpleQuery('SELECT *
FROM `kelas`
JOIN `guru` ON `guru`.`id` = `kelas`.`id_guru`
JOIN `pendidikan` ON `pendidikan`.`id` = `kelas`.`id_pendidikan`')
 4 SYSTEMPATH\Database\BaseBuilder.php(1649): CodeIgniter\Database\BaseConnection->query('SELECT *
FROM `kelas`
JOIN `guru` ON `guru`.`id` = `kelas`.`id_guru`
JOIN `pendidikan` ON `pendidikan`.`id` = `kelas`.`id_pendidikan`', [], false)
 5 SYSTEMPATH\Model.php(253): CodeIgniter\Database\BaseBuilder->get()
 6 SYSTEMPATH\BaseModel.php(676): CodeIgniter\Model->doFindAll(0, 0)
 7 APPPATH\Controllers\Kelas.php(28): CodeIgniter\BaseModel->findAll()
 8 SYSTEMPATH\CodeIgniter.php(951): App\Controllers\Kelas->index()
 9 SYSTEMPATH\CodeIgniter.php(497): CodeIgniter\CodeIgniter->runController(Object(App\Controllers\Kelas))
10 SYSTEMPATH\CodeIgniter.php(340): CodeIgniter\CodeIgniter->handleRequest(null, Object(Config\Cache), false)
11 SYSTEMPATH\Boot.php(417): CodeIgniter\CodeIgniter->run()
12 SYSTEMPATH\Boot.php(68): CodeIgniter\Boot::runCodeIgniter(Object(CodeIgniter\CodeIgniter))
13 FCPATH\index.php(59): CodeIgniter\Boot::bootWeb(Object(Config\Paths))
ERROR - 2026-05-16 14:48:49 --> Unknown column 'pendidikan.id' in 'on clause'
in SYSTEMPATH\Database\MySQLi\Connection.php on line 300.
 1 SYSTEMPATH\Database\MySQLi\Connection.php(300): mysqli->query('SELECT *
FROM `kelas`
JOIN `guru` ON `guru`.`id` = `kelas`.`id_guru`
JOIN `pendidikan` ON `pendidikan`.`id` = `kelas`.`id_pendidikan`', 0)
 2 SYSTEMPATH\Database\BaseConnection.php(910): CodeIgniter\Database\MySQLi\Connection->execute('SELECT *
FROM `kelas`
JOIN `guru` ON `guru`.`id` = `kelas`.`id_guru`
JOIN `pendidikan` ON `pendidikan`.`id` = `kelas`.`id_pendidikan`')
 3 SYSTEMPATH\Database\BaseConnection.php(827): CodeIgniter\Database\BaseConnection->simpleQuery('SELECT *
FROM `kelas`
JOIN `guru` ON `guru`.`id` = `kelas`.`id_guru`
JOIN `pendidikan` ON `pendidikan`.`id` = `kelas`.`id_pendidikan`')
 4 SYSTEMPATH\Database\BaseBuilder.php(1649): CodeIgniter\Database\BaseConnection->query('SELECT *
FROM `kelas`
JOIN `guru` ON `guru`.`id` = `kelas`.`id_guru`
JOIN `pendidikan` ON `pendidikan`.`id` = `kelas`.`id_pendidikan`', [], false)
 5 SYSTEMPATH\Model.php(253): CodeIgniter\Database\BaseBuilder->get()
 6 SYSTEMPATH\BaseModel.php(676): CodeIgniter\Model->doFindAll(0, 0)
 7 APPPATH\Controllers\Kelas.php(28): CodeIgniter\BaseModel->findAll()
 8 SYSTEMPATH\CodeIgniter.php(951): App\Controllers\Kelas->index()
 9 SYSTEMPATH\CodeIgniter.php(497): CodeIgniter\CodeIgniter->runController(Object(App\Controllers\Kelas))
10 SYSTEMPATH\CodeIgniter.php(340): CodeIgniter\CodeIgniter->handleRequest(null, Object(Config\Cache), false)
11 SYSTEMPATH\Boot.php(417): CodeIgniter\CodeIgniter->run()
12 SYSTEMPATH\Boot.php(68): CodeIgniter\Boot::runCodeIgniter(Object(CodeIgniter\CodeIgniter))
13 FCPATH\index.php(59): CodeIgniter\Boot::bootWeb(Object(Config\Paths))
CRITICAL - 2026-05-16 14:48:49 --> CodeIgniter\Database\Exceptions\DatabaseException: Unknown column 'pendidikan.id' in 'on clause'
[Method: GET, Route: kelas]
in SYSTEMPATH\Database\BaseConnection.php on line 865.
 1 SYSTEMPATH\Database\BaseBuilder.php(1649): CodeIgniter\Database\BaseConnection->query('SELECT *
FROM `kelas`
JOIN `guru` ON `guru`.`id` = `kelas`.`id_guru`
JOIN `pendidikan` ON `pendidikan`.`id` = `kelas`.`id_pendidikan`', [], false)
 2 SYSTEMPATH\Model.php(253): CodeIgniter\Database\BaseBuilder->get()
 3 SYSTEMPATH\BaseModel.php(676): CodeIgniter\Model->doFindAll(0, 0)
 4 APPPATH\Controllers\Kelas.php(28): CodeIgniter\BaseModel->findAll()
 5 SYSTEMPATH\CodeIgniter.php(951): App\Controllers\Kelas->index()
 6 SYSTEMPATH\CodeIgniter.php(497): CodeIgniter\CodeIgniter->runController(Object(App\Controllers\Kelas))
 7 SYSTEMPATH\CodeIgniter.php(340): CodeIgniter\CodeIgniter->handleRequest(null, Object(Config\Cache), false)
 8 SYSTEMPATH\Boot.php(417): CodeIgniter\CodeIgniter->run()
 9 SYSTEMPATH\Boot.php(68): CodeIgniter\Boot::runCodeIgniter(Object(CodeIgniter\CodeIgniter))
10 FCPATH\index.php(59): CodeIgniter\Boot::bootWeb(Object(Config\Paths))
CRITICAL - 2026-05-16 14:48:49 --> [Caused by] CodeIgniter\Database\Exceptions\DatabaseException: Unknown column 'pendidikan.id' in 'on clause'
in SYSTEMPATH\Database\MySQLi\Connection.php on line 310.
 1 SYSTEMPATH\Database\BaseConnection.php(910): CodeIgniter\Database\MySQLi\Connection->execute('SELECT *
FROM `kelas`
JOIN `guru` ON `guru`.`id` = `kelas`.`id_guru`
JOIN `pendidikan` ON `pendidikan`.`id` = `kelas`.`id_pendidikan`')
 2 SYSTEMPATH\Database\BaseConnection.php(827): CodeIgniter\Database\BaseConnection->simpleQuery('SELECT *
FROM `kelas`
JOIN `guru` ON `guru`.`id` = `kelas`.`id_guru`
JOIN `pendidikan` ON `pendidikan`.`id` = `kelas`.`id_pendidikan`')
 3 SYSTEMPATH\Database\BaseBuilder.php(1649): CodeIgniter\Database\BaseConnection->query('SELECT *
FROM `kelas`
JOIN `guru` ON `guru`.`id` = `kelas`.`id_guru`
JOIN `pendidikan` ON `pendidikan`.`id` = `kelas`.`id_pendidikan`', [], false)
 4 SYSTEMPATH\Model.php(253): CodeIgniter\Database\BaseBuilder->get()
 5 SYSTEMPATH\BaseModel.php(676): CodeIgniter\Model->doFindAll(0, 0)
 6 APPPATH\Controllers\Kelas.php(28): CodeIgniter\BaseModel->findAll()
 7 SYSTEMPATH\CodeIgniter.php(951): App\Controllers\Kelas->index()
 8 SYSTEMPATH\CodeIgniter.php(497): CodeIgniter\CodeIgniter->runController(Object(App\Controllers\Kelas))
 9 SYSTEMPATH\CodeIgniter.php(340): CodeIgniter\CodeIgniter->handleRequest(null, Object(Config\Cache), false)
10 SYSTEMPATH\Boot.php(417): CodeIgniter\CodeIgniter->run()
11 SYSTEMPATH\Boot.php(68): CodeIgniter\Boot::runCodeIgniter(Object(CodeIgniter\CodeIgniter))
12 FCPATH\index.php(59): CodeIgniter\Boot::bootWeb(Object(Config\Paths))
CRITICAL - 2026-05-16 14:48:49 --> [Caused by] mysqli_sql_exception: Unknown column 'pendidikan.id' in 'on clause'
in SYSTEMPATH\Database\MySQLi\Connection.php on line 300.
 1 SYSTEMPATH\Database\MySQLi\Connection.php(300): mysqli->query('SELECT *
FROM `kelas`
JOIN `guru` ON `guru`.`id` = `kelas`.`id_guru`
JOIN `pendidikan` ON `pendidikan`.`id` = `kelas`.`id_pendidikan`', 0)
 2 SYSTEMPATH\Database\BaseConnection.php(910): CodeIgniter\Database\MySQLi\Connection->execute('SELECT *
FROM `kelas`
JOIN `guru` ON `guru`.`id` = `kelas`.`id_guru`
JOIN `pendidikan` ON `pendidikan`.`id` = `kelas`.`id_pendidikan`')
 3 SYSTEMPATH\Database\BaseConnection.php(827): CodeIgniter\Database\BaseConnection->simpleQuery('SELECT *
FROM `kelas`
JOIN `guru` ON `guru`.`id` = `kelas`.`id_guru`
JOIN `pendidikan` ON `pendidikan`.`id` = `kelas`.`id_pendidikan`')
 4 SYSTEMPATH\Database\BaseBuilder.php(1649): CodeIgniter\Database\BaseConnection->query('SELECT *
FROM `kelas`
JOIN `guru` ON `guru`.`id` = `kelas`.`id_guru`
JOIN `pendidikan` ON `pendidikan`.`id` = `kelas`.`id_pendidikan`', [], false)
 5 SYSTEMPATH\Model.php(253): CodeIgniter\Database\BaseBuilder->get()
 6 SYSTEMPATH\BaseModel.php(676): CodeIgniter\Model->doFindAll(0, 0)
 7 APPPATH\Controllers\Kelas.php(28): CodeIgniter\BaseModel->findAll()
 8 SYSTEMPATH\CodeIgniter.php(951): App\Controllers\Kelas->index()
 9 SYSTEMPATH\CodeIgniter.php(497): CodeIgniter\CodeIgniter->runController(Object(App\Controllers\Kelas))
10 SYSTEMPATH\CodeIgniter.php(340): CodeIgniter\CodeIgniter->handleRequest(null, Object(Config\Cache), false)
11 SYSTEMPATH\Boot.php(417): CodeIgniter\CodeIgniter->run()
12 SYSTEMPATH\Boot.php(68): CodeIgniter\Boot::runCodeIgniter(Object(CodeIgniter\CodeIgniter))
13 FCPATH\index.php(59): CodeIgniter\Boot::bootWeb(Object(Config\Paths))
ERROR - 2026-05-16 14:48:50 --> Unknown column 'pendidikan.id' in 'on clause'
in SYSTEMPATH\Database\MySQLi\Connection.php on line 300.
 1 SYSTEMPATH\Database\MySQLi\Connection.php(300): mysqli->query('SELECT *
FROM `kelas`
JOIN `guru` ON `guru`.`id` = `kelas`.`id_guru`
JOIN `pendidikan` ON `pendidikan`.`id` = `kelas`.`id_pendidikan`', 0)
 2 SYSTEMPATH\Database\BaseConnection.php(910): CodeIgniter\Database\MySQLi\Connection->execute('SELECT *
FROM `kelas`
JOIN `guru` ON `guru`.`id` = `kelas`.`id_guru`
JOIN `pendidikan` ON `pendidikan`.`id` = `kelas`.`id_pendidikan`')
 3 SYSTEMPATH\Database\BaseConnection.php(827): CodeIgniter\Database\BaseConnection->simpleQuery('SELECT *
FROM `kelas`
JOIN `guru` ON `guru`.`id` = `kelas`.`id_guru`
JOIN `pendidikan` ON `pendidikan`.`id` = `kelas`.`id_pendidikan`')
 4 SYSTEMPATH\Database\BaseBuilder.php(1649): CodeIgniter\Database\BaseConnection->query('SELECT *
FROM `kelas`
JOIN `guru` ON `guru`.`id` = `kelas`.`id_guru`
JOIN `pendidikan` ON `pendidikan`.`id` = `kelas`.`id_pendidikan`', [], false)
 5 SYSTEMPATH\Model.php(253): CodeIgniter\Database\BaseBuilder->get()
 6 SYSTEMPATH\BaseModel.php(676): CodeIgniter\Model->doFindAll(0, 0)
 7 APPPATH\Controllers\Kelas.php(28): CodeIgniter\BaseModel->findAll()
 8 SYSTEMPATH\CodeIgniter.php(951): App\Controllers\Kelas->index()
 9 SYSTEMPATH\CodeIgniter.php(497): CodeIgniter\CodeIgniter->runController(Object(App\Controllers\Kelas))
10 SYSTEMPATH\CodeIgniter.php(340): CodeIgniter\CodeIgniter->handleRequest(null, Object(Config\Cache), false)
11 SYSTEMPATH\Boot.php(417): CodeIgniter\CodeIgniter->run()
12 SYSTEMPATH\Boot.php(68): CodeIgniter\Boot::runCodeIgniter(Object(CodeIgniter\CodeIgniter))
13 FCPATH\index.php(59): CodeIgniter\Boot::bootWeb(Object(Config\Paths))
CRITICAL - 2026-05-16 14:48:50 --> CodeIgniter\Database\Exceptions\DatabaseException: Unknown column 'pendidikan.id' in 'on clause'
[Method: GET, Route: kelas]
in SYSTEMPATH\Database\BaseConnection.php on line 865.
 1 SYSTEMPATH\Database\BaseBuilder.php(1649): CodeIgniter\Database\BaseConnection->query('SELECT *
FROM `kelas`
JOIN `guru` ON `guru`.`id` = `kelas`.`id_guru`
JOIN `pendidikan` ON `pendidikan`.`id` = `kelas`.`id_pendidikan`', [], false)
 2 SYSTEMPATH\Model.php(253): CodeIgniter\Database\BaseBuilder->get()
 3 SYSTEMPATH\BaseModel.php(676): CodeIgniter\Model->doFindAll(0, 0)
 4 APPPATH\Controllers\Kelas.php(28): CodeIgniter\BaseModel->findAll()
 5 SYSTEMPATH\CodeIgniter.php(951): App\Controllers\Kelas->index()
 6 SYSTEMPATH\CodeIgniter.php(497): CodeIgniter\CodeIgniter->runController(Object(App\Controllers\Kelas))
 7 SYSTEMPATH\CodeIgniter.php(340): CodeIgniter\CodeIgniter->handleRequest(null, Object(Config\Cache), false)
 8 SYSTEMPATH\Boot.php(417): CodeIgniter\CodeIgniter->run()
 9 SYSTEMPATH\Boot.php(68): CodeIgniter\Boot::runCodeIgniter(Object(CodeIgniter\CodeIgniter))
10 FCPATH\index.php(59): CodeIgniter\Boot::bootWeb(Object(Config\Paths))
CRITICAL - 2026-05-16 14:48:50 --> [Caused by] CodeIgniter\Database\Exceptions\DatabaseException: Unknown column 'pendidikan.id' in 'on clause'
in SYSTEMPATH\Database\MySQLi\Connection.php on line 310.
 1 SYSTEMPATH\Database\BaseConnection.php(910): CodeIgniter\Database\MySQLi\Connection->execute('SELECT *
FROM `kelas`
JOIN `guru` ON `guru`.`id` = `kelas`.`id_guru`
JOIN `pendidikan` ON `pendidikan`.`id` = `kelas`.`id_pendidikan`')
 2 SYSTEMPATH\Database\BaseConnection.php(827): CodeIgniter\Database\BaseConnection->simpleQuery('SELECT *
FROM `kelas`
JOIN `guru` ON `guru`.`id` = `kelas`.`id_guru`
JOIN `pendidikan` ON `pendidikan`.`id` = `kelas`.`id_pendidikan`')
 3 SYSTEMPATH\Database\BaseBuilder.php(1649): CodeIgniter\Database\BaseConnection->query('SELECT *
FROM `kelas`
JOIN `guru` ON `guru`.`id` = `kelas`.`id_guru`
JOIN `pendidikan` ON `pendidikan`.`id` = `kelas`.`id_pendidikan`', [], false)
 4 SYSTEMPATH\Model.php(253): CodeIgniter\Database\BaseBuilder->get()
 5 SYSTEMPATH\BaseModel.php(676): CodeIgniter\Model->doFindAll(0, 0)
 6 APPPATH\Controllers\Kelas.php(28): CodeIgniter\BaseModel->findAll()
 7 SYSTEMPATH\CodeIgniter.php(951): App\Controllers\Kelas->index()
 8 SYSTEMPATH\CodeIgniter.php(497): CodeIgniter\CodeIgniter->runController(Object(App\Controllers\Kelas))
 9 SYSTEMPATH\CodeIgniter.php(340): CodeIgniter\CodeIgniter->handleRequest(null, Object(Config\Cache), false)
10 SYSTEMPATH\Boot.php(417): CodeIgniter\CodeIgniter->run()
11 SYSTEMPATH\Boot.php(68): CodeIgniter\Boot::runCodeIgniter(Object(CodeIgniter\CodeIgniter))
12 FCPATH\index.php(59): CodeIgniter\Boot::bootWeb(Object(Config\Paths))
CRITICAL - 2026-05-16 14:48:50 --> [Caused by] mysqli_sql_exception: Unknown column 'pendidikan.id' in 'on clause'
in SYSTEMPATH\Database\MySQLi\Connection.php on line 300.
 1 SYSTEMPATH\Database\MySQLi\Connection.php(300): mysqli->query('SELECT *
FROM `kelas`
JOIN `guru` ON `guru`.`id` = `kelas`.`id_guru`
JOIN `pendidikan` ON `pendidikan`.`id` = `kelas`.`id_pendidikan`', 0)
 2 SYSTEMPATH\Database\BaseConnection.php(910): CodeIgniter\Database\MySQLi\Connection->execute('SELECT *
FROM `kelas`
JOIN `guru` ON `guru`.`id` = `kelas`.`id_guru`
JOIN `pendidikan` ON `pendidikan`.`id` = `kelas`.`id_pendidikan`')
 3 SYSTEMPATH\Database\BaseConnection.php(827): CodeIgniter\Database\BaseConnection->simpleQuery('SELECT *
FROM `kelas`
JOIN `guru` ON `guru`.`id` = `kelas`.`id_guru`
JOIN `pendidikan` ON `pendidikan`.`id` = `kelas`.`id_pendidikan`')
 4 SYSTEMPATH\Database\BaseBuilder.php(1649): CodeIgniter\Database\BaseConnection->query('SELECT *
FROM `kelas`
JOIN `guru` ON `guru`.`id` = `kelas`.`id_guru`
JOIN `pendidikan` ON `pendidikan`.`id` = `kelas`.`id_pendidikan`', [], false)
 5 SYSTEMPATH\Model.php(253): CodeIgniter\Database\BaseBuilder->get()
 6 SYSTEMPATH\BaseModel.php(676): CodeIgniter\Model->doFindAll(0, 0)
 7 APPPATH\Controllers\Kelas.php(28): CodeIgniter\BaseModel->findAll()
 8 SYSTEMPATH\CodeIgniter.php(951): App\Controllers\Kelas->index()
 9 SYSTEMPATH\CodeIgniter.php(497): CodeIgniter\CodeIgniter->runController(Object(App\Controllers\Kelas))
10 SYSTEMPATH\CodeIgniter.php(340): CodeIgniter\CodeIgniter->handleRequest(null, Object(Config\Cache), false)
11 SYSTEMPATH\Boot.php(417): CodeIgniter\CodeIgniter->run()
12 SYSTEMPATH\Boot.php(68): CodeIgniter\Boot::runCodeIgniter(Object(CodeIgniter\CodeIgniter))
13 FCPATH\index.php(59): CodeIgniter\Boot::bootWeb(Object(Config\Paths))
ERROR - 2026-05-16 14:53:10 --> Unknown column 'pendidikan.id' in 'on clause'
in SYSTEMPATH\Database\MySQLi\Connection.php on line 300.
 1 SYSTEMPATH\Database\MySQLi\Connection.php(300): mysqli->query('SELECT *
FROM `kelas`
JOIN `guru` ON `guru`.`id` = `kelas`.`id_guru`
JOIN `pendidikan` ON `pendidikan`.`id` = `kelas`.`id_pendidikan`', 0)
 2 SYSTEMPATH\Database\BaseConnection.php(910): CodeIgniter\Database\MySQLi\Connection->execute('SELECT *
FROM `kelas`
JOIN `guru` ON `guru`.`id` = `kelas`.`id_guru`
JOIN `pendidikan` ON `pendidikan`.`id` = `kelas`.`id_pendidikan`')
 3 SYSTEMPATH\Database\BaseConnection.php(827): CodeIgniter\Database\BaseConnection->simpleQuery('SELECT *
FROM `kelas`
JOIN `guru` ON `guru`.`id` = `kelas`.`id_guru`
JOIN `pendidikan` ON `pendidikan`.`id` = `kelas`.`id_pendidikan`')
 4 SYSTEMPATH\Database\BaseBuilder.php(1649): CodeIgniter\Database\BaseConnection->query('SELECT *
FROM `kelas`
JOIN `guru` ON `guru`.`id` = `kelas`.`id_guru`
JOIN `pendidikan` ON `pendidikan`.`id` = `kelas`.`id_pendidikan`', [], false)
 5 SYSTEMPATH\Model.php(253): CodeIgniter\Database\BaseBuilder->get()
 6 SYSTEMPATH\BaseModel.php(676): CodeIgniter\Model->doFindAll(0, 0)
 7 APPPATH\Controllers\Kelas.php(28): CodeIgniter\BaseModel->findAll()
 8 SYSTEMPATH\CodeIgniter.php(951): App\Controllers\Kelas->index()
 9 SYSTEMPATH\CodeIgniter.php(497): CodeIgniter\CodeIgniter->runController(Object(App\Controllers\Kelas))
10 SYSTEMPATH\CodeIgniter.php(340): CodeIgniter\CodeIgniter->handleRequest(null, Object(Config\Cache), false)
11 SYSTEMPATH\Boot.php(417): CodeIgniter\CodeIgniter->run()
12 SYSTEMPATH\Boot.php(68): CodeIgniter\Boot::runCodeIgniter(Object(CodeIgniter\CodeIgniter))
13 FCPATH\index.php(59): CodeIgniter\Boot::bootWeb(Object(Config\Paths))
CRITICAL - 2026-05-16 14:53:10 --> CodeIgniter\Database\Exceptions\DatabaseException: Unknown column 'pendidikan.id' in 'on clause'
[Method: GET, Route: kelas]
in SYSTEMPATH\Database\BaseConnection.php on line 865.
 1 SYSTEMPATH\Database\BaseBuilder.php(1649): CodeIgniter\Database\BaseConnection->query('SELECT *
FROM `kelas`
JOIN `guru` ON `guru`.`id` = `kelas`.`id_guru`
JOIN `pendidikan` ON `pendidikan`.`id` = `kelas`.`id_pendidikan`', [], false)
 2 SYSTEMPATH\Model.php(253): CodeIgniter\Database\BaseBuilder->get()
 3 SYSTEMPATH\BaseModel.php(676): CodeIgniter\Model->doFindAll(0, 0)
 4 APPPATH\Controllers\Kelas.php(28): CodeIgniter\BaseModel->findAll()
 5 SYSTEMPATH\CodeIgniter.php(951): App\Controllers\Kelas->index()
 6 SYSTEMPATH\CodeIgniter.php(497): CodeIgniter\CodeIgniter->runController(Object(App\Controllers\Kelas))
 7 SYSTEMPATH\CodeIgniter.php(340): CodeIgniter\CodeIgniter->handleRequest(null, Object(Config\Cache), false)
 8 SYSTEMPATH\Boot.php(417): CodeIgniter\CodeIgniter->run()
 9 SYSTEMPATH\Boot.php(68): CodeIgniter\Boot::runCodeIgniter(Object(CodeIgniter\CodeIgniter))
10 FCPATH\index.php(59): CodeIgniter\Boot::bootWeb(Object(Config\Paths))
CRITICAL - 2026-05-16 14:53:10 --> [Caused by] CodeIgniter\Database\Exceptions\DatabaseException: Unknown column 'pendidikan.id' in 'on clause'
in SYSTEMPATH\Database\MySQLi\Connection.php on line 310.
 1 SYSTEMPATH\Database\BaseConnection.php(910): CodeIgniter\Database\MySQLi\Connection->execute('SELECT *
FROM `kelas`
JOIN `guru` ON `guru`.`id` = `kelas`.`id_guru`
JOIN `pendidikan` ON `pendidikan`.`id` = `kelas`.`id_pendidikan`')
 2 SYSTEMPATH\Database\BaseConnection.php(827): CodeIgniter\Database\BaseConnection->simpleQuery('SELECT *
FROM `kelas`
JOIN `guru` ON `guru`.`id` = `kelas`.`id_guru`
JOIN `pendidikan` ON `pendidikan`.`id` = `kelas`.`id_pendidikan`')
 3 SYSTEMPATH\Database\BaseBuilder.php(1649): CodeIgniter\Database\BaseConnection->query('SELECT *
FROM `kelas`
JOIN `guru` ON `guru`.`id` = `kelas`.`id_guru`
JOIN `pendidikan` ON `pendidikan`.`id` = `kelas`.`id_pendidikan`', [], false)
 4 SYSTEMPATH\Model.php(253): CodeIgniter\Database\BaseBuilder->get()
 5 SYSTEMPATH\BaseModel.php(676): CodeIgniter\Model->doFindAll(0, 0)
 6 APPPATH\Controllers\Kelas.php(28): CodeIgniter\BaseModel->findAll()
 7 SYSTEMPATH\CodeIgniter.php(951): App\Controllers\Kelas->index()
 8 SYSTEMPATH\CodeIgniter.php(497): CodeIgniter\CodeIgniter->runController(Object(App\Controllers\Kelas))
 9 SYSTEMPATH\CodeIgniter.php(340): CodeIgniter\CodeIgniter->handleRequest(null, Object(Config\Cache), false)
10 SYSTEMPATH\Boot.php(417): CodeIgniter\CodeIgniter->run()
11 SYSTEMPATH\Boot.php(68): CodeIgniter\Boot::runCodeIgniter(Object(CodeIgniter\CodeIgniter))
12 FCPATH\index.php(59): CodeIgniter\Boot::bootWeb(Object(Config\Paths))
CRITICAL - 2026-05-16 14:53:10 --> [Caused by] mysqli_sql_exception: Unknown column 'pendidikan.id' in 'on clause'
in SYSTEMPATH\Database\MySQLi\Connection.php on line 300.
 1 SYSTEMPATH\Database\MySQLi\Connection.php(300): mysqli->query('SELECT *
FROM `kelas`
JOIN `guru` ON `guru`.`id` = `kelas`.`id_guru`
JOIN `pendidikan` ON `pendidikan`.`id` = `kelas`.`id_pendidikan`', 0)
 2 SYSTEMPATH\Database\BaseConnection.php(910): CodeIgniter\Database\MySQLi\Connection->execute('SELECT *
FROM `kelas`
JOIN `guru` ON `guru`.`id` = `kelas`.`id_guru`
JOIN `pendidikan` ON `pendidikan`.`id` = `kelas`.`id_pendidikan`')
 3 SYSTEMPATH\Database\BaseConnection.php(827): CodeIgniter\Database\BaseConnection->simpleQuery('SELECT *
FROM `kelas`
JOIN `guru` ON `guru`.`id` = `kelas`.`id_guru`
JOIN `pendidikan` ON `pendidikan`.`id` = `kelas`.`id_pendidikan`')
 4 SYSTEMPATH\Database\BaseBuilder.php(1649): CodeIgniter\Database\BaseConnection->query('SELECT *
FROM `kelas`
JOIN `guru` ON `guru`.`id` = `kelas`.`id_guru`
JOIN `pendidikan` ON `pendidikan`.`id` = `kelas`.`id_pendidikan`', [], false)
 5 SYSTEMPATH\Model.php(253): CodeIgniter\Database\BaseBuilder->get()
 6 SYSTEMPATH\BaseModel.php(676): CodeIgniter\Model->doFindAll(0, 0)
 7 APPPATH\Controllers\Kelas.php(28): CodeIgniter\BaseModel->findAll()
 8 SYSTEMPATH\CodeIgniter.php(951): App\Controllers\Kelas->index()
 9 SYSTEMPATH\CodeIgniter.php(497): CodeIgniter\CodeIgniter->runController(Object(App\Controllers\Kelas))
10 SYSTEMPATH\CodeIgniter.php(340): CodeIgniter\CodeIgniter->handleRequest(null, Object(Config\Cache), false)
11 SYSTEMPATH\Boot.php(417): CodeIgniter\CodeIgniter->run()
12 SYSTEMPATH\Boot.php(68): CodeIgniter\Boot::runCodeIgniter(Object(CodeIgniter\CodeIgniter))
13 FCPATH\index.php(59): CodeIgniter\Boot::bootWeb(Object(Config\Paths))
ERROR - 2026-05-16 14:57:21 --> Unknown column 'kelas.id_pendidikan' in 'on clause'
in SYSTEMPATH\Database\MySQLi\Connection.php on line 300.
 1 SYSTEMPATH\Database\MySQLi\Connection.php(300): mysqli->query('SELECT `kelas`.*, `guru`.`nama_guru`, `pendidikan`.`nama`
FROM `kelas`
JOIN `guru` ON `guru`.`id` = `kelas`.`id_guru`
JOIN `pendidikan` ON `pendidikan`.`id_pendidikan` = `kelas`.`id_pendidikan`', 0)
 2 SYSTEMPATH\Database\BaseConnection.php(910): CodeIgniter\Database\MySQLi\Connection->execute('SELECT `kelas`.*, `guru`.`nama_guru`, `pendidikan`.`nama`
FROM `kelas`
JOIN `guru` ON `guru`.`id` = `kelas`.`id_guru`
JOIN `pendidikan` ON `pendidikan`.`id_pendidikan` = `kelas`.`id_pendidikan`')
 3 SYSTEMPATH\Database\BaseConnection.php(827): CodeIgniter\Database\BaseConnection->simpleQuery('SELECT `kelas`.*, `guru`.`nama_guru`, `pendidikan`.`nama`
FROM `kelas`
JOIN `guru` ON `guru`.`id` = `kelas`.`id_guru`
JOIN `pendidikan` ON `pendidikan`.`id_pendidikan` = `kelas`.`id_pendidikan`')
 4 SYSTEMPATH\Database\BaseBuilder.php(1649): CodeIgniter\Database\BaseConnection->query('SELECT `kelas`.*, `guru`.`nama_guru`, `pendidikan`.`nama`
FROM `kelas`
JOIN `guru` ON `guru`.`id` = `kelas`.`id_guru`
JOIN `pendidikan` ON `pendidikan`.`id_pendidikan` = `kelas`.`id_pendidikan`', [], false)
 5 SYSTEMPATH\Model.php(253): CodeIgniter\Database\BaseBuilder->get()
 6 SYSTEMPATH\BaseModel.php(676): CodeIgniter\Model->doFindAll(0, 0)
 7 APPPATH\Controllers\Kelas.php(31): CodeIgniter\BaseModel->findAll()
 8 SYSTEMPATH\CodeIgniter.php(951): App\Controllers\Kelas->index()
 9 SYSTEMPATH\CodeIgniter.php(497): CodeIgniter\CodeIgniter->runController(Object(App\Controllers\Kelas))
10 SYSTEMPATH\CodeIgniter.php(340): CodeIgniter\CodeIgniter->handleRequest(null, Object(Config\Cache), false)
11 SYSTEMPATH\Boot.php(417): CodeIgniter\CodeIgniter->run()
12 SYSTEMPATH\Boot.php(68): CodeIgniter\Boot::runCodeIgniter(Object(CodeIgniter\CodeIgniter))
13 FCPATH\index.php(59): CodeIgniter\Boot::bootWeb(Object(Config\Paths))
CRITICAL - 2026-05-16 14:57:21 --> CodeIgniter\Database\Exceptions\DatabaseException: Unknown column 'kelas.id_pendidikan' in 'on clause'
[Method: GET, Route: kelas]
in SYSTEMPATH\Database\BaseConnection.php on line 865.
 1 SYSTEMPATH\Database\BaseBuilder.php(1649): CodeIgniter\Database\BaseConnection->query('SELECT `kelas`.*, `guru`.`nama_guru`, `pendidikan`.`nama`
FROM `kelas`
JOIN `guru` ON `guru`.`id` = `kelas`.`id_guru`
JOIN `pendidikan` ON `pendidikan`.`id_pendidikan` = `kelas`.`id_pendidikan`', [], false)
 2 SYSTEMPATH\Model.php(253): CodeIgniter\Database\BaseBuilder->get()
 3 SYSTEMPATH\BaseModel.php(676): CodeIgniter\Model->doFindAll(0, 0)
 4 APPPATH\Controllers\Kelas.php(31): CodeIgniter\BaseModel->findAll()
 5 SYSTEMPATH\CodeIgniter.php(951): App\Controllers\Kelas->index()
 6 SYSTEMPATH\CodeIgniter.php(497): CodeIgniter\CodeIgniter->runController(Object(App\Controllers\Kelas))
 7 SYSTEMPATH\CodeIgniter.php(340): CodeIgniter\CodeIgniter->handleRequest(null, Object(Config\Cache), false)
 8 SYSTEMPATH\Boot.php(417): CodeIgniter\CodeIgniter->run()
 9 SYSTEMPATH\Boot.php(68): CodeIgniter\Boot::runCodeIgniter(Object(CodeIgniter\CodeIgniter))
10 FCPATH\index.php(59): CodeIgniter\Boot::bootWeb(Object(Config\Paths))
CRITICAL - 2026-05-16 14:57:21 --> [Caused by] CodeIgniter\Database\Exceptions\DatabaseException: Unknown column 'kelas.id_pendidikan' in 'on clause'
in SYSTEMPATH\Database\MySQLi\Connection.php on line 310.
 1 SYSTEMPATH\Database\BaseConnection.php(910): CodeIgniter\Database\MySQLi\Connection->execute('SELECT `kelas`.*, `guru`.`nama_guru`, `pendidikan`.`nama`
FROM `kelas`
JOIN `guru` ON `guru`.`id` = `kelas`.`id_guru`
JOIN `pendidikan` ON `pendidikan`.`id_pendidikan` = `kelas`.`id_pendidikan`')
 2 SYSTEMPATH\Database\BaseConnection.php(827): CodeIgniter\Database\BaseConnection->simpleQuery('SELECT `kelas`.*, `guru`.`nama_guru`, `pendidikan`.`nama`
FROM `kelas`
JOIN `guru` ON `guru`.`id` = `kelas`.`id_guru`
JOIN `pendidikan` ON `pendidikan`.`id_pendidikan` = `kelas`.`id_pendidikan`')
 3 SYSTEMPATH\Database\BaseBuilder.php(1649): CodeIgniter\Database\BaseConnection->query('SELECT `kelas`.*, `guru`.`nama_guru`, `pendidikan`.`nama`
FROM `kelas`
JOIN `guru` ON `guru`.`id` = `kelas`.`id_guru`
JOIN `pendidikan` ON `pendidikan`.`id_pendidikan` = `kelas`.`id_pendidikan`', [], false)
 4 SYSTEMPATH\Model.php(253): CodeIgniter\Database\BaseBuilder->get()
 5 SYSTEMPATH\BaseModel.php(676): CodeIgniter\Model->doFindAll(0, 0)
 6 APPPATH\Controllers\Kelas.php(31): CodeIgniter\BaseModel->findAll()
 7 SYSTEMPATH\CodeIgniter.php(951): App\Controllers\Kelas->index()
 8 SYSTEMPATH\CodeIgniter.php(497): CodeIgniter\CodeIgniter->runController(Object(App\Controllers\Kelas))
 9 SYSTEMPATH\CodeIgniter.php(340): CodeIgniter\CodeIgniter->handleRequest(null, Object(Config\Cache), false)
10 SYSTEMPATH\Boot.php(417): CodeIgniter\CodeIgniter->run()
11 SYSTEMPATH\Boot.php(68): CodeIgniter\Boot::runCodeIgniter(Object(CodeIgniter\CodeIgniter))
12 FCPATH\index.php(59): CodeIgniter\Boot::bootWeb(Object(Config\Paths))
CRITICAL - 2026-05-16 14:57:21 --> [Caused by] mysqli_sql_exception: Unknown column 'kelas.id_pendidikan' in 'on clause'
in SYSTEMPATH\Database\MySQLi\Connection.php on line 300.
 1 SYSTEMPATH\Database\MySQLi\Connection.php(300): mysqli->query('SELECT `kelas`.*, `guru`.`nama_guru`, `pendidikan`.`nama`
FROM `kelas`
JOIN `guru` ON `guru`.`id` = `kelas`.`id_guru`
JOIN `pendidikan` ON `pendidikan`.`id_pendidikan` = `kelas`.`id_pendidikan`', 0)
 2 SYSTEMPATH\Database\BaseConnection.php(910): CodeIgniter\Database\MySQLi\Connection->execute('SELECT `kelas`.*, `guru`.`nama_guru`, `pendidikan`.`nama`
FROM `kelas`
JOIN `guru` ON `guru`.`id` = `kelas`.`id_guru`
JOIN `pendidikan` ON `pendidikan`.`id_pendidikan` = `kelas`.`id_pendidikan`')
 3 SYSTEMPATH\Database\BaseConnection.php(827): CodeIgniter\Database\BaseConnection->simpleQuery('SELECT `kelas`.*, `guru`.`nama_guru`, `pendidikan`.`nama`
FROM `kelas`
JOIN `guru` ON `guru`.`id` = `kelas`.`id_guru`
JOIN `pendidikan` ON `pendidikan`.`id_pendidikan` = `kelas`.`id_pendidikan`')
 4 SYSTEMPATH\Database\BaseBuilder.php(1649): CodeIgniter\Database\BaseConnection->query('SELECT `kelas`.*, `guru`.`nama_guru`, `pendidikan`.`nama`
FROM `kelas`
JOIN `guru` ON `guru`.`id` = `kelas`.`id_guru`
JOIN `pendidikan` ON `pendidikan`.`id_pendidikan` = `kelas`.`id_pendidikan`', [], false)
 5 SYSTEMPATH\Model.php(253): CodeIgniter\Database\BaseBuilder->get()
 6 SYSTEMPATH\BaseModel.php(676): CodeIgniter\Model->doFindAll(0, 0)
 7 APPPATH\Controllers\Kelas.php(31): CodeIgniter\BaseModel->findAll()
 8 SYSTEMPATH\CodeIgniter.php(951): App\Controllers\Kelas->index()
 9 SYSTEMPATH\CodeIgniter.php(497): CodeIgniter\CodeIgniter->runController(Object(App\Controllers\Kelas))
10 SYSTEMPATH\CodeIgniter.php(340): CodeIgniter\CodeIgniter->handleRequest(null, Object(Config\Cache), false)
11 SYSTEMPATH\Boot.php(417): CodeIgniter\CodeIgniter->run()
12 SYSTEMPATH\Boot.php(68): CodeIgniter\Boot::runCodeIgniter(Object(CodeIgniter\CodeIgniter))
13 FCPATH\index.php(59): CodeIgniter\Boot::bootWeb(Object(Config\Paths))
ERROR - 2026-05-16 14:57:21 --> Unknown column 'kelas.id_pendidikan' in 'on clause'
in SYSTEMPATH\Database\MySQLi\Connection.php on line 300.
 1 SYSTEMPATH\Database\MySQLi\Connection.php(300): mysqli->query('SELECT `kelas`.*, `guru`.`nama_guru`, `pendidikan`.`nama`
FROM `kelas`
JOIN `guru` ON `guru`.`id` = `kelas`.`id_guru`
JOIN `pendidikan` ON `pendidikan`.`id_pendidikan` = `kelas`.`id_pendidikan`', 0)
 2 SYSTEMPATH\Database\BaseConnection.php(910): CodeIgniter\Database\MySQLi\Connection->execute('SELECT `kelas`.*, `guru`.`nama_guru`, `pendidikan`.`nama`
FROM `kelas`
JOIN `guru` ON `guru`.`id` = `kelas`.`id_guru`
JOIN `pendidikan` ON `pendidikan`.`id_pendidikan` = `kelas`.`id_pendidikan`')
 3 SYSTEMPATH\Database\BaseConnection.php(827): CodeIgniter\Database\BaseConnection->simpleQuery('SELECT `kelas`.*, `guru`.`nama_guru`, `pendidikan`.`nama`
FROM `kelas`
JOIN `guru` ON `guru`.`id` = `kelas`.`id_guru`
JOIN `pendidikan` ON `pendidikan`.`id_pendidikan` = `kelas`.`id_pendidikan`')
 4 SYSTEMPATH\Database\BaseBuilder.php(1649): CodeIgniter\Database\BaseConnection->query('SELECT `kelas`.*, `guru`.`nama_guru`, `pendidikan`.`nama`
FROM `kelas`
JOIN `guru` ON `guru`.`id` = `kelas`.`id_guru`
JOIN `pendidikan` ON `pendidikan`.`id_pendidikan` = `kelas`.`id_pendidikan`', [], false)
 5 SYSTEMPATH\Model.php(253): CodeIgniter\Database\BaseBuilder->get()
 6 SYSTEMPATH\BaseModel.php(676): CodeIgniter\Model->doFindAll(0, 0)
 7 APPPATH\Controllers\Kelas.php(31): CodeIgniter\BaseModel->findAll()
 8 SYSTEMPATH\CodeIgniter.php(951): App\Controllers\Kelas->index()
 9 SYSTEMPATH\CodeIgniter.php(497): CodeIgniter\CodeIgniter->runController(Object(App\Controllers\Kelas))
10 SYSTEMPATH\CodeIgniter.php(340): CodeIgniter\CodeIgniter->handleRequest(null, Object(Config\Cache), false)
11 SYSTEMPATH\Boot.php(417): CodeIgniter\CodeIgniter->run()
12 SYSTEMPATH\Boot.php(68): CodeIgniter\Boot::runCodeIgniter(Object(CodeIgniter\CodeIgniter))
13 FCPATH\index.php(59): CodeIgniter\Boot::bootWeb(Object(Config\Paths))
CRITICAL - 2026-05-16 14:57:21 --> CodeIgniter\Database\Exceptions\DatabaseException: Unknown column 'kelas.id_pendidikan' in 'on clause'
[Method: GET, Route: kelas]
in SYSTEMPATH\Database\BaseConnection.php on line 865.
 1 SYSTEMPATH\Database\BaseBuilder.php(1649): CodeIgniter\Database\BaseConnection->query('SELECT `kelas`.*, `guru`.`nama_guru`, `pendidikan`.`nama`
FROM `kelas`
JOIN `guru` ON `guru`.`id` = `kelas`.`id_guru`
JOIN `pendidikan` ON `pendidikan`.`id_pendidikan` = `kelas`.`id_pendidikan`', [], false)
 2 SYSTEMPATH\Model.php(253): CodeIgniter\Database\BaseBuilder->get()
 3 SYSTEMPATH\BaseModel.php(676): CodeIgniter\Model->doFindAll(0, 0)
 4 APPPATH\Controllers\Kelas.php(31): CodeIgniter\BaseModel->findAll()
 5 SYSTEMPATH\CodeIgniter.php(951): App\Controllers\Kelas->index()
 6 SYSTEMPATH\CodeIgniter.php(497): CodeIgniter\CodeIgniter->runController(Object(App\Controllers\Kelas))
 7 SYSTEMPATH\CodeIgniter.php(340): CodeIgniter\CodeIgniter->handleRequest(null, Object(Config\Cache), false)
 8 SYSTEMPATH\Boot.php(417): CodeIgniter\CodeIgniter->run()
 9 SYSTEMPATH\Boot.php(68): CodeIgniter\Boot::runCodeIgniter(Object(CodeIgniter\CodeIgniter))
10 FCPATH\index.php(59): CodeIgniter\Boot::bootWeb(Object(Config\Paths))
CRITICAL - 2026-05-16 14:57:21 --> [Caused by] CodeIgniter\Database\Exceptions\DatabaseException: Unknown column 'kelas.id_pendidikan' in 'on clause'
in SYSTEMPATH\Database\MySQLi\Connection.php on line 310.
 1 SYSTEMPATH\Database\BaseConnection.php(910): CodeIgniter\Database\MySQLi\Connection->execute('SELECT `kelas`.*, `guru`.`nama_guru`, `pendidikan`.`nama`
FROM `kelas`
JOIN `guru` ON `guru`.`id` = `kelas`.`id_guru`
JOIN `pendidikan` ON `pendidikan`.`id_pendidikan` = `kelas`.`id_pendidikan`')
 2 SYSTEMPATH\Database\BaseConnection.php(827): CodeIgniter\Database\BaseConnection->simpleQuery('SELECT `kelas`.*, `guru`.`nama_guru`, `pendidikan`.`nama`
FROM `kelas`
JOIN `guru` ON `guru`.`id` = `kelas`.`id_guru`
JOIN `pendidikan` ON `pendidikan`.`id_pendidikan` = `kelas`.`id_pendidikan`')
 3 SYSTEMPATH\Database\BaseBuilder.php(1649): CodeIgniter\Database\BaseConnection->query('SELECT `kelas`.*, `guru`.`nama_guru`, `pendidikan`.`nama`
FROM `kelas`
JOIN `guru` ON `guru`.`id` = `kelas`.`id_guru`
JOIN `pendidikan` ON `pendidikan`.`id_pendidikan` = `kelas`.`id_pendidikan`', [], false)
 4 SYSTEMPATH\Model.php(253): CodeIgniter\Database\BaseBuilder->get()
 5 SYSTEMPATH\BaseModel.php(676): CodeIgniter\Model->doFindAll(0, 0)
 6 APPPATH\Controllers\Kelas.php(31): CodeIgniter\BaseModel->findAll()
 7 SYSTEMPATH\CodeIgniter.php(951): App\Controllers\Kelas->index()
 8 SYSTEMPATH\CodeIgniter.php(497): CodeIgniter\CodeIgniter->runController(Object(App\Controllers\Kelas))
 9 SYSTEMPATH\CodeIgniter.php(340): CodeIgniter\CodeIgniter->handleRequest(null, Object(Config\Cache), false)
10 SYSTEMPATH\Boot.php(417): CodeIgniter\CodeIgniter->run()
11 SYSTEMPATH\Boot.php(68): CodeIgniter\Boot::runCodeIgniter(Object(CodeIgniter\CodeIgniter))
12 FCPATH\index.php(59): CodeIgniter\Boot::bootWeb(Object(Config\Paths))
CRITICAL - 2026-05-16 14:57:21 --> [Caused by] mysqli_sql_exception: Unknown column 'kelas.id_pendidikan' in 'on clause'
in SYSTEMPATH\Database\MySQLi\Connection.php on line 300.
 1 SYSTEMPATH\Database\MySQLi\Connection.php(300): mysqli->query('SELECT `kelas`.*, `guru`.`nama_guru`, `pendidikan`.`nama`
FROM `kelas`
JOIN `guru` ON `guru`.`id` = `kelas`.`id_guru`
JOIN `pendidikan` ON `pendidikan`.`id_pendidikan` = `kelas`.`id_pendidikan`', 0)
 2 SYSTEMPATH\Database\BaseConnection.php(910): CodeIgniter\Database\MySQLi\Connection->execute('SELECT `kelas`.*, `guru`.`nama_guru`, `pendidikan`.`nama`
FROM `kelas`
JOIN `guru` ON `guru`.`id` = `kelas`.`id_guru`
JOIN `pendidikan` ON `pendidikan`.`id_pendidikan` = `kelas`.`id_pendidikan`')
 3 SYSTEMPATH\Database\BaseConnection.php(827): CodeIgniter\Database\BaseConnection->simpleQuery('SELECT `kelas`.*, `guru`.`nama_guru`, `pendidikan`.`nama`
FROM `kelas`
JOIN `guru` ON `guru`.`id` = `kelas`.`id_guru`
JOIN `pendidikan` ON `pendidikan`.`id_pendidikan` = `kelas`.`id_pendidikan`')
 4 SYSTEMPATH\Database\BaseBuilder.php(1649): CodeIgniter\Database\BaseConnection->query('SELECT `kelas`.*, `guru`.`nama_guru`, `pendidikan`.`nama`
FROM `kelas`
JOIN `guru` ON `guru`.`id` = `kelas`.`id_guru`
JOIN `pendidikan` ON `pendidikan`.`id_pendidikan` = `kelas`.`id_pendidikan`', [], false)
 5 SYSTEMPATH\Model.php(253): CodeIgniter\Database\BaseBuilder->get()
 6 SYSTEMPATH\BaseModel.php(676): CodeIgniter\Model->doFindAll(0, 0)
 7 APPPATH\Controllers\Kelas.php(31): CodeIgniter\BaseModel->findAll()
 8 SYSTEMPATH\CodeIgniter.php(951): App\Controllers\Kelas->index()
 9 SYSTEMPATH\CodeIgniter.php(497): CodeIgniter\CodeIgniter->runController(Object(App\Controllers\Kelas))
10 SYSTEMPATH\CodeIgniter.php(340): CodeIgniter\CodeIgniter->handleRequest(null, Object(Config\Cache), false)
11 SYSTEMPATH\Boot.php(417): CodeIgniter\CodeIgniter->run()
12 SYSTEMPATH\Boot.php(68): CodeIgniter\Boot::runCodeIgniter(Object(CodeIgniter\CodeIgniter))
13 FCPATH\index.php(59): CodeIgniter\Boot::bootWeb(Object(Config\Paths))
ERROR - 2026-05-16 14:57:22 --> Unknown column 'kelas.id_pendidikan' in 'on clause'
in SYSTEMPATH\Database\MySQLi\Connection.php on line 300.
 1 SYSTEMPATH\Database\MySQLi\Connection.php(300): mysqli->query('SELECT `kelas`.*, `guru`.`nama_guru`, `pendidikan`.`nama`
FROM `kelas`
JOIN `guru` ON `guru`.`id` = `kelas`.`id_guru`
JOIN `pendidikan` ON `pendidikan`.`id_pendidikan` = `kelas`.`id_pendidikan`', 0)
 2 SYSTEMPATH\Database\BaseConnection.php(910): CodeIgniter\Database\MySQLi\Connection->execute('SELECT `kelas`.*, `guru`.`nama_guru`, `pendidikan`.`nama`
FROM `kelas`
JOIN `guru` ON `guru`.`id` = `kelas`.`id_guru`
JOIN `pendidikan` ON `pendidikan`.`id_pendidikan` = `kelas`.`id_pendidikan`')
 3 SYSTEMPATH\Database\BaseConnection.php(827): CodeIgniter\Database\BaseConnection->simpleQuery('SELECT `kelas`.*, `guru`.`nama_guru`, `pendidikan`.`nama`
FROM `kelas`
JOIN `guru` ON `guru`.`id` = `kelas`.`id_guru`
JOIN `pendidikan` ON `pendidikan`.`id_pendidikan` = `kelas`.`id_pendidikan`')
 4 SYSTEMPATH\Database\BaseBuilder.php(1649): CodeIgniter\Database\BaseConnection->query('SELECT `kelas`.*, `guru`.`nama_guru`, `pendidikan`.`nama`
FROM `kelas`
JOIN `guru` ON `guru`.`id` = `kelas`.`id_guru`
JOIN `pendidikan` ON `pendidikan`.`id_pendidikan` = `kelas`.`id_pendidikan`', [], false)
 5 SYSTEMPATH\Model.php(253): CodeIgniter\Database\BaseBuilder->get()
 6 SYSTEMPATH\BaseModel.php(676): CodeIgniter\Model->doFindAll(0, 0)
 7 APPPATH\Controllers\Kelas.php(31): CodeIgniter\BaseModel->findAll()
 8 SYSTEMPATH\CodeIgniter.php(951): App\Controllers\Kelas->index()
 9 SYSTEMPATH\CodeIgniter.php(497): CodeIgniter\CodeIgniter->runController(Object(App\Controllers\Kelas))
10 SYSTEMPATH\CodeIgniter.php(340): CodeIgniter\CodeIgniter->handleRequest(null, Object(Config\Cache), false)
11 SYSTEMPATH\Boot.php(417): CodeIgniter\CodeIgniter->run()
12 SYSTEMPATH\Boot.php(68): CodeIgniter\Boot::runCodeIgniter(Object(CodeIgniter\CodeIgniter))
13 FCPATH\index.php(59): CodeIgniter\Boot::bootWeb(Object(Config\Paths))
CRITICAL - 2026-05-16 14:57:22 --> CodeIgniter\Database\Exceptions\DatabaseException: Unknown column 'kelas.id_pendidikan' in 'on clause'
[Method: GET, Route: kelas]
in SYSTEMPATH\Database\BaseConnection.php on line 865.
 1 SYSTEMPATH\Database\BaseBuilder.php(1649): CodeIgniter\Database\BaseConnection->query('SELECT `kelas`.*, `guru`.`nama_guru`, `pendidikan`.`nama`
FROM `kelas`
JOIN `guru` ON `guru`.`id` = `kelas`.`id_guru`
JOIN `pendidikan` ON `pendidikan`.`id_pendidikan` = `kelas`.`id_pendidikan`', [], false)
 2 SYSTEMPATH\Model.php(253): CodeIgniter\Database\BaseBuilder->get()
 3 SYSTEMPATH\BaseModel.php(676): CodeIgniter\Model->doFindAll(0, 0)
 4 APPPATH\Controllers\Kelas.php(31): CodeIgniter\BaseModel->findAll()
 5 SYSTEMPATH\CodeIgniter.php(951): App\Controllers\Kelas->index()
 6 SYSTEMPATH\CodeIgniter.php(497): CodeIgniter\CodeIgniter->runController(Object(App\Controllers\Kelas))
 7 SYSTEMPATH\CodeIgniter.php(340): CodeIgniter\CodeIgniter->handleRequest(null, Object(Config\Cache), false)
 8 SYSTEMPATH\Boot.php(417): CodeIgniter\CodeIgniter->run()
 9 SYSTEMPATH\Boot.php(68): CodeIgniter\Boot::runCodeIgniter(Object(CodeIgniter\CodeIgniter))
10 FCPATH\index.php(59): CodeIgniter\Boot::bootWeb(Object(Config\Paths))
CRITICAL - 2026-05-16 14:57:22 --> [Caused by] CodeIgniter\Database\Exceptions\DatabaseException: Unknown column 'kelas.id_pendidikan' in 'on clause'
in SYSTEMPATH\Database\MySQLi\Connection.php on line 310.
 1 SYSTEMPATH\Database\BaseConnection.php(910): CodeIgniter\Database\MySQLi\Connection->execute('SELECT `kelas`.*, `guru`.`nama_guru`, `pendidikan`.`nama`
FROM `kelas`
JOIN `guru` ON `guru`.`id` = `kelas`.`id_guru`
JOIN `pendidikan` ON `pendidikan`.`id_pendidikan` = `kelas`.`id_pendidikan`')
 2 SYSTEMPATH\Database\BaseConnection.php(827): CodeIgniter\Database\BaseConnection->simpleQuery('SELECT `kelas`.*, `guru`.`nama_guru`, `pendidikan`.`nama`
FROM `kelas`
JOIN `guru` ON `guru`.`id` = `kelas`.`id_guru`
JOIN `pendidikan` ON `pendidikan`.`id_pendidikan` = `kelas`.`id_pendidikan`')
 3 SYSTEMPATH\Database\BaseBuilder.php(1649): CodeIgniter\Database\BaseConnection->query('SELECT `kelas`.*, `guru`.`nama_guru`, `pendidikan`.`nama`
FROM `kelas`
JOIN `guru` ON `guru`.`id` = `kelas`.`id_guru`
JOIN `pendidikan` ON `pendidikan`.`id_pendidikan` = `kelas`.`id_pendidikan`', [], false)
 4 SYSTEMPATH\Model.php(253): CodeIgniter\Database\BaseBuilder->get()
 5 SYSTEMPATH\BaseModel.php(676): CodeIgniter\Model->doFindAll(0, 0)
 6 APPPATH\Controllers\Kelas.php(31): CodeIgniter\BaseModel->findAll()
 7 SYSTEMPATH\CodeIgniter.php(951): App\Controllers\Kelas->index()
 8 SYSTEMPATH\CodeIgniter.php(497): CodeIgniter\CodeIgniter->runController(Object(App\Controllers\Kelas))
 9 SYSTEMPATH\CodeIgniter.php(340): CodeIgniter\CodeIgniter->handleRequest(null, Object(Config\Cache), false)
10 SYSTEMPATH\Boot.php(417): CodeIgniter\CodeIgniter->run()
11 SYSTEMPATH\Boot.php(68): CodeIgniter\Boot::runCodeIgniter(Object(CodeIgniter\CodeIgniter))
12 FCPATH\index.php(59): CodeIgniter\Boot::bootWeb(Object(Config\Paths))
CRITICAL - 2026-05-16 14:57:22 --> [Caused by] mysqli_sql_exception: Unknown column 'kelas.id_pendidikan' in 'on clause'
in SYSTEMPATH\Database\MySQLi\Connection.php on line 300.
 1 SYSTEMPATH\Database\MySQLi\Connection.php(300): mysqli->query('SELECT `kelas`.*, `guru`.`nama_guru`, `pendidikan`.`nama`
FROM `kelas`
JOIN `guru` ON `guru`.`id` = `kelas`.`id_guru`
JOIN `pendidikan` ON `pendidikan`.`id_pendidikan` = `kelas`.`id_pendidikan`', 0)
 2 SYSTEMPATH\Database\BaseConnection.php(910): CodeIgniter\Database\MySQLi\Connection->execute('SELECT `kelas`.*, `guru`.`nama_guru`, `pendidikan`.`nama`
FROM `kelas`
JOIN `guru` ON `guru`.`id` = `kelas`.`id_guru`
JOIN `pendidikan` ON `pendidikan`.`id_pendidikan` = `kelas`.`id_pendidikan`')
 3 SYSTEMPATH\Database\BaseConnection.php(827): CodeIgniter\Database\BaseConnection->simpleQuery('SELECT `kelas`.*, `guru`.`nama_guru`, `pendidikan`.`nama`
FROM `kelas`
JOIN `guru` ON `guru`.`id` = `kelas`.`id_guru`
JOIN `pendidikan` ON `pendidikan`.`id_pendidikan` = `kelas`.`id_pendidikan`')
 4 SYSTEMPATH\Database\BaseBuilder.php(1649): CodeIgniter\Database\BaseConnection->query('SELECT `kelas`.*, `guru`.`nama_guru`, `pendidikan`.`nama`
FROM `kelas`
JOIN `guru` ON `guru`.`id` = `kelas`.`id_guru`
JOIN `pendidikan` ON `pendidikan`.`id_pendidikan` = `kelas`.`id_pendidikan`', [], false)
 5 SYSTEMPATH\Model.php(253): CodeIgniter\Database\BaseBuilder->get()
 6 SYSTEMPATH\BaseModel.php(676): CodeIgniter\Model->doFindAll(0, 0)
 7 APPPATH\Controllers\Kelas.php(31): CodeIgniter\BaseModel->findAll()
 8 SYSTEMPATH\CodeIgniter.php(951): App\Controllers\Kelas->index()
 9 SYSTEMPATH\CodeIgniter.php(497): CodeIgniter\CodeIgniter->runController(Object(App\Controllers\Kelas))
10 SYSTEMPATH\CodeIgniter.php(340): CodeIgniter\CodeIgniter->handleRequest(null, Object(Config\Cache), false)
11 SYSTEMPATH\Boot.php(417): CodeIgniter\CodeIgniter->run()
12 SYSTEMPATH\Boot.php(68): CodeIgniter\Boot::runCodeIgniter(Object(CodeIgniter\CodeIgniter))
13 FCPATH\index.php(59): CodeIgniter\Boot::bootWeb(Object(Config\Paths))
ERROR - 2026-05-16 14:57:22 --> Unknown column 'kelas.id_pendidikan' in 'on clause'
in SYSTEMPATH\Database\MySQLi\Connection.php on line 300.
 1 SYSTEMPATH\Database\MySQLi\Connection.php(300): mysqli->query('SELECT `kelas`.*, `guru`.`nama_guru`, `pendidikan`.`nama`
FROM `kelas`
JOIN `guru` ON `guru`.`id` = `kelas`.`id_guru`
JOIN `pendidikan` ON `pendidikan`.`id_pendidikan` = `kelas`.`id_pendidikan`', 0)
 2 SYSTEMPATH\Database\BaseConnection.php(910): CodeIgniter\Database\MySQLi\Connection->execute('SELECT `kelas`.*, `guru`.`nama_guru`, `pendidikan`.`nama`
FROM `kelas`
JOIN `guru` ON `guru`.`id` = `kelas`.`id_guru`
JOIN `pendidikan` ON `pendidikan`.`id_pendidikan` = `kelas`.`id_pendidikan`')
 3 SYSTEMPATH\Database\BaseConnection.php(827): CodeIgniter\Database\BaseConnection->simpleQuery('SELECT `kelas`.*, `guru`.`nama_guru`, `pendidikan`.`nama`
FROM `kelas`
JOIN `guru` ON `guru`.`id` = `kelas`.`id_guru`
JOIN `pendidikan` ON `pendidikan`.`id_pendidikan` = `kelas`.`id_pendidikan`')
 4 SYSTEMPATH\Database\BaseBuilder.php(1649): CodeIgniter\Database\BaseConnection->query('SELECT `kelas`.*, `guru`.`nama_guru`, `pendidikan`.`nama`
FROM `kelas`
JOIN `guru` ON `guru`.`id` = `kelas`.`id_guru`
JOIN `pendidikan` ON `pendidikan`.`id_pendidikan` = `kelas`.`id_pendidikan`', [], false)
 5 SYSTEMPATH\Model.php(253): CodeIgniter\Database\BaseBuilder->get()
 6 SYSTEMPATH\BaseModel.php(676): CodeIgniter\Model->doFindAll(0, 0)
 7 APPPATH\Controllers\Kelas.php(31): CodeIgniter\BaseModel->findAll()
 8 SYSTEMPATH\CodeIgniter.php(951): App\Controllers\Kelas->index()
 9 SYSTEMPATH\CodeIgniter.php(497): CodeIgniter\CodeIgniter->runController(Object(App\Controllers\Kelas))
10 SYSTEMPATH\CodeIgniter.php(340): CodeIgniter\CodeIgniter->handleRequest(null, Object(Config\Cache), false)
11 SYSTEMPATH\Boot.php(417): CodeIgniter\CodeIgniter->run()
12 SYSTEMPATH\Boot.php(68): CodeIgniter\Boot::runCodeIgniter(Object(CodeIgniter\CodeIgniter))
13 FCPATH\index.php(59): CodeIgniter\Boot::bootWeb(Object(Config\Paths))
CRITICAL - 2026-05-16 14:57:22 --> CodeIgniter\Database\Exceptions\DatabaseException: Unknown column 'kelas.id_pendidikan' in 'on clause'
[Method: GET, Route: kelas]
in SYSTEMPATH\Database\BaseConnection.php on line 865.
 1 SYSTEMPATH\Database\BaseBuilder.php(1649): CodeIgniter\Database\BaseConnection->query('SELECT `kelas`.*, `guru`.`nama_guru`, `pendidikan`.`nama`
FROM `kelas`
JOIN `guru` ON `guru`.`id` = `kelas`.`id_guru`
JOIN `pendidikan` ON `pendidikan`.`id_pendidikan` = `kelas`.`id_pendidikan`', [], false)
 2 SYSTEMPATH\Model.php(253): CodeIgniter\Database\BaseBuilder->get()
 3 SYSTEMPATH\BaseModel.php(676): CodeIgniter\Model->doFindAll(0, 0)
 4 APPPATH\Controllers\Kelas.php(31): CodeIgniter\BaseModel->findAll()
 5 SYSTEMPATH\CodeIgniter.php(951): App\Controllers\Kelas->index()
 6 SYSTEMPATH\CodeIgniter.php(497): CodeIgniter\CodeIgniter->runController(Object(App\Controllers\Kelas))
 7 SYSTEMPATH\CodeIgniter.php(340): CodeIgniter\CodeIgniter->handleRequest(null, Object(Config\Cache), false)
 8 SYSTEMPATH\Boot.php(417): CodeIgniter\CodeIgniter->run()
 9 SYSTEMPATH\Boot.php(68): CodeIgniter\Boot::runCodeIgniter(Object(CodeIgniter\CodeIgniter))
10 FCPATH\index.php(59): CodeIgniter\Boot::bootWeb(Object(Config\Paths))
CRITICAL - 2026-05-16 14:57:22 --> [Caused by] CodeIgniter\Database\Exceptions\DatabaseException: Unknown column 'kelas.id_pendidikan' in 'on clause'
in SYSTEMPATH\Database\MySQLi\Connection.php on line 310.
 1 SYSTEMPATH\Database\BaseConnection.php(910): CodeIgniter\Database\MySQLi\Connection->execute('SELECT `kelas`.*, `guru`.`nama_guru`, `pendidikan`.`nama`
FROM `kelas`
JOIN `guru` ON `guru`.`id` = `kelas`.`id_guru`
JOIN `pendidikan` ON `pendidikan`.`id_pendidikan` = `kelas`.`id_pendidikan`')
 2 SYSTEMPATH\Database\BaseConnection.php(827): CodeIgniter\Database\BaseConnection->simpleQuery('SELECT `kelas`.*, `guru`.`nama_guru`, `pendidikan`.`nama`
FROM `kelas`
JOIN `guru` ON `guru`.`id` = `kelas`.`id_guru`
JOIN `pendidikan` ON `pendidikan`.`id_pendidikan` = `kelas`.`id_pendidikan`')
 3 SYSTEMPATH\Database\BaseBuilder.php(1649): CodeIgniter\Database\BaseConnection->query('SELECT `kelas`.*, `guru`.`nama_guru`, `pendidikan`.`nama`
FROM `kelas`
JOIN `guru` ON `guru`.`id` = `kelas`.`id_guru`
JOIN `pendidikan` ON `pendidikan`.`id_pendidikan` = `kelas`.`id_pendidikan`', [], false)
 4 SYSTEMPATH\Model.php(253): CodeIgniter\Database\BaseBuilder->get()
 5 SYSTEMPATH\BaseModel.php(676): CodeIgniter\Model->doFindAll(0, 0)
 6 APPPATH\Controllers\Kelas.php(31): CodeIgniter\BaseModel->findAll()
 7 SYSTEMPATH\CodeIgniter.php(951): App\Controllers\Kelas->index()
 8 SYSTEMPATH\CodeIgniter.php(497): CodeIgniter\CodeIgniter->runController(Object(App\Controllers\Kelas))
 9 SYSTEMPATH\CodeIgniter.php(340): CodeIgniter\CodeIgniter->handleRequest(null, Object(Config\Cache), false)
10 SYSTEMPATH\Boot.php(417): CodeIgniter\CodeIgniter->run()
11 SYSTEMPATH\Boot.php(68): CodeIgniter\Boot::runCodeIgniter(Object(CodeIgniter\CodeIgniter))
12 FCPATH\index.php(59): CodeIgniter\Boot::bootWeb(Object(Config\Paths))
CRITICAL - 2026-05-16 14:57:22 --> [Caused by] mysqli_sql_exception: Unknown column 'kelas.id_pendidikan' in 'on clause'
in SYSTEMPATH\Database\MySQLi\Connection.php on line 300.
 1 SYSTEMPATH\Database\MySQLi\Connection.php(300): mysqli->query('SELECT `kelas`.*, `guru`.`nama_guru`, `pendidikan`.`nama`
FROM `kelas`
JOIN `guru` ON `guru`.`id` = `kelas`.`id_guru`
JOIN `pendidikan` ON `pendidikan`.`id_pendidikan` = `kelas`.`id_pendidikan`', 0)
 2 SYSTEMPATH\Database\BaseConnection.php(910): CodeIgniter\Database\MySQLi\Connection->execute('SELECT `kelas`.*, `guru`.`nama_guru`, `pendidikan`.`nama`
FROM `kelas`
JOIN `guru` ON `guru`.`id` = `kelas`.`id_guru`
JOIN `pendidikan` ON `pendidikan`.`id_pendidikan` = `kelas`.`id_pendidikan`')
 3 SYSTEMPATH\Database\BaseConnection.php(827): CodeIgniter\Database\BaseConnection->simpleQuery('SELECT `kelas`.*, `guru`.`nama_guru`, `pendidikan`.`nama`
FROM `kelas`
JOIN `guru` ON `guru`.`id` = `kelas`.`id_guru`
JOIN `pendidikan` ON `pendidikan`.`id_pendidikan` = `kelas`.`id_pendidikan`')
 4 SYSTEMPATH\Database\BaseBuilder.php(1649): CodeIgniter\Database\BaseConnection->query('SELECT `kelas`.*, `guru`.`nama_guru`, `pendidikan`.`nama`
FROM `kelas`
JOIN `guru` ON `guru`.`id` = `kelas`.`id_guru`
JOIN `pendidikan` ON `pendidikan`.`id_pendidikan` = `kelas`.`id_pendidikan`', [], false)
 5 SYSTEMPATH\Model.php(253): CodeIgniter\Database\BaseBuilder->get()
 6 SYSTEMPATH\BaseModel.php(676): CodeIgniter\Model->doFindAll(0, 0)
 7 APPPATH\Controllers\Kelas.php(31): CodeIgniter\BaseModel->findAll()
 8 SYSTEMPATH\CodeIgniter.php(951): App\Controllers\Kelas->index()
 9 SYSTEMPATH\CodeIgniter.php(497): CodeIgniter\CodeIgniter->runController(Object(App\Controllers\Kelas))
10 SYSTEMPATH\CodeIgniter.php(340): CodeIgniter\CodeIgniter->handleRequest(null, Object(Config\Cache), false)
11 SYSTEMPATH\Boot.php(417): CodeIgniter\CodeIgniter->run()
12 SYSTEMPATH\Boot.php(68): CodeIgniter\Boot::runCodeIgniter(Object(CodeIgniter\CodeIgniter))
13 FCPATH\index.php(59): CodeIgniter\Boot::bootWeb(Object(Config\Paths))
ERROR - 2026-05-16 14:57:22 --> Unknown column 'kelas.id_pendidikan' in 'on clause'
in SYSTEMPATH\Database\MySQLi\Connection.php on line 300.
 1 SYSTEMPATH\Database\MySQLi\Connection.php(300): mysqli->query('SELECT `kelas`.*, `guru`.`nama_guru`, `pendidikan`.`nama`
FROM `kelas`
JOIN `guru` ON `guru`.`id` = `kelas`.`id_guru`
JOIN `pendidikan` ON `pendidikan`.`id_pendidikan` = `kelas`.`id_pendidikan`', 0)
 2 SYSTEMPATH\Database\BaseConnection.php(910): CodeIgniter\Database\MySQLi\Connection->execute('SELECT `kelas`.*, `guru`.`nama_guru`, `pendidikan`.`nama`
FROM `kelas`
JOIN `guru` ON `guru`.`id` = `kelas`.`id_guru`
JOIN `pendidikan` ON `pendidikan`.`id_pendidikan` = `kelas`.`id_pendidikan`')
 3 SYSTEMPATH\Database\BaseConnection.php(827): CodeIgniter\Database\BaseConnection->simpleQuery('SELECT `kelas`.*, `guru`.`nama_guru`, `pendidikan`.`nama`
FROM `kelas`
JOIN `guru` ON `guru`.`id` = `kelas`.`id_guru`
JOIN `pendidikan` ON `pendidikan`.`id_pendidikan` = `kelas`.`id_pendidikan`')
 4 SYSTEMPATH\Database\BaseBuilder.php(1649): CodeIgniter\Database\BaseConnection->query('SELECT `kelas`.*, `guru`.`nama_guru`, `pendidikan`.`nama`
FROM `kelas`
JOIN `guru` ON `guru`.`id` = `kelas`.`id_guru`
JOIN `pendidikan` ON `pendidikan`.`id_pendidikan` = `kelas`.`id_pendidikan`', [], false)
 5 SYSTEMPATH\Model.php(253): CodeIgniter\Database\BaseBuilder->get()
 6 SYSTEMPATH\BaseModel.php(676): CodeIgniter\Model->doFindAll(0, 0)
 7 APPPATH\Controllers\Kelas.php(31): CodeIgniter\BaseModel->findAll()
 8 SYSTEMPATH\CodeIgniter.php(951): App\Controllers\Kelas->index()
 9 SYSTEMPATH\CodeIgniter.php(497): CodeIgniter\CodeIgniter->runController(Object(App\Controllers\Kelas))
10 SYSTEMPATH\CodeIgniter.php(340): CodeIgniter\CodeIgniter->handleRequest(null, Object(Config\Cache), false)
11 SYSTEMPATH\Boot.php(417): CodeIgniter\CodeIgniter->run()
12 SYSTEMPATH\Boot.php(68): CodeIgniter\Boot::runCodeIgniter(Object(CodeIgniter\CodeIgniter))
13 FCPATH\index.php(59): CodeIgniter\Boot::bootWeb(Object(Config\Paths))
CRITICAL - 2026-05-16 14:57:22 --> CodeIgniter\Database\Exceptions\DatabaseException: Unknown column 'kelas.id_pendidikan' in 'on clause'
[Method: GET, Route: kelas]
in SYSTEMPATH\Database\BaseConnection.php on line 865.
 1 SYSTEMPATH\Database\BaseBuilder.php(1649): CodeIgniter\Database\BaseConnection->query('SELECT `kelas`.*, `guru`.`nama_guru`, `pendidikan`.`nama`
FROM `kelas`
JOIN `guru` ON `guru`.`id` = `kelas`.`id_guru`
JOIN `pendidikan` ON `pendidikan`.`id_pendidikan` = `kelas`.`id_pendidikan`', [], false)
 2 SYSTEMPATH\Model.php(253): CodeIgniter\Database\BaseBuilder->get()
 3 SYSTEMPATH\BaseModel.php(676): CodeIgniter\Model->doFindAll(0, 0)
 4 APPPATH\Controllers\Kelas.php(31): CodeIgniter\BaseModel->findAll()
 5 SYSTEMPATH\CodeIgniter.php(951): App\Controllers\Kelas->index()
 6 SYSTEMPATH\CodeIgniter.php(497): CodeIgniter\CodeIgniter->runController(Object(App\Controllers\Kelas))
 7 SYSTEMPATH\CodeIgniter.php(340): CodeIgniter\CodeIgniter->handleRequest(null, Object(Config\Cache), false)
 8 SYSTEMPATH\Boot.php(417): CodeIgniter\CodeIgniter->run()
 9 SYSTEMPATH\Boot.php(68): CodeIgniter\Boot::runCodeIgniter(Object(CodeIgniter\CodeIgniter))
10 FCPATH\index.php(59): CodeIgniter\Boot::bootWeb(Object(Config\Paths))
CRITICAL - 2026-05-16 14:57:22 --> [Caused by] CodeIgniter\Database\Exceptions\DatabaseException: Unknown column 'kelas.id_pendidikan' in 'on clause'
in SYSTEMPATH\Database\MySQLi\Connection.php on line 310.
 1 SYSTEMPATH\Database\BaseConnection.php(910): CodeIgniter\Database\MySQLi\Connection->execute('SELECT `kelas`.*, `guru`.`nama_guru`, `pendidikan`.`nama`
FROM `kelas`
JOIN `guru` ON `guru`.`id` = `kelas`.`id_guru`
JOIN `pendidikan` ON `pendidikan`.`id_pendidikan` = `kelas`.`id_pendidikan`')
 2 SYSTEMPATH\Database\BaseConnection.php(827): CodeIgniter\Database\BaseConnection->simpleQuery('SELECT `kelas`.*, `guru`.`nama_guru`, `pendidikan`.`nama`
FROM `kelas`
JOIN `guru` ON `guru`.`id` = `kelas`.`id_guru`
JOIN `pendidikan` ON `pendidikan`.`id_pendidikan` = `kelas`.`id_pendidikan`')
 3 SYSTEMPATH\Database\BaseBuilder.php(1649): CodeIgniter\Database\BaseConnection->query('SELECT `kelas`.*, `guru`.`nama_guru`, `pendidikan`.`nama`
FROM `kelas`
JOIN `guru` ON `guru`.`id` = `kelas`.`id_guru`
JOIN `pendidikan` ON `pendidikan`.`id_pendidikan` = `kelas`.`id_pendidikan`', [], false)
 4 SYSTEMPATH\Model.php(253): CodeIgniter\Database\BaseBuilder->get()
 5 SYSTEMPATH\BaseModel.php(676): CodeIgniter\Model->doFindAll(0, 0)
 6 APPPATH\Controllers\Kelas.php(31): CodeIgniter\BaseModel->findAll()
 7 SYSTEMPATH\CodeIgniter.php(951): App\Controllers\Kelas->index()
 8 SYSTEMPATH\CodeIgniter.php(497): CodeIgniter\CodeIgniter->runController(Object(App\Controllers\Kelas))
 9 SYSTEMPATH\CodeIgniter.php(340): CodeIgniter\CodeIgniter->handleRequest(null, Object(Config\Cache), false)
10 SYSTEMPATH\Boot.php(417): CodeIgniter\CodeIgniter->run()
11 SYSTEMPATH\Boot.php(68): CodeIgniter\Boot::runCodeIgniter(Object(CodeIgniter\CodeIgniter))
12 FCPATH\index.php(59): CodeIgniter\Boot::bootWeb(Object(Config\Paths))
CRITICAL - 2026-05-16 14:57:22 --> [Caused by] mysqli_sql_exception: Unknown column 'kelas.id_pendidikan' in 'on clause'
in SYSTEMPATH\Database\MySQLi\Connection.php on line 300.
 1 SYSTEMPATH\Database\MySQLi\Connection.php(300): mysqli->query('SELECT `kelas`.*, `guru`.`nama_guru`, `pendidikan`.`nama`
FROM `kelas`
JOIN `guru` ON `guru`.`id` = `kelas`.`id_guru`
JOIN `pendidikan` ON `pendidikan`.`id_pendidikan` = `kelas`.`id_pendidikan`', 0)
 2 SYSTEMPATH\Database\BaseConnection.php(910): CodeIgniter\Database\MySQLi\Connection->execute('SELECT `kelas`.*, `guru`.`nama_guru`, `pendidikan`.`nama`
FROM `kelas`
JOIN `guru` ON `guru`.`id` = `kelas`.`id_guru`
JOIN `pendidikan` ON `pendidikan`.`id_pendidikan` = `kelas`.`id_pendidikan`')
 3 SYSTEMPATH\Database\BaseConnection.php(827): CodeIgniter\Database\BaseConnection->simpleQuery('SELECT `kelas`.*, `guru`.`nama_guru`, `pendidikan`.`nama`
FROM `kelas`
JOIN `guru` ON `guru`.`id` = `kelas`.`id_guru`
JOIN `pendidikan` ON `pendidikan`.`id_pendidikan` = `kelas`.`id_pendidikan`')
 4 SYSTEMPATH\Database\BaseBuilder.php(1649): CodeIgniter\Database\BaseConnection->query('SELECT `kelas`.*, `guru`.`nama_guru`, `pendidikan`.`nama`
FROM `kelas`
JOIN `guru` ON `guru`.`id` = `kelas`.`id_guru`
JOIN `pendidikan` ON `pendidikan`.`id_pendidikan` = `kelas`.`id_pendidikan`', [], false)
 5 SYSTEMPATH\Model.php(253): CodeIgniter\Database\BaseBuilder->get()
 6 SYSTEMPATH\BaseModel.php(676): CodeIgniter\Model->doFindAll(0, 0)
 7 APPPATH\Controllers\Kelas.php(31): CodeIgniter\BaseModel->findAll()
 8 SYSTEMPATH\CodeIgniter.php(951): App\Controllers\Kelas->index()
 9 SYSTEMPATH\CodeIgniter.php(497): CodeIgniter\CodeIgniter->runController(Object(App\Controllers\Kelas))
10 SYSTEMPATH\CodeIgniter.php(340): CodeIgniter\CodeIgniter->handleRequest(null, Object(Config\Cache), false)
11 SYSTEMPATH\Boot.php(417): CodeIgniter\CodeIgniter->run()
12 SYSTEMPATH\Boot.php(68): CodeIgniter\Boot::runCodeIgniter(Object(CodeIgniter\CodeIgniter))
13 FCPATH\index.php(59): CodeIgniter\Boot::bootWeb(Object(Config\Paths))
ERROR - 2026-05-16 14:57:22 --> Unknown column 'kelas.id_pendidikan' in 'on clause'
in SYSTEMPATH\Database\MySQLi\Connection.php on line 300.
 1 SYSTEMPATH\Database\MySQLi\Connection.php(300): mysqli->query('SELECT `kelas`.*, `guru`.`nama_guru`, `pendidikan`.`nama`
FROM `kelas`
JOIN `guru` ON `guru`.`id` = `kelas`.`id_guru`
JOIN `pendidikan` ON `pendidikan`.`id_pendidikan` = `kelas`.`id_pendidikan`', 0)
 2 SYSTEMPATH\Database\BaseConnection.php(910): CodeIgniter\Database\MySQLi\Connection->execute('SELECT `kelas`.*, `guru`.`nama_guru`, `pendidikan`.`nama`
FROM `kelas`
JOIN `guru` ON `guru`.`id` = `kelas`.`id_guru`
JOIN `pendidikan` ON `pendidikan`.`id_pendidikan` = `kelas`.`id_pendidikan`')
 3 SYSTEMPATH\Database\BaseConnection.php(827): CodeIgniter\Database\BaseConnection->simpleQuery('SELECT `kelas`.*, `guru`.`nama_guru`, `pendidikan`.`nama`
FROM `kelas`
JOIN `guru` ON `guru`.`id` = `kelas`.`id_guru`
JOIN `pendidikan` ON `pendidikan`.`id_pendidikan` = `kelas`.`id_pendidikan`')
 4 SYSTEMPATH\Database\BaseBuilder.php(1649): CodeIgniter\Database\BaseConnection->query('SELECT `kelas`.*, `guru`.`nama_guru`, `pendidikan`.`nama`
FROM `kelas`
JOIN `guru` ON `guru`.`id` = `kelas`.`id_guru`
JOIN `pendidikan` ON `pendidikan`.`id_pendidikan` = `kelas`.`id_pendidikan`', [], false)
 5 SYSTEMPATH\Model.php(253): CodeIgniter\Database\BaseBuilder->get()
 6 SYSTEMPATH\BaseModel.php(676): CodeIgniter\Model->doFindAll(0, 0)
 7 APPPATH\Controllers\Kelas.php(31): CodeIgniter\BaseModel->findAll()
 8 SYSTEMPATH\CodeIgniter.php(951): App\Controllers\Kelas->index()
 9 SYSTEMPATH\CodeIgniter.php(497): CodeIgniter\CodeIgniter->runController(Object(App\Controllers\Kelas))
10 SYSTEMPATH\CodeIgniter.php(340): CodeIgniter\CodeIgniter->handleRequest(null, Object(Config\Cache), false)
11 SYSTEMPATH\Boot.php(417): CodeIgniter\CodeIgniter->run()
12 SYSTEMPATH\Boot.php(68): CodeIgniter\Boot::runCodeIgniter(Object(CodeIgniter\CodeIgniter))
13 FCPATH\index.php(59): CodeIgniter\Boot::bootWeb(Object(Config\Paths))
CRITICAL - 2026-05-16 14:57:22 --> CodeIgniter\Database\Exceptions\DatabaseException: Unknown column 'kelas.id_pendidikan' in 'on clause'
[Method: GET, Route: kelas]
in SYSTEMPATH\Database\BaseConnection.php on line 865.
 1 SYSTEMPATH\Database\BaseBuilder.php(1649): CodeIgniter\Database\BaseConnection->query('SELECT `kelas`.*, `guru`.`nama_guru`, `pendidikan`.`nama`
FROM `kelas`
JOIN `guru` ON `guru`.`id` = `kelas`.`id_guru`
JOIN `pendidikan` ON `pendidikan`.`id_pendidikan` = `kelas`.`id_pendidikan`', [], false)
 2 SYSTEMPATH\Model.php(253): CodeIgniter\Database\BaseBuilder->get()
 3 SYSTEMPATH\BaseModel.php(676): CodeIgniter\Model->doFindAll(0, 0)
 4 APPPATH\Controllers\Kelas.php(31): CodeIgniter\BaseModel->findAll()
 5 SYSTEMPATH\CodeIgniter.php(951): App\Controllers\Kelas->index()
 6 SYSTEMPATH\CodeIgniter.php(497): CodeIgniter\CodeIgniter->runController(Object(App\Controllers\Kelas))
 7 SYSTEMPATH\CodeIgniter.php(340): CodeIgniter\CodeIgniter->handleRequest(null, Object(Config\Cache), false)
 8 SYSTEMPATH\Boot.php(417): CodeIgniter\CodeIgniter->run()
 9 SYSTEMPATH\Boot.php(68): CodeIgniter\Boot::runCodeIgniter(Object(CodeIgniter\CodeIgniter))
10 FCPATH\index.php(59): CodeIgniter\Boot::bootWeb(Object(Config\Paths))
CRITICAL - 2026-05-16 14:57:22 --> [Caused by] CodeIgniter\Database\Exceptions\DatabaseException: Unknown column 'kelas.id_pendidikan' in 'on clause'
in SYSTEMPATH\Database\MySQLi\Connection.php on line 310.
 1 SYSTEMPATH\Database\BaseConnection.php(910): CodeIgniter\Database\MySQLi\Connection->execute('SELECT `kelas`.*, `guru`.`nama_guru`, `pendidikan`.`nama`
FROM `kelas`
JOIN `guru` ON `guru`.`id` = `kelas`.`id_guru`
JOIN `pendidikan` ON `pendidikan`.`id_pendidikan` = `kelas`.`id_pendidikan`')
 2 SYSTEMPATH\Database\BaseConnection.php(827): CodeIgniter\Database\BaseConnection->simpleQuery('SELECT `kelas`.*, `guru`.`nama_guru`, `pendidikan`.`nama`
FROM `kelas`
JOIN `guru` ON `guru`.`id` = `kelas`.`id_guru`
JOIN `pendidikan` ON `pendidikan`.`id_pendidikan` = `kelas`.`id_pendidikan`')
 3 SYSTEMPATH\Database\BaseBuilder.php(1649): CodeIgniter\Database\BaseConnection->query('SELECT `kelas`.*, `guru`.`nama_guru`, `pendidikan`.`nama`
FROM `kelas`
JOIN `guru` ON `guru`.`id` = `kelas`.`id_guru`
JOIN `pendidikan` ON `pendidikan`.`id_pendidikan` = `kelas`.`id_pendidikan`', [], false)
 4 SYSTEMPATH\Model.php(253): CodeIgniter\Database\BaseBuilder->get()
 5 SYSTEMPATH\BaseModel.php(676): CodeIgniter\Model->doFindAll(0, 0)
 6 APPPATH\Controllers\Kelas.php(31): CodeIgniter\BaseModel->findAll()
 7 SYSTEMPATH\CodeIgniter.php(951): App\Controllers\Kelas->index()
 8 SYSTEMPATH\CodeIgniter.php(497): CodeIgniter\CodeIgniter->runController(Object(App\Controllers\Kelas))
 9 SYSTEMPATH\CodeIgniter.php(340): CodeIgniter\CodeIgniter->handleRequest(null, Object(Config\Cache), false)
10 SYSTEMPATH\Boot.php(417): CodeIgniter\CodeIgniter->run()
11 SYSTEMPATH\Boot.php(68): CodeIgniter\Boot::runCodeIgniter(Object(CodeIgniter\CodeIgniter))
12 FCPATH\index.php(59): CodeIgniter\Boot::bootWeb(Object(Config\Paths))
CRITICAL - 2026-05-16 14:57:22 --> [Caused by] mysqli_sql_exception: Unknown column 'kelas.id_pendidikan' in 'on clause'
in SYSTEMPATH\Database\MySQLi\Connection.php on line 300.
 1 SYSTEMPATH\Database\MySQLi\Connection.php(300): mysqli->query('SELECT `kelas`.*, `guru`.`nama_guru`, `pendidikan`.`nama`
FROM `kelas`
JOIN `guru` ON `guru`.`id` = `kelas`.`id_guru`
JOIN `pendidikan` ON `pendidikan`.`id_pendidikan` = `kelas`.`id_pendidikan`', 0)
 2 SYSTEMPATH\Database\BaseConnection.php(910): CodeIgniter\Database\MySQLi\Connection->execute('SELECT `kelas`.*, `guru`.`nama_guru`, `pendidikan`.`nama`
FROM `kelas`
JOIN `guru` ON `guru`.`id` = `kelas`.`id_guru`
JOIN `pendidikan` ON `pendidikan`.`id_pendidikan` = `kelas`.`id_pendidikan`')
 3 SYSTEMPATH\Database\BaseConnection.php(827): CodeIgniter\Database\BaseConnection->simpleQuery('SELECT `kelas`.*, `guru`.`nama_guru`, `pendidikan`.`nama`
FROM `kelas`
JOIN `guru` ON `guru`.`id` = `kelas`.`id_guru`
JOIN `pendidikan` ON `pendidikan`.`id_pendidikan` = `kelas`.`id_pendidikan`')
 4 SYSTEMPATH\Database\BaseBuilder.php(1649): CodeIgniter\Database\BaseConnection->query('SELECT `kelas`.*, `guru`.`nama_guru`, `pendidikan`.`nama`
FROM `kelas`
JOIN `guru` ON `guru`.`id` = `kelas`.`id_guru`
JOIN `pendidikan` ON `pendidikan`.`id_pendidikan` = `kelas`.`id_pendidikan`', [], false)
 5 SYSTEMPATH\Model.php(253): CodeIgniter\Database\BaseBuilder->get()
 6 SYSTEMPATH\BaseModel.php(676): CodeIgniter\Model->doFindAll(0, 0)
 7 APPPATH\Controllers\Kelas.php(31): CodeIgniter\BaseModel->findAll()
 8 SYSTEMPATH\CodeIgniter.php(951): App\Controllers\Kelas->index()
 9 SYSTEMPATH\CodeIgniter.php(497): CodeIgniter\CodeIgniter->runController(Object(App\Controllers\Kelas))
10 SYSTEMPATH\CodeIgniter.php(340): CodeIgniter\CodeIgniter->handleRequest(null, Object(Config\Cache), false)
11 SYSTEMPATH\Boot.php(417): CodeIgniter\CodeIgniter->run()
12 SYSTEMPATH\Boot.php(68): CodeIgniter\Boot::runCodeIgniter(Object(CodeIgniter\CodeIgniter))
13 FCPATH\index.php(59): CodeIgniter\Boot::bootWeb(Object(Config\Paths))
ERROR - 2026-05-16 14:57:23 --> Unknown column 'kelas.id_pendidikan' in 'on clause'
in SYSTEMPATH\Database\MySQLi\Connection.php on line 300.
 1 SYSTEMPATH\Database\MySQLi\Connection.php(300): mysqli->query('SELECT `kelas`.*, `guru`.`nama_guru`, `pendidikan`.`nama`
FROM `kelas`
JOIN `guru` ON `guru`.`id` = `kelas`.`id_guru`
JOIN `pendidikan` ON `pendidikan`.`id_pendidikan` = `kelas`.`id_pendidikan`', 0)
 2 SYSTEMPATH\Database\BaseConnection.php(910): CodeIgniter\Database\MySQLi\Connection->execute('SELECT `kelas`.*, `guru`.`nama_guru`, `pendidikan`.`nama`
FROM `kelas`
JOIN `guru` ON `guru`.`id` = `kelas`.`id_guru`
JOIN `pendidikan` ON `pendidikan`.`id_pendidikan` = `kelas`.`id_pendidikan`')
 3 SYSTEMPATH\Database\BaseConnection.php(827): CodeIgniter\Database\BaseConnection->simpleQuery('SELECT `kelas`.*, `guru`.`nama_guru`, `pendidikan`.`nama`
FROM `kelas`
JOIN `guru` ON `guru`.`id` = `kelas`.`id_guru`
JOIN `pendidikan` ON `pendidikan`.`id_pendidikan` = `kelas`.`id_pendidikan`')
 4 SYSTEMPATH\Database\BaseBuilder.php(1649): CodeIgniter\Database\BaseConnection->query('SELECT `kelas`.*, `guru`.`nama_guru`, `pendidikan`.`nama`
FROM `kelas`
JOIN `guru` ON `guru`.`id` = `kelas`.`id_guru`
JOIN `pendidikan` ON `pendidikan`.`id_pendidikan` = `kelas`.`id_pendidikan`', [], false)
 5 SYSTEMPATH\Model.php(253): CodeIgniter\Database\BaseBuilder->get()
 6 SYSTEMPATH\BaseModel.php(676): CodeIgniter\Model->doFindAll(0, 0)
 7 APPPATH\Controllers\Kelas.php(31): CodeIgniter\BaseModel->findAll()
 8 SYSTEMPATH\CodeIgniter.php(951): App\Controllers\Kelas->index()
 9 SYSTEMPATH\CodeIgniter.php(497): CodeIgniter\CodeIgniter->runController(Object(App\Controllers\Kelas))
10 SYSTEMPATH\CodeIgniter.php(340): CodeIgniter\CodeIgniter->handleRequest(null, Object(Config\Cache), false)
11 SYSTEMPATH\Boot.php(417): CodeIgniter\CodeIgniter->run()
12 SYSTEMPATH\Boot.php(68): CodeIgniter\Boot::runCodeIgniter(Object(CodeIgniter\CodeIgniter))
13 FCPATH\index.php(59): CodeIgniter\Boot::bootWeb(Object(Config\Paths))
CRITICAL - 2026-05-16 14:57:23 --> CodeIgniter\Database\Exceptions\DatabaseException: Unknown column 'kelas.id_pendidikan' in 'on clause'
[Method: GET, Route: kelas]
in SYSTEMPATH\Database\BaseConnection.php on line 865.
 1 SYSTEMPATH\Database\BaseBuilder.php(1649): CodeIgniter\Database\BaseConnection->query('SELECT `kelas`.*, `guru`.`nama_guru`, `pendidikan`.`nama`
FROM `kelas`
JOIN `guru` ON `guru`.`id` = `kelas`.`id_guru`
JOIN `pendidikan` ON `pendidikan`.`id_pendidikan` = `kelas`.`id_pendidikan`', [], false)
 2 SYSTEMPATH\Model.php(253): CodeIgniter\Database\BaseBuilder->get()
 3 SYSTEMPATH\BaseModel.php(676): CodeIgniter\Model->doFindAll(0, 0)
 4 APPPATH\Controllers\Kelas.php(31): CodeIgniter\BaseModel->findAll()
 5 SYSTEMPATH\CodeIgniter.php(951): App\Controllers\Kelas->index()
 6 SYSTEMPATH\CodeIgniter.php(497): CodeIgniter\CodeIgniter->runController(Object(App\Controllers\Kelas))
 7 SYSTEMPATH\CodeIgniter.php(340): CodeIgniter\CodeIgniter->handleRequest(null, Object(Config\Cache), false)
 8 SYSTEMPATH\Boot.php(417): CodeIgniter\CodeIgniter->run()
 9 SYSTEMPATH\Boot.php(68): CodeIgniter\Boot::runCodeIgniter(Object(CodeIgniter\CodeIgniter))
10 FCPATH\index.php(59): CodeIgniter\Boot::bootWeb(Object(Config\Paths))
CRITICAL - 2026-05-16 14:57:23 --> [Caused by] CodeIgniter\Database\Exceptions\DatabaseException: Unknown column 'kelas.id_pendidikan' in 'on clause'
in SYSTEMPATH\Database\MySQLi\Connection.php on line 310.
 1 SYSTEMPATH\Database\BaseConnection.php(910): CodeIgniter\Database\MySQLi\Connection->execute('SELECT `kelas`.*, `guru`.`nama_guru`, `pendidikan`.`nama`
FROM `kelas`
JOIN `guru` ON `guru`.`id` = `kelas`.`id_guru`
JOIN `pendidikan` ON `pendidikan`.`id_pendidikan` = `kelas`.`id_pendidikan`')
 2 SYSTEMPATH\Database\BaseConnection.php(827): CodeIgniter\Database\BaseConnection->simpleQuery('SELECT `kelas`.*, `guru`.`nama_guru`, `pendidikan`.`nama`
FROM `kelas`
JOIN `guru` ON `guru`.`id` = `kelas`.`id_guru`
JOIN `pendidikan` ON `pendidikan`.`id_pendidikan` = `kelas`.`id_pendidikan`')
 3 SYSTEMPATH\Database\BaseBuilder.php(1649): CodeIgniter\Database\BaseConnection->query('SELECT `kelas`.*, `guru`.`nama_guru`, `pendidikan`.`nama`
FROM `kelas`
JOIN `guru` ON `guru`.`id` = `kelas`.`id_guru`
JOIN `pendidikan` ON `pendidikan`.`id_pendidikan` = `kelas`.`id_pendidikan`', [], false)
 4 SYSTEMPATH\Model.php(253): CodeIgniter\Database\BaseBuilder->get()
 5 SYSTEMPATH\BaseModel.php(676): CodeIgniter\Model->doFindAll(0, 0)
 6 APPPATH\Controllers\Kelas.php(31): CodeIgniter\BaseModel->findAll()
 7 SYSTEMPATH\CodeIgniter.php(951): App\Controllers\Kelas->index()
 8 SYSTEMPATH\CodeIgniter.php(497): CodeIgniter\CodeIgniter->runController(Object(App\Controllers\Kelas))
 9 SYSTEMPATH\CodeIgniter.php(340): CodeIgniter\CodeIgniter->handleRequest(null, Object(Config\Cache), false)
10 SYSTEMPATH\Boot.php(417): CodeIgniter\CodeIgniter->run()
11 SYSTEMPATH\Boot.php(68): CodeIgniter\Boot::runCodeIgniter(Object(CodeIgniter\CodeIgniter))
12 FCPATH\index.php(59): CodeIgniter\Boot::bootWeb(Object(Config\Paths))
CRITICAL - 2026-05-16 14:57:23 --> [Caused by] mysqli_sql_exception: Unknown column 'kelas.id_pendidikan' in 'on clause'
in SYSTEMPATH\Database\MySQLi\Connection.php on line 300.
 1 SYSTEMPATH\Database\MySQLi\Connection.php(300): mysqli->query('SELECT `kelas`.*, `guru`.`nama_guru`, `pendidikan`.`nama`
FROM `kelas`
JOIN `guru` ON `guru`.`id` = `kelas`.`id_guru`
JOIN `pendidikan` ON `pendidikan`.`id_pendidikan` = `kelas`.`id_pendidikan`', 0)
 2 SYSTEMPATH\Database\BaseConnection.php(910): CodeIgniter\Database\MySQLi\Connection->execute('SELECT `kelas`.*, `guru`.`nama_guru`, `pendidikan`.`nama`
FROM `kelas`
JOIN `guru` ON `guru`.`id` = `kelas`.`id_guru`
JOIN `pendidikan` ON `pendidikan`.`id_pendidikan` = `kelas`.`id_pendidikan`')
 3 SYSTEMPATH\Database\BaseConnection.php(827): CodeIgniter\Database\BaseConnection->simpleQuery('SELECT `kelas`.*, `guru`.`nama_guru`, `pendidikan`.`nama`
FROM `kelas`
JOIN `guru` ON `guru`.`id` = `kelas`.`id_guru`
JOIN `pendidikan` ON `pendidikan`.`id_pendidikan` = `kelas`.`id_pendidikan`')
 4 SYSTEMPATH\Database\BaseBuilder.php(1649): CodeIgniter\Database\BaseConnection->query('SELECT `kelas`.*, `guru`.`nama_guru`, `pendidikan`.`nama`
FROM `kelas`
JOIN `guru` ON `guru`.`id` = `kelas`.`id_guru`
JOIN `pendidikan` ON `pendidikan`.`id_pendidikan` = `kelas`.`id_pendidikan`', [], false)
 5 SYSTEMPATH\Model.php(253): CodeIgniter\Database\BaseBuilder->get()
 6 SYSTEMPATH\BaseModel.php(676): CodeIgniter\Model->doFindAll(0, 0)
 7 APPPATH\Controllers\Kelas.php(31): CodeIgniter\BaseModel->findAll()
 8 SYSTEMPATH\CodeIgniter.php(951): App\Controllers\Kelas->index()
 9 SYSTEMPATH\CodeIgniter.php(497): CodeIgniter\CodeIgniter->runController(Object(App\Controllers\Kelas))
10 SYSTEMPATH\CodeIgniter.php(340): CodeIgniter\CodeIgniter->handleRequest(null, Object(Config\Cache), false)
11 SYSTEMPATH\Boot.php(417): CodeIgniter\CodeIgniter->run()
12 SYSTEMPATH\Boot.php(68): CodeIgniter\Boot::runCodeIgniter(Object(CodeIgniter\CodeIgniter))
13 FCPATH\index.php(59): CodeIgniter\Boot::bootWeb(Object(Config\Paths))
ERROR - 2026-05-16 14:57:23 --> Unknown column 'kelas.id_pendidikan' in 'on clause'
in SYSTEMPATH\Database\MySQLi\Connection.php on line 300.
 1 SYSTEMPATH\Database\MySQLi\Connection.php(300): mysqli->query('SELECT `kelas`.*, `guru`.`nama_guru`, `pendidikan`.`nama`
FROM `kelas`
JOIN `guru` ON `guru`.`id` = `kelas`.`id_guru`
JOIN `pendidikan` ON `pendidikan`.`id_pendidikan` = `kelas`.`id_pendidikan`', 0)
 2 SYSTEMPATH\Database\BaseConnection.php(910): CodeIgniter\Database\MySQLi\Connection->execute('SELECT `kelas`.*, `guru`.`nama_guru`, `pendidikan`.`nama`
FROM `kelas`
JOIN `guru` ON `guru`.`id` = `kelas`.`id_guru`
JOIN `pendidikan` ON `pendidikan`.`id_pendidikan` = `kelas`.`id_pendidikan`')
 3 SYSTEMPATH\Database\BaseConnection.php(827): CodeIgniter\Database\BaseConnection->simpleQuery('SELECT `kelas`.*, `guru`.`nama_guru`, `pendidikan`.`nama`
FROM `kelas`
JOIN `guru` ON `guru`.`id` = `kelas`.`id_guru`
JOIN `pendidikan` ON `pendidikan`.`id_pendidikan` = `kelas`.`id_pendidikan`')
 4 SYSTEMPATH\Database\BaseBuilder.php(1649): CodeIgniter\Database\BaseConnection->query('SELECT `kelas`.*, `guru`.`nama_guru`, `pendidikan`.`nama`
FROM `kelas`
JOIN `guru` ON `guru`.`id` = `kelas`.`id_guru`
JOIN `pendidikan` ON `pendidikan`.`id_pendidikan` = `kelas`.`id_pendidikan`', [], false)
 5 SYSTEMPATH\Model.php(253): CodeIgniter\Database\BaseBuilder->get()
 6 SYSTEMPATH\BaseModel.php(676): CodeIgniter\Model->doFindAll(0, 0)
 7 APPPATH\Controllers\Kelas.php(31): CodeIgniter\BaseModel->findAll()
 8 SYSTEMPATH\CodeIgniter.php(951): App\Controllers\Kelas->index()
 9 SYSTEMPATH\CodeIgniter.php(497): CodeIgniter\CodeIgniter->runController(Object(App\Controllers\Kelas))
10 SYSTEMPATH\CodeIgniter.php(340): CodeIgniter\CodeIgniter->handleRequest(null, Object(Config\Cache), false)
11 SYSTEMPATH\Boot.php(417): CodeIgniter\CodeIgniter->run()
12 SYSTEMPATH\Boot.php(68): CodeIgniter\Boot::runCodeIgniter(Object(CodeIgniter\CodeIgniter))
13 FCPATH\index.php(59): CodeIgniter\Boot::bootWeb(Object(Config\Paths))
CRITICAL - 2026-05-16 14:57:23 --> CodeIgniter\Database\Exceptions\DatabaseException: Unknown column 'kelas.id_pendidikan' in 'on clause'
[Method: GET, Route: kelas]
in SYSTEMPATH\Database\BaseConnection.php on line 865.
 1 SYSTEMPATH\Database\BaseBuilder.php(1649): CodeIgniter\Database\BaseConnection->query('SELECT `kelas`.*, `guru`.`nama_guru`, `pendidikan`.`nama`
FROM `kelas`
JOIN `guru` ON `guru`.`id` = `kelas`.`id_guru`
JOIN `pendidikan` ON `pendidikan`.`id_pendidikan` = `kelas`.`id_pendidikan`', [], false)
 2 SYSTEMPATH\Model.php(253): CodeIgniter\Database\BaseBuilder->get()
 3 SYSTEMPATH\BaseModel.php(676): CodeIgniter\Model->doFindAll(0, 0)
 4 APPPATH\Controllers\Kelas.php(31): CodeIgniter\BaseModel->findAll()
 5 SYSTEMPATH\CodeIgniter.php(951): App\Controllers\Kelas->index()
 6 SYSTEMPATH\CodeIgniter.php(497): CodeIgniter\CodeIgniter->runController(Object(App\Controllers\Kelas))
 7 SYSTEMPATH\CodeIgniter.php(340): CodeIgniter\CodeIgniter->handleRequest(null, Object(Config\Cache), false)
 8 SYSTEMPATH\Boot.php(417): CodeIgniter\CodeIgniter->run()
 9 SYSTEMPATH\Boot.php(68): CodeIgniter\Boot::runCodeIgniter(Object(CodeIgniter\CodeIgniter))
10 FCPATH\index.php(59): CodeIgniter\Boot::bootWeb(Object(Config\Paths))
CRITICAL - 2026-05-16 14:57:23 --> [Caused by] CodeIgniter\Database\Exceptions\DatabaseException: Unknown column 'kelas.id_pendidikan' in 'on clause'
in SYSTEMPATH\Database\MySQLi\Connection.php on line 310.
 1 SYSTEMPATH\Database\BaseConnection.php(910): CodeIgniter\Database\MySQLi\Connection->execute('SELECT `kelas`.*, `guru`.`nama_guru`, `pendidikan`.`nama`
FROM `kelas`
JOIN `guru` ON `guru`.`id` = `kelas`.`id_guru`
JOIN `pendidikan` ON `pendidikan`.`id_pendidikan` = `kelas`.`id_pendidikan`')
 2 SYSTEMPATH\Database\BaseConnection.php(827): CodeIgniter\Database\BaseConnection->simpleQuery('SELECT `kelas`.*, `guru`.`nama_guru`, `pendidikan`.`nama`
FROM `kelas`
JOIN `guru` ON `guru`.`id` = `kelas`.`id_guru`
JOIN `pendidikan` ON `pendidikan`.`id_pendidikan` = `kelas`.`id_pendidikan`')
 3 SYSTEMPATH\Database\BaseBuilder.php(1649): CodeIgniter\Database\BaseConnection->query('SELECT `kelas`.*, `guru`.`nama_guru`, `pendidikan`.`nama`
FROM `kelas`
JOIN `guru` ON `guru`.`id` = `kelas`.`id_guru`
JOIN `pendidikan` ON `pendidikan`.`id_pendidikan` = `kelas`.`id_pendidikan`', [], false)
 4 SYSTEMPATH\Model.php(253): CodeIgniter\Database\BaseBuilder->get()
 5 SYSTEMPATH\BaseModel.php(676): CodeIgniter\Model->doFindAll(0, 0)
 6 APPPATH\Controllers\Kelas.php(31): CodeIgniter\BaseModel->findAll()
 7 SYSTEMPATH\CodeIgniter.php(951): App\Controllers\Kelas->index()
 8 SYSTEMPATH\CodeIgniter.php(497): CodeIgniter\CodeIgniter->runController(Object(App\Controllers\Kelas))
 9 SYSTEMPATH\CodeIgniter.php(340): CodeIgniter\CodeIgniter->handleRequest(null, Object(Config\Cache), false)
10 SYSTEMPATH\Boot.php(417): CodeIgniter\CodeIgniter->run()
11 SYSTEMPATH\Boot.php(68): CodeIgniter\Boot::runCodeIgniter(Object(CodeIgniter\CodeIgniter))
12 FCPATH\index.php(59): CodeIgniter\Boot::bootWeb(Object(Config\Paths))
CRITICAL - 2026-05-16 14:57:23 --> [Caused by] mysqli_sql_exception: Unknown column 'kelas.id_pendidikan' in 'on clause'
in SYSTEMPATH\Database\MySQLi\Connection.php on line 300.
 1 SYSTEMPATH\Database\MySQLi\Connection.php(300): mysqli->query('SELECT `kelas`.*, `guru`.`nama_guru`, `pendidikan`.`nama`
FROM `kelas`
JOIN `guru` ON `guru`.`id` = `kelas`.`id_guru`
JOIN `pendidikan` ON `pendidikan`.`id_pendidikan` = `kelas`.`id_pendidikan`', 0)
 2 SYSTEMPATH\Database\BaseConnection.php(910): CodeIgniter\Database\MySQLi\Connection->execute('SELECT `kelas`.*, `guru`.`nama_guru`, `pendidikan`.`nama`
FROM `kelas`
JOIN `guru` ON `guru`.`id` = `kelas`.`id_guru`
JOIN `pendidikan` ON `pendidikan`.`id_pendidikan` = `kelas`.`id_pendidikan`')
 3 SYSTEMPATH\Database\BaseConnection.php(827): CodeIgniter\Database\BaseConnection->simpleQuery('SELECT `kelas`.*, `guru`.`nama_guru`, `pendidikan`.`nama`
FROM `kelas`
JOIN `guru` ON `guru`.`id` = `kelas`.`id_guru`
JOIN `pendidikan` ON `pendidikan`.`id_pendidikan` = `kelas`.`id_pendidikan`')
 4 SYSTEMPATH\Database\BaseBuilder.php(1649): CodeIgniter\Database\BaseConnection->query('SELECT `kelas`.*, `guru`.`nama_guru`, `pendidikan`.`nama`
FROM `kelas`
JOIN `guru` ON `guru`.`id` = `kelas`.`id_guru`
JOIN `pendidikan` ON `pendidikan`.`id_pendidikan` = `kelas`.`id_pendidikan`', [], false)
 5 SYSTEMPATH\Model.php(253): CodeIgniter\Database\BaseBuilder->get()
 6 SYSTEMPATH\BaseModel.php(676): CodeIgniter\Model->doFindAll(0, 0)
 7 APPPATH\Controllers\Kelas.php(31): CodeIgniter\BaseModel->findAll()
 8 SYSTEMPATH\CodeIgniter.php(951): App\Controllers\Kelas->index()
 9 SYSTEMPATH\CodeIgniter.php(497): CodeIgniter\CodeIgniter->runController(Object(App\Controllers\Kelas))
10 SYSTEMPATH\CodeIgniter.php(340): CodeIgniter\CodeIgniter->handleRequest(null, Object(Config\Cache), false)
11 SYSTEMPATH\Boot.php(417): CodeIgniter\CodeIgniter->run()
12 SYSTEMPATH\Boot.php(68): CodeIgniter\Boot::runCodeIgniter(Object(CodeIgniter\CodeIgniter))
13 FCPATH\index.php(59): CodeIgniter\Boot::bootWeb(Object(Config\Paths))
ERROR - 2026-05-16 14:57:23 --> Unknown column 'kelas.id_pendidikan' in 'on clause'
in SYSTEMPATH\Database\MySQLi\Connection.php on line 300.
 1 SYSTEMPATH\Database\MySQLi\Connection.php(300): mysqli->query('SELECT `kelas`.*, `guru`.`nama_guru`, `pendidikan`.`nama`
FROM `kelas`
JOIN `guru` ON `guru`.`id` = `kelas`.`id_guru`
JOIN `pendidikan` ON `pendidikan`.`id_pendidikan` = `kelas`.`id_pendidikan`', 0)
 2 SYSTEMPATH\Database\BaseConnection.php(910): CodeIgniter\Database\MySQLi\Connection->execute('SELECT `kelas`.*, `guru`.`nama_guru`, `pendidikan`.`nama`
FROM `kelas`
JOIN `guru` ON `guru`.`id` = `kelas`.`id_guru`
JOIN `pendidikan` ON `pendidikan`.`id_pendidikan` = `kelas`.`id_pendidikan`')
 3 SYSTEMPATH\Database\BaseConnection.php(827): CodeIgniter\Database\BaseConnection->simpleQuery('SELECT `kelas`.*, `guru`.`nama_guru`, `pendidikan`.`nama`
FROM `kelas`
JOIN `guru` ON `guru`.`id` = `kelas`.`id_guru`
JOIN `pendidikan` ON `pendidikan`.`id_pendidikan` = `kelas`.`id_pendidikan`')
 4 SYSTEMPATH\Database\BaseBuilder.php(1649): CodeIgniter\Database\BaseConnection->query('SELECT `kelas`.*, `guru`.`nama_guru`, `pendidikan`.`nama`
FROM `kelas`
JOIN `guru` ON `guru`.`id` = `kelas`.`id_guru`
JOIN `pendidikan` ON `pendidikan`.`id_pendidikan` = `kelas`.`id_pendidikan`', [], false)
 5 SYSTEMPATH\Model.php(253): CodeIgniter\Database\BaseBuilder->get()
 6 SYSTEMPATH\BaseModel.php(676): CodeIgniter\Model->doFindAll(0, 0)
 7 APPPATH\Controllers\Kelas.php(31): CodeIgniter\BaseModel->findAll()
 8 SYSTEMPATH\CodeIgniter.php(951): App\Controllers\Kelas->index()
 9 SYSTEMPATH\CodeIgniter.php(497): CodeIgniter\CodeIgniter->runController(Object(App\Controllers\Kelas))
10 SYSTEMPATH\CodeIgniter.php(340): CodeIgniter\CodeIgniter->handleRequest(null, Object(Config\Cache), false)
11 SYSTEMPATH\Boot.php(417): CodeIgniter\CodeIgniter->run()
12 SYSTEMPATH\Boot.php(68): CodeIgniter\Boot::runCodeIgniter(Object(CodeIgniter\CodeIgniter))
13 FCPATH\index.php(59): CodeIgniter\Boot::bootWeb(Object(Config\Paths))
CRITICAL - 2026-05-16 14:57:23 --> CodeIgniter\Database\Exceptions\DatabaseException: Unknown column 'kelas.id_pendidikan' in 'on clause'
[Method: GET, Route: kelas]
in SYSTEMPATH\Database\BaseConnection.php on line 865.
 1 SYSTEMPATH\Database\BaseBuilder.php(1649): CodeIgniter\Database\BaseConnection->query('SELECT `kelas`.*, `guru`.`nama_guru`, `pendidikan`.`nama`
FROM `kelas`
JOIN `guru` ON `guru`.`id` = `kelas`.`id_guru`
JOIN `pendidikan` ON `pendidikan`.`id_pendidikan` = `kelas`.`id_pendidikan`', [], false)
 2 SYSTEMPATH\Model.php(253): CodeIgniter\Database\BaseBuilder->get()
 3 SYSTEMPATH\BaseModel.php(676): CodeIgniter\Model->doFindAll(0, 0)
 4 APPPATH\Controllers\Kelas.php(31): CodeIgniter\BaseModel->findAll()
 5 SYSTEMPATH\CodeIgniter.php(951): App\Controllers\Kelas->index()
 6 SYSTEMPATH\CodeIgniter.php(497): CodeIgniter\CodeIgniter->runController(Object(App\Controllers\Kelas))
 7 SYSTEMPATH\CodeIgniter.php(340): CodeIgniter\CodeIgniter->handleRequest(null, Object(Config\Cache), false)
 8 SYSTEMPATH\Boot.php(417): CodeIgniter\CodeIgniter->run()
 9 SYSTEMPATH\Boot.php(68): CodeIgniter\Boot::runCodeIgniter(Object(CodeIgniter\CodeIgniter))
10 FCPATH\index.php(59): CodeIgniter\Boot::bootWeb(Object(Config\Paths))
CRITICAL - 2026-05-16 14:57:23 --> [Caused by] CodeIgniter\Database\Exceptions\DatabaseException: Unknown column 'kelas.id_pendidikan' in 'on clause'
in SYSTEMPATH\Database\MySQLi\Connection.php on line 310.
 1 SYSTEMPATH\Database\BaseConnection.php(910): CodeIgniter\Database\MySQLi\Connection->execute('SELECT `kelas`.*, `guru`.`nama_guru`, `pendidikan`.`nama`
FROM `kelas`
JOIN `guru` ON `guru`.`id` = `kelas`.`id_guru`
JOIN `pendidikan` ON `pendidikan`.`id_pendidikan` = `kelas`.`id_pendidikan`')
 2 SYSTEMPATH\Database\BaseConnection.php(827): CodeIgniter\Database\BaseConnection->simpleQuery('SELECT `kelas`.*, `guru`.`nama_guru`, `pendidikan`.`nama`
FROM `kelas`
JOIN `guru` ON `guru`.`id` = `kelas`.`id_guru`
JOIN `pendidikan` ON `pendidikan`.`id_pendidikan` = `kelas`.`id_pendidikan`')
 3 SYSTEMPATH\Database\BaseBuilder.php(1649): CodeIgniter\Database\BaseConnection->query('SELECT `kelas`.*, `guru`.`nama_guru`, `pendidikan`.`nama`
FROM `kelas`
JOIN `guru` ON `guru`.`id` = `kelas`.`id_guru`
JOIN `pendidikan` ON `pendidikan`.`id_pendidikan` = `kelas`.`id_pendidikan`', [], false)
 4 SYSTEMPATH\Model.php(253): CodeIgniter\Database\BaseBuilder->get()
 5 SYSTEMPATH\BaseModel.php(676): CodeIgniter\Model->doFindAll(0, 0)
 6 APPPATH\Controllers\Kelas.php(31): CodeIgniter\BaseModel->findAll()
 7 SYSTEMPATH\CodeIgniter.php(951): App\Controllers\Kelas->index()
 8 SYSTEMPATH\CodeIgniter.php(497): CodeIgniter\CodeIgniter->runController(Object(App\Controllers\Kelas))
 9 SYSTEMPATH\CodeIgniter.php(340): CodeIgniter\CodeIgniter->handleRequest(null, Object(Config\Cache), false)
10 SYSTEMPATH\Boot.php(417): CodeIgniter\CodeIgniter->run()
11 SYSTEMPATH\Boot.php(68): CodeIgniter\Boot::runCodeIgniter(Object(CodeIgniter\CodeIgniter))
12 FCPATH\index.php(59): CodeIgniter\Boot::bootWeb(Object(Config\Paths))
CRITICAL - 2026-05-16 14:57:23 --> [Caused by] mysqli_sql_exception: Unknown column 'kelas.id_pendidikan' in 'on clause'
in SYSTEMPATH\Database\MySQLi\Connection.php on line 300.
 1 SYSTEMPATH\Database\MySQLi\Connection.php(300): mysqli->query('SELECT `kelas`.*, `guru`.`nama_guru`, `pendidikan`.`nama`
FROM `kelas`
JOIN `guru` ON `guru`.`id` = `kelas`.`id_guru`
JOIN `pendidikan` ON `pendidikan`.`id_pendidikan` = `kelas`.`id_pendidikan`', 0)
 2 SYSTEMPATH\Database\BaseConnection.php(910): CodeIgniter\Database\MySQLi\Connection->execute('SELECT `kelas`.*, `guru`.`nama_guru`, `pendidikan`.`nama`
FROM `kelas`
JOIN `guru` ON `guru`.`id` = `kelas`.`id_guru`
JOIN `pendidikan` ON `pendidikan`.`id_pendidikan` = `kelas`.`id_pendidikan`')
 3 SYSTEMPATH\Database\BaseConnection.php(827): CodeIgniter\Database\BaseConnection->simpleQuery('SELECT `kelas`.*, `guru`.`nama_guru`, `pendidikan`.`nama`
FROM `kelas`
JOIN `guru` ON `guru`.`id` = `kelas`.`id_guru`
JOIN `pendidikan` ON `pendidikan`.`id_pendidikan` = `kelas`.`id_pendidikan`')
 4 SYSTEMPATH\Database\BaseBuilder.php(1649): CodeIgniter\Database\BaseConnection->query('SELECT `kelas`.*, `guru`.`nama_guru`, `pendidikan`.`nama`
FROM `kelas`
JOIN `guru` ON `guru`.`id` = `kelas`.`id_guru`
JOIN `pendidikan` ON `pendidikan`.`id_pendidikan` = `kelas`.`id_pendidikan`', [], false)
 5 SYSTEMPATH\Model.php(253): CodeIgniter\Database\BaseBuilder->get()
 6 SYSTEMPATH\BaseModel.php(676): CodeIgniter\Model->doFindAll(0, 0)
 7 APPPATH\Controllers\Kelas.php(31): CodeIgniter\BaseModel->findAll()
 8 SYSTEMPATH\CodeIgniter.php(951): App\Controllers\Kelas->index()
 9 SYSTEMPATH\CodeIgniter.php(497): CodeIgniter\CodeIgniter->runController(Object(App\Controllers\Kelas))
10 SYSTEMPATH\CodeIgniter.php(340): CodeIgniter\CodeIgniter->handleRequest(null, Object(Config\Cache), false)
11 SYSTEMPATH\Boot.php(417): CodeIgniter\CodeIgniter->run()
12 SYSTEMPATH\Boot.php(68): CodeIgniter\Boot::runCodeIgniter(Object(CodeIgniter\CodeIgniter))
13 FCPATH\index.php(59): CodeIgniter\Boot::bootWeb(Object(Config\Paths))
ERROR - 2026-05-16 14:58:31 --> Unknown column 'kelas.id_pendidikan' in 'on clause'
in SYSTEMPATH\Database\MySQLi\Connection.php on line 300.
 1 SYSTEMPATH\Database\MySQLi\Connection.php(300): mysqli->query('SELECT *
FROM `kelas`
JOIN `guru` ON `guru`.`id` = `kelas`.`id_guru`
JOIN `pendidikan` ON `pendidikan`.`id_pendidikan` = `kelas`.`id_pendidikan`', 0)
 2 SYSTEMPATH\Database\BaseConnection.php(910): CodeIgniter\Database\MySQLi\Connection->execute('SELECT *
FROM `kelas`
JOIN `guru` ON `guru`.`id` = `kelas`.`id_guru`
JOIN `pendidikan` ON `pendidikan`.`id_pendidikan` = `kelas`.`id_pendidikan`')
 3 SYSTEMPATH\Database\BaseConnection.php(827): CodeIgniter\Database\BaseConnection->simpleQuery('SELECT *
FROM `kelas`
JOIN `guru` ON `guru`.`id` = `kelas`.`id_guru`
JOIN `pendidikan` ON `pendidikan`.`id_pendidikan` = `kelas`.`id_pendidikan`')
 4 SYSTEMPATH\Database\BaseBuilder.php(1649): CodeIgniter\Database\BaseConnection->query('SELECT *
FROM `kelas`
JOIN `guru` ON `guru`.`id` = `kelas`.`id_guru`
JOIN `pendidikan` ON `pendidikan`.`id_pendidikan` = `kelas`.`id_pendidikan`', [], false)
 5 SYSTEMPATH\Model.php(253): CodeIgniter\Database\BaseBuilder->get()
 6 SYSTEMPATH\BaseModel.php(676): CodeIgniter\Model->doFindAll(0, 0)
 7 APPPATH\Controllers\Kelas.php(28): CodeIgniter\BaseModel->findAll()
 8 SYSTEMPATH\CodeIgniter.php(951): App\Controllers\Kelas->index()
 9 SYSTEMPATH\CodeIgniter.php(497): CodeIgniter\CodeIgniter->runController(Object(App\Controllers\Kelas))
10 SYSTEMPATH\CodeIgniter.php(340): CodeIgniter\CodeIgniter->handleRequest(null, Object(Config\Cache), false)
11 SYSTEMPATH\Boot.php(417): CodeIgniter\CodeIgniter->run()
12 SYSTEMPATH\Boot.php(68): CodeIgniter\Boot::runCodeIgniter(Object(CodeIgniter\CodeIgniter))
13 FCPATH\index.php(59): CodeIgniter\Boot::bootWeb(Object(Config\Paths))
CRITICAL - 2026-05-16 14:58:31 --> CodeIgniter\Database\Exceptions\DatabaseException: Unknown column 'kelas.id_pendidikan' in 'on clause'
[Method: GET, Route: kelas]
in SYSTEMPATH\Database\BaseConnection.php on line 865.
 1 SYSTEMPATH\Database\BaseBuilder.php(1649): CodeIgniter\Database\BaseConnection->query('SELECT *
FROM `kelas`
JOIN `guru` ON `guru`.`id` = `kelas`.`id_guru`
JOIN `pendidikan` ON `pendidikan`.`id_pendidikan` = `kelas`.`id_pendidikan`', [], false)
 2 SYSTEMPATH\Model.php(253): CodeIgniter\Database\BaseBuilder->get()
 3 SYSTEMPATH\BaseModel.php(676): CodeIgniter\Model->doFindAll(0, 0)
 4 APPPATH\Controllers\Kelas.php(28): CodeIgniter\BaseModel->findAll()
 5 SYSTEMPATH\CodeIgniter.php(951): App\Controllers\Kelas->index()
 6 SYSTEMPATH\CodeIgniter.php(497): CodeIgniter\CodeIgniter->runController(Object(App\Controllers\Kelas))
 7 SYSTEMPATH\CodeIgniter.php(340): CodeIgniter\CodeIgniter->handleRequest(null, Object(Config\Cache), false)
 8 SYSTEMPATH\Boot.php(417): CodeIgniter\CodeIgniter->run()
 9 SYSTEMPATH\Boot.php(68): CodeIgniter\Boot::runCodeIgniter(Object(CodeIgniter\CodeIgniter))
10 FCPATH\index.php(59): CodeIgniter\Boot::bootWeb(Object(Config\Paths))
CRITICAL - 2026-05-16 14:58:31 --> [Caused by] CodeIgniter\Database\Exceptions\DatabaseException: Unknown column 'kelas.id_pendidikan' in 'on clause'
in SYSTEMPATH\Database\MySQLi\Connection.php on line 310.
 1 SYSTEMPATH\Database\BaseConnection.php(910): CodeIgniter\Database\MySQLi\Connection->execute('SELECT *
FROM `kelas`
JOIN `guru` ON `guru`.`id` = `kelas`.`id_guru`
JOIN `pendidikan` ON `pendidikan`.`id_pendidikan` = `kelas`.`id_pendidikan`')
 2 SYSTEMPATH\Database\BaseConnection.php(827): CodeIgniter\Database\BaseConnection->simpleQuery('SELECT *
FROM `kelas`
JOIN `guru` ON `guru`.`id` = `kelas`.`id_guru`
JOIN `pendidikan` ON `pendidikan`.`id_pendidikan` = `kelas`.`id_pendidikan`')
 3 SYSTEMPATH\Database\BaseBuilder.php(1649): CodeIgniter\Database\BaseConnection->query('SELECT *
FROM `kelas`
JOIN `guru` ON `guru`.`id` = `kelas`.`id_guru`
JOIN `pendidikan` ON `pendidikan`.`id_pendidikan` = `kelas`.`id_pendidikan`', [], false)
 4 SYSTEMPATH\Model.php(253): CodeIgniter\Database\BaseBuilder->get()
 5 SYSTEMPATH\BaseModel.php(676): CodeIgniter\Model->doFindAll(0, 0)
 6 APPPATH\Controllers\Kelas.php(28): CodeIgniter\BaseModel->findAll()
 7 SYSTEMPATH\CodeIgniter.php(951): App\Controllers\Kelas->index()
 8 SYSTEMPATH\CodeIgniter.php(497): CodeIgniter\CodeIgniter->runController(Object(App\Controllers\Kelas))
 9 SYSTEMPATH\CodeIgniter.php(340): CodeIgniter\CodeIgniter->handleRequest(null, Object(Config\Cache), false)
10 SYSTEMPATH\Boot.php(417): CodeIgniter\CodeIgniter->run()
11 SYSTEMPATH\Boot.php(68): CodeIgniter\Boot::runCodeIgniter(Object(CodeIgniter\CodeIgniter))
12 FCPATH\index.php(59): CodeIgniter\Boot::bootWeb(Object(Config\Paths))
CRITICAL - 2026-05-16 14:58:31 --> [Caused by] mysqli_sql_exception: Unknown column 'kelas.id_pendidikan' in 'on clause'
in SYSTEMPATH\Database\MySQLi\Connection.php on line 300.
 1 SYSTEMPATH\Database\MySQLi\Connection.php(300): mysqli->query('SELECT *
FROM `kelas`
JOIN `guru` ON `guru`.`id` = `kelas`.`id_guru`
JOIN `pendidikan` ON `pendidikan`.`id_pendidikan` = `kelas`.`id_pendidikan`', 0)
 2 SYSTEMPATH\Database\BaseConnection.php(910): CodeIgniter\Database\MySQLi\Connection->execute('SELECT *
FROM `kelas`
JOIN `guru` ON `guru`.`id` = `kelas`.`id_guru`
JOIN `pendidikan` ON `pendidikan`.`id_pendidikan` = `kelas`.`id_pendidikan`')
 3 SYSTEMPATH\Database\BaseConnection.php(827): CodeIgniter\Database\BaseConnection->simpleQuery('SELECT *
FROM `kelas`
JOIN `guru` ON `guru`.`id` = `kelas`.`id_guru`
JOIN `pendidikan` ON `pendidikan`.`id_pendidikan` = `kelas`.`id_pendidikan`')
 4 SYSTEMPATH\Database\BaseBuilder.php(1649): CodeIgniter\Database\BaseConnection->query('SELECT *
FROM `kelas`
JOIN `guru` ON `guru`.`id` = `kelas`.`id_guru`
JOIN `pendidikan` ON `pendidikan`.`id_pendidikan` = `kelas`.`id_pendidikan`', [], false)
 5 SYSTEMPATH\Model.php(253): CodeIgniter\Database\BaseBuilder->get()
 6 SYSTEMPATH\BaseModel.php(676): CodeIgniter\Model->doFindAll(0, 0)
 7 APPPATH\Controllers\Kelas.php(28): CodeIgniter\BaseModel->findAll()
 8 SYSTEMPATH\CodeIgniter.php(951): App\Controllers\Kelas->index()
 9 SYSTEMPATH\CodeIgniter.php(497): CodeIgniter\CodeIgniter->runController(Object(App\Controllers\Kelas))
10 SYSTEMPATH\CodeIgniter.php(340): CodeIgniter\CodeIgniter->handleRequest(null, Object(Config\Cache), false)
11 SYSTEMPATH\Boot.php(417): CodeIgniter\CodeIgniter->run()
12 SYSTEMPATH\Boot.php(68): CodeIgniter\Boot::runCodeIgniter(Object(CodeIgniter\CodeIgniter))
13 FCPATH\index.php(59): CodeIgniter\Boot::bootWeb(Object(Config\Paths))
ERROR - 2026-05-16 14:58:32 --> Unknown column 'kelas.id_pendidikan' in 'on clause'
in SYSTEMPATH\Database\MySQLi\Connection.php on line 300.
 1 SYSTEMPATH\Database\MySQLi\Connection.php(300): mysqli->query('SELECT *
FROM `kelas`
JOIN `guru` ON `guru`.`id` = `kelas`.`id_guru`
JOIN `pendidikan` ON `pendidikan`.`id_pendidikan` = `kelas`.`id_pendidikan`', 0)
 2 SYSTEMPATH\Database\BaseConnection.php(910): CodeIgniter\Database\MySQLi\Connection->execute('SELECT *
FROM `kelas`
JOIN `guru` ON `guru`.`id` = `kelas`.`id_guru`
JOIN `pendidikan` ON `pendidikan`.`id_pendidikan` = `kelas`.`id_pendidikan`')
 3 SYSTEMPATH\Database\BaseConnection.php(827): CodeIgniter\Database\BaseConnection->simpleQuery('SELECT *
FROM `kelas`
JOIN `guru` ON `guru`.`id` = `kelas`.`id_guru`
JOIN `pendidikan` ON `pendidikan`.`id_pendidikan` = `kelas`.`id_pendidikan`')
 4 SYSTEMPATH\Database\BaseBuilder.php(1649): CodeIgniter\Database\BaseConnection->query('SELECT *
FROM `kelas`
JOIN `guru` ON `guru`.`id` = `kelas`.`id_guru`
JOIN `pendidikan` ON `pendidikan`.`id_pendidikan` = `kelas`.`id_pendidikan`', [], false)
 5 SYSTEMPATH\Model.php(253): CodeIgniter\Database\BaseBuilder->get()
 6 SYSTEMPATH\BaseModel.php(676): CodeIgniter\Model->doFindAll(0, 0)
 7 APPPATH\Controllers\Kelas.php(28): CodeIgniter\BaseModel->findAll()
 8 SYSTEMPATH\CodeIgniter.php(951): App\Controllers\Kelas->index()
 9 SYSTEMPATH\CodeIgniter.php(497): CodeIgniter\CodeIgniter->runController(Object(App\Controllers\Kelas))
10 SYSTEMPATH\CodeIgniter.php(340): CodeIgniter\CodeIgniter->handleRequest(null, Object(Config\Cache), false)
11 SYSTEMPATH\Boot.php(417): CodeIgniter\CodeIgniter->run()
12 SYSTEMPATH\Boot.php(68): CodeIgniter\Boot::runCodeIgniter(Object(CodeIgniter\CodeIgniter))
13 FCPATH\index.php(59): CodeIgniter\Boot::bootWeb(Object(Config\Paths))
CRITICAL - 2026-05-16 14:58:32 --> CodeIgniter\Database\Exceptions\DatabaseException: Unknown column 'kelas.id_pendidikan' in 'on clause'
[Method: GET, Route: kelas]
in SYSTEMPATH\Database\BaseConnection.php on line 865.
 1 SYSTEMPATH\Database\BaseBuilder.php(1649): CodeIgniter\Database\BaseConnection->query('SELECT *
FROM `kelas`
JOIN `guru` ON `guru`.`id` = `kelas`.`id_guru`
JOIN `pendidikan` ON `pendidikan`.`id_pendidikan` = `kelas`.`id_pendidikan`', [], false)
 2 SYSTEMPATH\Model.php(253): CodeIgniter\Database\BaseBuilder->get()
 3 SYSTEMPATH\BaseModel.php(676): CodeIgniter\Model->doFindAll(0, 0)
 4 APPPATH\Controllers\Kelas.php(28): CodeIgniter\BaseModel->findAll()
 5 SYSTEMPATH\CodeIgniter.php(951): App\Controllers\Kelas->index()
 6 SYSTEMPATH\CodeIgniter.php(497): CodeIgniter\CodeIgniter->runController(Object(App\Controllers\Kelas))
 7 SYSTEMPATH\CodeIgniter.php(340): CodeIgniter\CodeIgniter->handleRequest(null, Object(Config\Cache), false)
 8 SYSTEMPATH\Boot.php(417): CodeIgniter\CodeIgniter->run()
 9 SYSTEMPATH\Boot.php(68): CodeIgniter\Boot::runCodeIgniter(Object(CodeIgniter\CodeIgniter))
10 FCPATH\index.php(59): CodeIgniter\Boot::bootWeb(Object(Config\Paths))
CRITICAL - 2026-05-16 14:58:32 --> [Caused by] CodeIgniter\Database\Exceptions\DatabaseException: Unknown column 'kelas.id_pendidikan' in 'on clause'
in SYSTEMPATH\Database\MySQLi\Connection.php on line 310.
 1 SYSTEMPATH\Database\BaseConnection.php(910): CodeIgniter\Database\MySQLi\Connection->execute('SELECT *
FROM `kelas`
JOIN `guru` ON `guru`.`id` = `kelas`.`id_guru`
JOIN `pendidikan` ON `pendidikan`.`id_pendidikan` = `kelas`.`id_pendidikan`')
 2 SYSTEMPATH\Database\BaseConnection.php(827): CodeIgniter\Database\BaseConnection->simpleQuery('SELECT *
FROM `kelas`
JOIN `guru` ON `guru`.`id` = `kelas`.`id_guru`
JOIN `pendidikan` ON `pendidikan`.`id_pendidikan` = `kelas`.`id_pendidikan`')
 3 SYSTEMPATH\Database\BaseBuilder.php(1649): CodeIgniter\Database\BaseConnection->query('SELECT *
FROM `kelas`
JOIN `guru` ON `guru`.`id` = `kelas`.`id_guru`
JOIN `pendidikan` ON `pendidikan`.`id_pendidikan` = `kelas`.`id_pendidikan`', [], false)
 4 SYSTEMPATH\Model.php(253): CodeIgniter\Database\BaseBuilder->get()
 5 SYSTEMPATH\BaseModel.php(676): CodeIgniter\Model->doFindAll(0, 0)
 6 APPPATH\Controllers\Kelas.php(28): CodeIgniter\BaseModel->findAll()
 7 SYSTEMPATH\CodeIgniter.php(951): App\Controllers\Kelas->index()
 8 SYSTEMPATH\CodeIgniter.php(497): CodeIgniter\CodeIgniter->runController(Object(App\Controllers\Kelas))
 9 SYSTEMPATH\CodeIgniter.php(340): CodeIgniter\CodeIgniter->handleRequest(null, Object(Config\Cache), false)
10 SYSTEMPATH\Boot.php(417): CodeIgniter\CodeIgniter->run()
11 SYSTEMPATH\Boot.php(68): CodeIgniter\Boot::runCodeIgniter(Object(CodeIgniter\CodeIgniter))
12 FCPATH\index.php(59): CodeIgniter\Boot::bootWeb(Object(Config\Paths))
CRITICAL - 2026-05-16 14:58:32 --> [Caused by] mysqli_sql_exception: Unknown column 'kelas.id_pendidikan' in 'on clause'
in SYSTEMPATH\Database\MySQLi\Connection.php on line 300.
 1 SYSTEMPATH\Database\MySQLi\Connection.php(300): mysqli->query('SELECT *
FROM `kelas`
JOIN `guru` ON `guru`.`id` = `kelas`.`id_guru`
JOIN `pendidikan` ON `pendidikan`.`id_pendidikan` = `kelas`.`id_pendidikan`', 0)
 2 SYSTEMPATH\Database\BaseConnection.php(910): CodeIgniter\Database\MySQLi\Connection->execute('SELECT *
FROM `kelas`
JOIN `guru` ON `guru`.`id` = `kelas`.`id_guru`
JOIN `pendidikan` ON `pendidikan`.`id_pendidikan` = `kelas`.`id_pendidikan`')
 3 SYSTEMPATH\Database\BaseConnection.php(827): CodeIgniter\Database\BaseConnection->simpleQuery('SELECT *
FROM `kelas`
JOIN `guru` ON `guru`.`id` = `kelas`.`id_guru`
JOIN `pendidikan` ON `pendidikan`.`id_pendidikan` = `kelas`.`id_pendidikan`')
 4 SYSTEMPATH\Database\BaseBuilder.php(1649): CodeIgniter\Database\BaseConnection->query('SELECT *
FROM `kelas`
JOIN `guru` ON `guru`.`id` = `kelas`.`id_guru`
JOIN `pendidikan` ON `pendidikan`.`id_pendidikan` = `kelas`.`id_pendidikan`', [], false)
 5 SYSTEMPATH\Model.php(253): CodeIgniter\Database\BaseBuilder->get()
 6 SYSTEMPATH\BaseModel.php(676): CodeIgniter\Model->doFindAll(0, 0)
 7 APPPATH\Controllers\Kelas.php(28): CodeIgniter\BaseModel->findAll()
 8 SYSTEMPATH\CodeIgniter.php(951): App\Controllers\Kelas->index()
 9 SYSTEMPATH\CodeIgniter.php(497): CodeIgniter\CodeIgniter->runController(Object(App\Controllers\Kelas))
10 SYSTEMPATH\CodeIgniter.php(340): CodeIgniter\CodeIgniter->handleRequest(null, Object(Config\Cache), false)
11 SYSTEMPATH\Boot.php(417): CodeIgniter\CodeIgniter->run()
12 SYSTEMPATH\Boot.php(68): CodeIgniter\Boot::runCodeIgniter(Object(CodeIgniter\CodeIgniter))
13 FCPATH\index.php(59): CodeIgniter\Boot::bootWeb(Object(Config\Paths))
ERROR - 2026-05-16 14:58:32 --> Unknown column 'kelas.id_pendidikan' in 'on clause'
in SYSTEMPATH\Database\MySQLi\Connection.php on line 300.
 1 SYSTEMPATH\Database\MySQLi\Connection.php(300): mysqli->query('SELECT *
FROM `kelas`
JOIN `guru` ON `guru`.`id` = `kelas`.`id_guru`
JOIN `pendidikan` ON `pendidikan`.`id_pendidikan` = `kelas`.`id_pendidikan`', 0)
 2 SYSTEMPATH\Database\BaseConnection.php(910): CodeIgniter\Database\MySQLi\Connection->execute('SELECT *
FROM `kelas`
JOIN `guru` ON `guru`.`id` = `kelas`.`id_guru`
JOIN `pendidikan` ON `pendidikan`.`id_pendidikan` = `kelas`.`id_pendidikan`')
 3 SYSTEMPATH\Database\BaseConnection.php(827): CodeIgniter\Database\BaseConnection->simpleQuery('SELECT *
FROM `kelas`
JOIN `guru` ON `guru`.`id` = `kelas`.`id_guru`
JOIN `pendidikan` ON `pendidikan`.`id_pendidikan` = `kelas`.`id_pendidikan`')
 4 SYSTEMPATH\Database\BaseBuilder.php(1649): CodeIgniter\Database\BaseConnection->query('SELECT *
FROM `kelas`
JOIN `guru` ON `guru`.`id` = `kelas`.`id_guru`
JOIN `pendidikan` ON `pendidikan`.`id_pendidikan` = `kelas`.`id_pendidikan`', [], false)
 5 SYSTEMPATH\Model.php(253): CodeIgniter\Database\BaseBuilder->get()
 6 SYSTEMPATH\BaseModel.php(676): CodeIgniter\Model->doFindAll(0, 0)
 7 APPPATH\Controllers\Kelas.php(28): CodeIgniter\BaseModel->findAll()
 8 SYSTEMPATH\CodeIgniter.php(951): App\Controllers\Kelas->index()
 9 SYSTEMPATH\CodeIgniter.php(497): CodeIgniter\CodeIgniter->runController(Object(App\Controllers\Kelas))
10 SYSTEMPATH\CodeIgniter.php(340): CodeIgniter\CodeIgniter->handleRequest(null, Object(Config\Cache), false)
11 SYSTEMPATH\Boot.php(417): CodeIgniter\CodeIgniter->run()
12 SYSTEMPATH\Boot.php(68): CodeIgniter\Boot::runCodeIgniter(Object(CodeIgniter\CodeIgniter))
13 FCPATH\index.php(59): CodeIgniter\Boot::bootWeb(Object(Config\Paths))
CRITICAL - 2026-05-16 14:58:32 --> CodeIgniter\Database\Exceptions\DatabaseException: Unknown column 'kelas.id_pendidikan' in 'on clause'
[Method: GET, Route: kelas]
in SYSTEMPATH\Database\BaseConnection.php on line 865.
 1 SYSTEMPATH\Database\BaseBuilder.php(1649): CodeIgniter\Database\BaseConnection->query('SELECT *
FROM `kelas`
JOIN `guru` ON `guru`.`id` = `kelas`.`id_guru`
JOIN `pendidikan` ON `pendidikan`.`id_pendidikan` = `kelas`.`id_pendidikan`', [], false)
 2 SYSTEMPATH\Model.php(253): CodeIgniter\Database\BaseBuilder->get()
 3 SYSTEMPATH\BaseModel.php(676): CodeIgniter\Model->doFindAll(0, 0)
 4 APPPATH\Controllers\Kelas.php(28): CodeIgniter\BaseModel->findAll()
 5 SYSTEMPATH\CodeIgniter.php(951): App\Controllers\Kelas->index()
 6 SYSTEMPATH\CodeIgniter.php(497): CodeIgniter\CodeIgniter->runController(Object(App\Controllers\Kelas))
 7 SYSTEMPATH\CodeIgniter.php(340): CodeIgniter\CodeIgniter->handleRequest(null, Object(Config\Cache), false)
 8 SYSTEMPATH\Boot.php(417): CodeIgniter\CodeIgniter->run()
 9 SYSTEMPATH\Boot.php(68): CodeIgniter\Boot::runCodeIgniter(Object(CodeIgniter\CodeIgniter))
10 FCPATH\index.php(59): CodeIgniter\Boot::bootWeb(Object(Config\Paths))
CRITICAL - 2026-05-16 14:58:32 --> [Caused by] CodeIgniter\Database\Exceptions\DatabaseException: Unknown column 'kelas.id_pendidikan' in 'on clause'
in SYSTEMPATH\Database\MySQLi\Connection.php on line 310.
 1 SYSTEMPATH\Database\BaseConnection.php(910): CodeIgniter\Database\MySQLi\Connection->execute('SELECT *
FROM `kelas`
JOIN `guru` ON `guru`.`id` = `kelas`.`id_guru`
JOIN `pendidikan` ON `pendidikan`.`id_pendidikan` = `kelas`.`id_pendidikan`')
 2 SYSTEMPATH\Database\BaseConnection.php(827): CodeIgniter\Database\BaseConnection->simpleQuery('SELECT *
FROM `kelas`
JOIN `guru` ON `guru`.`id` = `kelas`.`id_guru`
JOIN `pendidikan` ON `pendidikan`.`id_pendidikan` = `kelas`.`id_pendidikan`')
 3 SYSTEMPATH\Database\BaseBuilder.php(1649): CodeIgniter\Database\BaseConnection->query('SELECT *
FROM `kelas`
JOIN `guru` ON `guru`.`id` = `kelas`.`id_guru`
JOIN `pendidikan` ON `pendidikan`.`id_pendidikan` = `kelas`.`id_pendidikan`', [], false)
 4 SYSTEMPATH\Model.php(253): CodeIgniter\Database\BaseBuilder->get()
 5 SYSTEMPATH\BaseModel.php(676): CodeIgniter\Model->doFindAll(0, 0)
 6 APPPATH\Controllers\Kelas.php(28): CodeIgniter\BaseModel->findAll()
 7 SYSTEMPATH\CodeIgniter.php(951): App\Controllers\Kelas->index()
 8 SYSTEMPATH\CodeIgniter.php(497): CodeIgniter\CodeIgniter->runController(Object(App\Controllers\Kelas))
 9 SYSTEMPATH\CodeIgniter.php(340): CodeIgniter\CodeIgniter->handleRequest(null, Object(Config\Cache), false)
10 SYSTEMPATH\Boot.php(417): CodeIgniter\CodeIgniter->run()
11 SYSTEMPATH\Boot.php(68): CodeIgniter\Boot::runCodeIgniter(Object(CodeIgniter\CodeIgniter))
12 FCPATH\index.php(59): CodeIgniter\Boot::bootWeb(Object(Config\Paths))
CRITICAL - 2026-05-16 14:58:32 --> [Caused by] mysqli_sql_exception: Unknown column 'kelas.id_pendidikan' in 'on clause'
in SYSTEMPATH\Database\MySQLi\Connection.php on line 300.
 1 SYSTEMPATH\Database\MySQLi\Connection.php(300): mysqli->query('SELECT *
FROM `kelas`
JOIN `guru` ON `guru`.`id` = `kelas`.`id_guru`
JOIN `pendidikan` ON `pendidikan`.`id_pendidikan` = `kelas`.`id_pendidikan`', 0)
 2 SYSTEMPATH\Database\BaseConnection.php(910): CodeIgniter\Database\MySQLi\Connection->execute('SELECT *
FROM `kelas`
JOIN `guru` ON `guru`.`id` = `kelas`.`id_guru`
JOIN `pendidikan` ON `pendidikan`.`id_pendidikan` = `kelas`.`id_pendidikan`')
 3 SYSTEMPATH\Database\BaseConnection.php(827): CodeIgniter\Database\BaseConnection->simpleQuery('SELECT *
FROM `kelas`
JOIN `guru` ON `guru`.`id` = `kelas`.`id_guru`
JOIN `pendidikan` ON `pendidikan`.`id_pendidikan` = `kelas`.`id_pendidikan`')
 4 SYSTEMPATH\Database\BaseBuilder.php(1649): CodeIgniter\Database\BaseConnection->query('SELECT *
FROM `kelas`
JOIN `guru` ON `guru`.`id` = `kelas`.`id_guru`
JOIN `pendidikan` ON `pendidikan`.`id_pendidikan` = `kelas`.`id_pendidikan`', [], false)
 5 SYSTEMPATH\Model.php(253): CodeIgniter\Database\BaseBuilder->get()
 6 SYSTEMPATH\BaseModel.php(676): CodeIgniter\Model->doFindAll(0, 0)
 7 APPPATH\Controllers\Kelas.php(28): CodeIgniter\BaseModel->findAll()
 8 SYSTEMPATH\CodeIgniter.php(951): App\Controllers\Kelas->index()
 9 SYSTEMPATH\CodeIgniter.php(497): CodeIgniter\CodeIgniter->runController(Object(App\Controllers\Kelas))
10 SYSTEMPATH\CodeIgniter.php(340): CodeIgniter\CodeIgniter->handleRequest(null, Object(Config\Cache), false)
11 SYSTEMPATH\Boot.php(417): CodeIgniter\CodeIgniter->run()
12 SYSTEMPATH\Boot.php(68): CodeIgniter\Boot::runCodeIgniter(Object(CodeIgniter\CodeIgniter))
13 FCPATH\index.php(59): CodeIgniter\Boot::bootWeb(Object(Config\Paths))
ERROR - 2026-05-16 14:58:32 --> Unknown column 'kelas.id_pendidikan' in 'on clause'
in SYSTEMPATH\Database\MySQLi\Connection.php on line 300.
 1 SYSTEMPATH\Database\MySQLi\Connection.php(300): mysqli->query('SELECT *
FROM `kelas`
JOIN `guru` ON `guru`.`id` = `kelas`.`id_guru`
JOIN `pendidikan` ON `pendidikan`.`id_pendidikan` = `kelas`.`id_pendidikan`', 0)
 2 SYSTEMPATH\Database\BaseConnection.php(910): CodeIgniter\Database\MySQLi\Connection->execute('SELECT *
FROM `kelas`
JOIN `guru` ON `guru`.`id` = `kelas`.`id_guru`
JOIN `pendidikan` ON `pendidikan`.`id_pendidikan` = `kelas`.`id_pendidikan`')
 3 SYSTEMPATH\Database\BaseConnection.php(827): CodeIgniter\Database\BaseConnection->simpleQuery('SELECT *
FROM `kelas`
JOIN `guru` ON `guru`.`id` = `kelas`.`id_guru`
JOIN `pendidikan` ON `pendidikan`.`id_pendidikan` = `kelas`.`id_pendidikan`')
 4 SYSTEMPATH\Database\BaseBuilder.php(1649): CodeIgniter\Database\BaseConnection->query('SELECT *
FROM `kelas`
JOIN `guru` ON `guru`.`id` = `kelas`.`id_guru`
JOIN `pendidikan` ON `pendidikan`.`id_pendidikan` = `kelas`.`id_pendidikan`', [], false)
 5 SYSTEMPATH\Model.php(253): CodeIgniter\Database\BaseBuilder->get()
 6 SYSTEMPATH\BaseModel.php(676): CodeIgniter\Model->doFindAll(0, 0)
 7 APPPATH\Controllers\Kelas.php(28): CodeIgniter\BaseModel->findAll()
 8 SYSTEMPATH\CodeIgniter.php(951): App\Controllers\Kelas->index()
 9 SYSTEMPATH\CodeIgniter.php(497): CodeIgniter\CodeIgniter->runController(Object(App\Controllers\Kelas))
10 SYSTEMPATH\CodeIgniter.php(340): CodeIgniter\CodeIgniter->handleRequest(null, Object(Config\Cache), false)
11 SYSTEMPATH\Boot.php(417): CodeIgniter\CodeIgniter->run()
12 SYSTEMPATH\Boot.php(68): CodeIgniter\Boot::runCodeIgniter(Object(CodeIgniter\CodeIgniter))
13 FCPATH\index.php(59): CodeIgniter\Boot::bootWeb(Object(Config\Paths))
CRITICAL - 2026-05-16 14:58:32 --> CodeIgniter\Database\Exceptions\DatabaseException: Unknown column 'kelas.id_pendidikan' in 'on clause'
[Method: GET, Route: kelas]
in SYSTEMPATH\Database\BaseConnection.php on line 865.
 1 SYSTEMPATH\Database\BaseBuilder.php(1649): CodeIgniter\Database\BaseConnection->query('SELECT *
FROM `kelas`
JOIN `guru` ON `guru`.`id` = `kelas`.`id_guru`
JOIN `pendidikan` ON `pendidikan`.`id_pendidikan` = `kelas`.`id_pendidikan`', [], false)
 2 SYSTEMPATH\Model.php(253): CodeIgniter\Database\BaseBuilder->get()
 3 SYSTEMPATH\BaseModel.php(676): CodeIgniter\Model->doFindAll(0, 0)
 4 APPPATH\Controllers\Kelas.php(28): CodeIgniter\BaseModel->findAll()
 5 SYSTEMPATH\CodeIgniter.php(951): App\Controllers\Kelas->index()
 6 SYSTEMPATH\CodeIgniter.php(497): CodeIgniter\CodeIgniter->runController(Object(App\Controllers\Kelas))
 7 SYSTEMPATH\CodeIgniter.php(340): CodeIgniter\CodeIgniter->handleRequest(null, Object(Config\Cache), false)
 8 SYSTEMPATH\Boot.php(417): CodeIgniter\CodeIgniter->run()
 9 SYSTEMPATH\Boot.php(68): CodeIgniter\Boot::runCodeIgniter(Object(CodeIgniter\CodeIgniter))
10 FCPATH\index.php(59): CodeIgniter\Boot::bootWeb(Object(Config\Paths))
CRITICAL - 2026-05-16 14:58:32 --> [Caused by] CodeIgniter\Database\Exceptions\DatabaseException: Unknown column 'kelas.id_pendidikan' in 'on clause'
in SYSTEMPATH\Database\MySQLi\Connection.php on line 310.
 1 SYSTEMPATH\Database\BaseConnection.php(910): CodeIgniter\Database\MySQLi\Connection->execute('SELECT *
FROM `kelas`
JOIN `guru` ON `guru`.`id` = `kelas`.`id_guru`
JOIN `pendidikan` ON `pendidikan`.`id_pendidikan` = `kelas`.`id_pendidikan`')
 2 SYSTEMPATH\Database\BaseConnection.php(827): CodeIgniter\Database\BaseConnection->simpleQuery('SELECT *
FROM `kelas`
JOIN `guru` ON `guru`.`id` = `kelas`.`id_guru`
JOIN `pendidikan` ON `pendidikan`.`id_pendidikan` = `kelas`.`id_pendidikan`')
 3 SYSTEMPATH\Database\BaseBuilder.php(1649): CodeIgniter\Database\BaseConnection->query('SELECT *
FROM `kelas`
JOIN `guru` ON `guru`.`id` = `kelas`.`id_guru`
JOIN `pendidikan` ON `pendidikan`.`id_pendidikan` = `kelas`.`id_pendidikan`', [], false)
 4 SYSTEMPATH\Model.php(253): CodeIgniter\Database\BaseBuilder->get()
 5 SYSTEMPATH\BaseModel.php(676): CodeIgniter\Model->doFindAll(0, 0)
 6 APPPATH\Controllers\Kelas.php(28): CodeIgniter\BaseModel->findAll()
 7 SYSTEMPATH\CodeIgniter.php(951): App\Controllers\Kelas->index()
 8 SYSTEMPATH\CodeIgniter.php(497): CodeIgniter\CodeIgniter->runController(Object(App\Controllers\Kelas))
 9 SYSTEMPATH\CodeIgniter.php(340): CodeIgniter\CodeIgniter->handleRequest(null, Object(Config\Cache), false)
10 SYSTEMPATH\Boot.php(417): CodeIgniter\CodeIgniter->run()
11 SYSTEMPATH\Boot.php(68): CodeIgniter\Boot::runCodeIgniter(Object(CodeIgniter\CodeIgniter))
12 FCPATH\index.php(59): CodeIgniter\Boot::bootWeb(Object(Config\Paths))
CRITICAL - 2026-05-16 14:58:32 --> [Caused by] mysqli_sql_exception: Unknown column 'kelas.id_pendidikan' in 'on clause'
in SYSTEMPATH\Database\MySQLi\Connection.php on line 300.
 1 SYSTEMPATH\Database\MySQLi\Connection.php(300): mysqli->query('SELECT *
FROM `kelas`
JOIN `guru` ON `guru`.`id` = `kelas`.`id_guru`
JOIN `pendidikan` ON `pendidikan`.`id_pendidikan` = `kelas`.`id_pendidikan`', 0)
 2 SYSTEMPATH\Database\BaseConnection.php(910): CodeIgniter\Database\MySQLi\Connection->execute('SELECT *
FROM `kelas`
JOIN `guru` ON `guru`.`id` = `kelas`.`id_guru`
JOIN `pendidikan` ON `pendidikan`.`id_pendidikan` = `kelas`.`id_pendidikan`')
 3 SYSTEMPATH\Database\BaseConnection.php(827): CodeIgniter\Database\BaseConnection->simpleQuery('SELECT *
FROM `kelas`
JOIN `guru` ON `guru`.`id` = `kelas`.`id_guru`
JOIN `pendidikan` ON `pendidikan`.`id_pendidikan` = `kelas`.`id_pendidikan`')
 4 SYSTEMPATH\Database\BaseBuilder.php(1649): CodeIgniter\Database\BaseConnection->query('SELECT *
FROM `kelas`
JOIN `guru` ON `guru`.`id` = `kelas`.`id_guru`
JOIN `pendidikan` ON `pendidikan`.`id_pendidikan` = `kelas`.`id_pendidikan`', [], false)
 5 SYSTEMPATH\Model.php(253): CodeIgniter\Database\BaseBuilder->get()
 6 SYSTEMPATH\BaseModel.php(676): CodeIgniter\Model->doFindAll(0, 0)
 7 APPPATH\Controllers\Kelas.php(28): CodeIgniter\BaseModel->findAll()
 8 SYSTEMPATH\CodeIgniter.php(951): App\Controllers\Kelas->index()
 9 SYSTEMPATH\CodeIgniter.php(497): CodeIgniter\CodeIgniter->runController(Object(App\Controllers\Kelas))
10 SYSTEMPATH\CodeIgniter.php(340): CodeIgniter\CodeIgniter->handleRequest(null, Object(Config\Cache), false)
11 SYSTEMPATH\Boot.php(417): CodeIgniter\CodeIgniter->run()
12 SYSTEMPATH\Boot.php(68): CodeIgniter\Boot::runCodeIgniter(Object(CodeIgniter\CodeIgniter))
13 FCPATH\index.php(59): CodeIgniter\Boot::bootWeb(Object(Config\Paths))
ERROR - 2026-05-16 14:58:33 --> Unknown column 'kelas.id_pendidikan' in 'on clause'
in SYSTEMPATH\Database\MySQLi\Connection.php on line 300.
 1 SYSTEMPATH\Database\MySQLi\Connection.php(300): mysqli->query('SELECT *
FROM `kelas`
JOIN `guru` ON `guru`.`id` = `kelas`.`id_guru`
JOIN `pendidikan` ON `pendidikan`.`id_pendidikan` = `kelas`.`id_pendidikan`', 0)
 2 SYSTEMPATH\Database\BaseConnection.php(910): CodeIgniter\Database\MySQLi\Connection->execute('SELECT *
FROM `kelas`
JOIN `guru` ON `guru`.`id` = `kelas`.`id_guru`
JOIN `pendidikan` ON `pendidikan`.`id_pendidikan` = `kelas`.`id_pendidikan`')
 3 SYSTEMPATH\Database\BaseConnection.php(827): CodeIgniter\Database\BaseConnection->simpleQuery('SELECT *
FROM `kelas`
JOIN `guru` ON `guru`.`id` = `kelas`.`id_guru`
JOIN `pendidikan` ON `pendidikan`.`id_pendidikan` = `kelas`.`id_pendidikan`')
 4 SYSTEMPATH\Database\BaseBuilder.php(1649): CodeIgniter\Database\BaseConnection->query('SELECT *
FROM `kelas`
JOIN `guru` ON `guru`.`id` = `kelas`.`id_guru`
JOIN `pendidikan` ON `pendidikan`.`id_pendidikan` = `kelas`.`id_pendidikan`', [], false)
 5 SYSTEMPATH\Model.php(253): CodeIgniter\Database\BaseBuilder->get()
 6 SYSTEMPATH\BaseModel.php(676): CodeIgniter\Model->doFindAll(0, 0)
 7 APPPATH\Controllers\Kelas.php(28): CodeIgniter\BaseModel->findAll()
 8 SYSTEMPATH\CodeIgniter.php(951): App\Controllers\Kelas->index()
 9 SYSTEMPATH\CodeIgniter.php(497): CodeIgniter\CodeIgniter->runController(Object(App\Controllers\Kelas))
10 SYSTEMPATH\CodeIgniter.php(340): CodeIgniter\CodeIgniter->handleRequest(null, Object(Config\Cache), false)
11 SYSTEMPATH\Boot.php(417): CodeIgniter\CodeIgniter->run()
12 SYSTEMPATH\Boot.php(68): CodeIgniter\Boot::runCodeIgniter(Object(CodeIgniter\CodeIgniter))
13 FCPATH\index.php(59): CodeIgniter\Boot::bootWeb(Object(Config\Paths))
CRITICAL - 2026-05-16 14:58:33 --> CodeIgniter\Database\Exceptions\DatabaseException: Unknown column 'kelas.id_pendidikan' in 'on clause'
[Method: GET, Route: kelas]
in SYSTEMPATH\Database\BaseConnection.php on line 865.
 1 SYSTEMPATH\Database\BaseBuilder.php(1649): CodeIgniter\Database\BaseConnection->query('SELECT *
FROM `kelas`
JOIN `guru` ON `guru`.`id` = `kelas`.`id_guru`
JOIN `pendidikan` ON `pendidikan`.`id_pendidikan` = `kelas`.`id_pendidikan`', [], false)
 2 SYSTEMPATH\Model.php(253): CodeIgniter\Database\BaseBuilder->get()
 3 SYSTEMPATH\BaseModel.php(676): CodeIgniter\Model->doFindAll(0, 0)
 4 APPPATH\Controllers\Kelas.php(28): CodeIgniter\BaseModel->findAll()
 5 SYSTEMPATH\CodeIgniter.php(951): App\Controllers\Kelas->index()
 6 SYSTEMPATH\CodeIgniter.php(497): CodeIgniter\CodeIgniter->runController(Object(App\Controllers\Kelas))
 7 SYSTEMPATH\CodeIgniter.php(340): CodeIgniter\CodeIgniter->handleRequest(null, Object(Config\Cache), false)
 8 SYSTEMPATH\Boot.php(417): CodeIgniter\CodeIgniter->run()
 9 SYSTEMPATH\Boot.php(68): CodeIgniter\Boot::runCodeIgniter(Object(CodeIgniter\CodeIgniter))
10 FCPATH\index.php(59): CodeIgniter\Boot::bootWeb(Object(Config\Paths))
CRITICAL - 2026-05-16 14:58:33 --> [Caused by] CodeIgniter\Database\Exceptions\DatabaseException: Unknown column 'kelas.id_pendidikan' in 'on clause'
in SYSTEMPATH\Database\MySQLi\Connection.php on line 310.
 1 SYSTEMPATH\Database\BaseConnection.php(910): CodeIgniter\Database\MySQLi\Connection->execute('SELECT *
FROM `kelas`
JOIN `guru` ON `guru`.`id` = `kelas`.`id_guru`
JOIN `pendidikan` ON `pendidikan`.`id_pendidikan` = `kelas`.`id_pendidikan`')
 2 SYSTEMPATH\Database\BaseConnection.php(827): CodeIgniter\Database\BaseConnection->simpleQuery('SELECT *
FROM `kelas`
JOIN `guru` ON `guru`.`id` = `kelas`.`id_guru`
JOIN `pendidikan` ON `pendidikan`.`id_pendidikan` = `kelas`.`id_pendidikan`')
 3 SYSTEMPATH\Database\BaseBuilder.php(1649): CodeIgniter\Database\BaseConnection->query('SELECT *
FROM `kelas`
JOIN `guru` ON `guru`.`id` = `kelas`.`id_guru`
JOIN `pendidikan` ON `pendidikan`.`id_pendidikan` = `kelas`.`id_pendidikan`', [], false)
 4 SYSTEMPATH\Model.php(253): CodeIgniter\Database\BaseBuilder->get()
 5 SYSTEMPATH\BaseModel.php(676): CodeIgniter\Model->doFindAll(0, 0)
 6 APPPATH\Controllers\Kelas.php(28): CodeIgniter\BaseModel->findAll()
 7 SYSTEMPATH\CodeIgniter.php(951): App\Controllers\Kelas->index()
 8 SYSTEMPATH\CodeIgniter.php(497): CodeIgniter\CodeIgniter->runController(Object(App\Controllers\Kelas))
 9 SYSTEMPATH\CodeIgniter.php(340): CodeIgniter\CodeIgniter->handleRequest(null, Object(Config\Cache), false)
10 SYSTEMPATH\Boot.php(417): CodeIgniter\CodeIgniter->run()
11 SYSTEMPATH\Boot.php(68): CodeIgniter\Boot::runCodeIgniter(Object(CodeIgniter\CodeIgniter))
12 FCPATH\index.php(59): CodeIgniter\Boot::bootWeb(Object(Config\Paths))
CRITICAL - 2026-05-16 14:58:33 --> [Caused by] mysqli_sql_exception: Unknown column 'kelas.id_pendidikan' in 'on clause'
in SYSTEMPATH\Database\MySQLi\Connection.php on line 300.
 1 SYSTEMPATH\Database\MySQLi\Connection.php(300): mysqli->query('SELECT *
FROM `kelas`
JOIN `guru` ON `guru`.`id` = `kelas`.`id_guru`
JOIN `pendidikan` ON `pendidikan`.`id_pendidikan` = `kelas`.`id_pendidikan`', 0)
 2 SYSTEMPATH\Database\BaseConnection.php(910): CodeIgniter\Database\MySQLi\Connection->execute('SELECT *
FROM `kelas`
JOIN `guru` ON `guru`.`id` = `kelas`.`id_guru`
JOIN `pendidikan` ON `pendidikan`.`id_pendidikan` = `kelas`.`id_pendidikan`')
 3 SYSTEMPATH\Database\BaseConnection.php(827): CodeIgniter\Database\BaseConnection->simpleQuery('SELECT *
FROM `kelas`
JOIN `guru` ON `guru`.`id` = `kelas`.`id_guru`
JOIN `pendidikan` ON `pendidikan`.`id_pendidikan` = `kelas`.`id_pendidikan`')
 4 SYSTEMPATH\Database\BaseBuilder.php(1649): CodeIgniter\Database\BaseConnection->query('SELECT *
FROM `kelas`
JOIN `guru` ON `guru`.`id` = `kelas`.`id_guru`
JOIN `pendidikan` ON `pendidikan`.`id_pendidikan` = `kelas`.`id_pendidikan`', [], false)
 5 SYSTEMPATH\Model.php(253): CodeIgniter\Database\BaseBuilder->get()
 6 SYSTEMPATH\BaseModel.php(676): CodeIgniter\Model->doFindAll(0, 0)
 7 APPPATH\Controllers\Kelas.php(28): CodeIgniter\BaseModel->findAll()
 8 SYSTEMPATH\CodeIgniter.php(951): App\Controllers\Kelas->index()
 9 SYSTEMPATH\CodeIgniter.php(497): CodeIgniter\CodeIgniter->runController(Object(App\Controllers\Kelas))
10 SYSTEMPATH\CodeIgniter.php(340): CodeIgniter\CodeIgniter->handleRequest(null, Object(Config\Cache), false)
11 SYSTEMPATH\Boot.php(417): CodeIgniter\CodeIgniter->run()
12 SYSTEMPATH\Boot.php(68): CodeIgniter\Boot::runCodeIgniter(Object(CodeIgniter\CodeIgniter))
13 FCPATH\index.php(59): CodeIgniter\Boot::bootWeb(Object(Config\Paths))
ERROR - 2026-05-16 14:58:33 --> Unknown column 'kelas.id_pendidikan' in 'on clause'
in SYSTEMPATH\Database\MySQLi\Connection.php on line 300.
 1 SYSTEMPATH\Database\MySQLi\Connection.php(300): mysqli->query('SELECT *
FROM `kelas`
JOIN `guru` ON `guru`.`id` = `kelas`.`id_guru`
JOIN `pendidikan` ON `pendidikan`.`id_pendidikan` = `kelas`.`id_pendidikan`', 0)
 2 SYSTEMPATH\Database\BaseConnection.php(910): CodeIgniter\Database\MySQLi\Connection->execute('SELECT *
FROM `kelas`
JOIN `guru` ON `guru`.`id` = `kelas`.`id_guru`
JOIN `pendidikan` ON `pendidikan`.`id_pendidikan` = `kelas`.`id_pendidikan`')
 3 SYSTEMPATH\Database\BaseConnection.php(827): CodeIgniter\Database\BaseConnection->simpleQuery('SELECT *
FROM `kelas`
JOIN `guru` ON `guru`.`id` = `kelas`.`id_guru`
JOIN `pendidikan` ON `pendidikan`.`id_pendidikan` = `kelas`.`id_pendidikan`')
 4 SYSTEMPATH\Database\BaseBuilder.php(1649): CodeIgniter\Database\BaseConnection->query('SELECT *
FROM `kelas`
JOIN `guru` ON `guru`.`id` = `kelas`.`id_guru`
JOIN `pendidikan` ON `pendidikan`.`id_pendidikan` = `kelas`.`id_pendidikan`', [], false)
 5 SYSTEMPATH\Model.php(253): CodeIgniter\Database\BaseBuilder->get()
 6 SYSTEMPATH\BaseModel.php(676): CodeIgniter\Model->doFindAll(0, 0)
 7 APPPATH\Controllers\Kelas.php(28): CodeIgniter\BaseModel->findAll()
 8 SYSTEMPATH\CodeIgniter.php(951): App\Controllers\Kelas->index()
 9 SYSTEMPATH\CodeIgniter.php(497): CodeIgniter\CodeIgniter->runController(Object(App\Controllers\Kelas))
10 SYSTEMPATH\CodeIgniter.php(340): CodeIgniter\CodeIgniter->handleRequest(null, Object(Config\Cache), false)
11 SYSTEMPATH\Boot.php(417): CodeIgniter\CodeIgniter->run()
12 SYSTEMPATH\Boot.php(68): CodeIgniter\Boot::runCodeIgniter(Object(CodeIgniter\CodeIgniter))
13 FCPATH\index.php(59): CodeIgniter\Boot::bootWeb(Object(Config\Paths))
CRITICAL - 2026-05-16 14:58:33 --> CodeIgniter\Database\Exceptions\DatabaseException: Unknown column 'kelas.id_pendidikan' in 'on clause'
[Method: GET, Route: kelas]
in SYSTEMPATH\Database\BaseConnection.php on line 865.
 1 SYSTEMPATH\Database\BaseBuilder.php(1649): CodeIgniter\Database\BaseConnection->query('SELECT *
FROM `kelas`
JOIN `guru` ON `guru`.`id` = `kelas`.`id_guru`
JOIN `pendidikan` ON `pendidikan`.`id_pendidikan` = `kelas`.`id_pendidikan`', [], false)
 2 SYSTEMPATH\Model.php(253): CodeIgniter\Database\BaseBuilder->get()
 3 SYSTEMPATH\BaseModel.php(676): CodeIgniter\Model->doFindAll(0, 0)
 4 APPPATH\Controllers\Kelas.php(28): CodeIgniter\BaseModel->findAll()
 5 SYSTEMPATH\CodeIgniter.php(951): App\Controllers\Kelas->index()
 6 SYSTEMPATH\CodeIgniter.php(497): CodeIgniter\CodeIgniter->runController(Object(App\Controllers\Kelas))
 7 SYSTEMPATH\CodeIgniter.php(340): CodeIgniter\CodeIgniter->handleRequest(null, Object(Config\Cache), false)
 8 SYSTEMPATH\Boot.php(417): CodeIgniter\CodeIgniter->run()
 9 SYSTEMPATH\Boot.php(68): CodeIgniter\Boot::runCodeIgniter(Object(CodeIgniter\CodeIgniter))
10 FCPATH\index.php(59): CodeIgniter\Boot::bootWeb(Object(Config\Paths))
CRITICAL - 2026-05-16 14:58:33 --> [Caused by] CodeIgniter\Database\Exceptions\DatabaseException: Unknown column 'kelas.id_pendidikan' in 'on clause'
in SYSTEMPATH\Database\MySQLi\Connection.php on line 310.
 1 SYSTEMPATH\Database\BaseConnection.php(910): CodeIgniter\Database\MySQLi\Connection->execute('SELECT *
FROM `kelas`
JOIN `guru` ON `guru`.`id` = `kelas`.`id_guru`
JOIN `pendidikan` ON `pendidikan`.`id_pendidikan` = `kelas`.`id_pendidikan`')
 2 SYSTEMPATH\Database\BaseConnection.php(827): CodeIgniter\Database\BaseConnection->simpleQuery('SELECT *
FROM `kelas`
JOIN `guru` ON `guru`.`id` = `kelas`.`id_guru`
JOIN `pendidikan` ON `pendidikan`.`id_pendidikan` = `kelas`.`id_pendidikan`')
 3 SYSTEMPATH\Database\BaseBuilder.php(1649): CodeIgniter\Database\BaseConnection->query('SELECT *
FROM `kelas`
JOIN `guru` ON `guru`.`id` = `kelas`.`id_guru`
JOIN `pendidikan` ON `pendidikan`.`id_pendidikan` = `kelas`.`id_pendidikan`', [], false)
 4 SYSTEMPATH\Model.php(253): CodeIgniter\Database\BaseBuilder->get()
 5 SYSTEMPATH\BaseModel.php(676): CodeIgniter\Model->doFindAll(0, 0)
 6 APPPATH\Controllers\Kelas.php(28): CodeIgniter\BaseModel->findAll()
 7 SYSTEMPATH\CodeIgniter.php(951): App\Controllers\Kelas->index()
 8 SYSTEMPATH\CodeIgniter.php(497): CodeIgniter\CodeIgniter->runController(Object(App\Controllers\Kelas))
 9 SYSTEMPATH\CodeIgniter.php(340): CodeIgniter\CodeIgniter->handleRequest(null, Object(Config\Cache), false)
10 SYSTEMPATH\Boot.php(417): CodeIgniter\CodeIgniter->run()
11 SYSTEMPATH\Boot.php(68): CodeIgniter\Boot::runCodeIgniter(Object(CodeIgniter\CodeIgniter))
12 FCPATH\index.php(59): CodeIgniter\Boot::bootWeb(Object(Config\Paths))
CRITICAL - 2026-05-16 14:58:33 --> [Caused by] mysqli_sql_exception: Unknown column 'kelas.id_pendidikan' in 'on clause'
in SYSTEMPATH\Database\MySQLi\Connection.php on line 300.
 1 SYSTEMPATH\Database\MySQLi\Connection.php(300): mysqli->query('SELECT *
FROM `kelas`
JOIN `guru` ON `guru`.`id` = `kelas`.`id_guru`
JOIN `pendidikan` ON `pendidikan`.`id_pendidikan` = `kelas`.`id_pendidikan`', 0)
 2 SYSTEMPATH\Database\BaseConnection.php(910): CodeIgniter\Database\MySQLi\Connection->execute('SELECT *
FROM `kelas`
JOIN `guru` ON `guru`.`id` = `kelas`.`id_guru`
JOIN `pendidikan` ON `pendidikan`.`id_pendidikan` = `kelas`.`id_pendidikan`')
 3 SYSTEMPATH\Database\BaseConnection.php(827): CodeIgniter\Database\BaseConnection->simpleQuery('SELECT *
FROM `kelas`
JOIN `guru` ON `guru`.`id` = `kelas`.`id_guru`
JOIN `pendidikan` ON `pendidikan`.`id_pendidikan` = `kelas`.`id_pendidikan`')
 4 SYSTEMPATH\Database\BaseBuilder.php(1649): CodeIgniter\Database\BaseConnection->query('SELECT *
FROM `kelas`
JOIN `guru` ON `guru`.`id` = `kelas`.`id_guru`
JOIN `pendidikan` ON `pendidikan`.`id_pendidikan` = `kelas`.`id_pendidikan`', [], false)
 5 SYSTEMPATH\Model.php(253): CodeIgniter\Database\BaseBuilder->get()
 6 SYSTEMPATH\BaseModel.php(676): CodeIgniter\Model->doFindAll(0, 0)
 7 APPPATH\Controllers\Kelas.php(28): CodeIgniter\BaseModel->findAll()
 8 SYSTEMPATH\CodeIgniter.php(951): App\Controllers\Kelas->index()
 9 SYSTEMPATH\CodeIgniter.php(497): CodeIgniter\CodeIgniter->runController(Object(App\Controllers\Kelas))
10 SYSTEMPATH\CodeIgniter.php(340): CodeIgniter\CodeIgniter->handleRequest(null, Object(Config\Cache), false)
11 SYSTEMPATH\Boot.php(417): CodeIgniter\CodeIgniter->run()
12 SYSTEMPATH\Boot.php(68): CodeIgniter\Boot::runCodeIgniter(Object(CodeIgniter\CodeIgniter))
13 FCPATH\index.php(59): CodeIgniter\Boot::bootWeb(Object(Config\Paths))
ERROR - 2026-05-16 14:58:33 --> Unknown column 'kelas.id_pendidikan' in 'on clause'
in SYSTEMPATH\Database\MySQLi\Connection.php on line 300.
 1 SYSTEMPATH\Database\MySQLi\Connection.php(300): mysqli->query('SELECT *
FROM `kelas`
JOIN `guru` ON `guru`.`id` = `kelas`.`id_guru`
JOIN `pendidikan` ON `pendidikan`.`id_pendidikan` = `kelas`.`id_pendidikan`', 0)
 2 SYSTEMPATH\Database\BaseConnection.php(910): CodeIgniter\Database\MySQLi\Connection->execute('SELECT *
FROM `kelas`
JOIN `guru` ON `guru`.`id` = `kelas`.`id_guru`
JOIN `pendidikan` ON `pendidikan`.`id_pendidikan` = `kelas`.`id_pendidikan`')
 3 SYSTEMPATH\Database\BaseConnection.php(827): CodeIgniter\Database\BaseConnection->simpleQuery('SELECT *
FROM `kelas`
JOIN `guru` ON `guru`.`id` = `kelas`.`id_guru`
JOIN `pendidikan` ON `pendidikan`.`id_pendidikan` = `kelas`.`id_pendidikan`')
 4 SYSTEMPATH\Database\BaseBuilder.php(1649): CodeIgniter\Database\BaseConnection->query('SELECT *
FROM `kelas`
JOIN `guru` ON `guru`.`id` = `kelas`.`id_guru`
JOIN `pendidikan` ON `pendidikan`.`id_pendidikan` = `kelas`.`id_pendidikan`', [], false)
 5 SYSTEMPATH\Model.php(253): CodeIgniter\Database\BaseBuilder->get()
 6 SYSTEMPATH\BaseModel.php(676): CodeIgniter\Model->doFindAll(0, 0)
 7 APPPATH\Controllers\Kelas.php(28): CodeIgniter\BaseModel->findAll()
 8 SYSTEMPATH\CodeIgniter.php(951): App\Controllers\Kelas->index()
 9 SYSTEMPATH\CodeIgniter.php(497): CodeIgniter\CodeIgniter->runController(Object(App\Controllers\Kelas))
10 SYSTEMPATH\CodeIgniter.php(340): CodeIgniter\CodeIgniter->handleRequest(null, Object(Config\Cache), false)
11 SYSTEMPATH\Boot.php(417): CodeIgniter\CodeIgniter->run()
12 SYSTEMPATH\Boot.php(68): CodeIgniter\Boot::runCodeIgniter(Object(CodeIgniter\CodeIgniter))
13 FCPATH\index.php(59): CodeIgniter\Boot::bootWeb(Object(Config\Paths))
CRITICAL - 2026-05-16 14:58:33 --> CodeIgniter\Database\Exceptions\DatabaseException: Unknown column 'kelas.id_pendidikan' in 'on clause'
[Method: GET, Route: kelas]
in SYSTEMPATH\Database\BaseConnection.php on line 865.
 1 SYSTEMPATH\Database\BaseBuilder.php(1649): CodeIgniter\Database\BaseConnection->query('SELECT *
FROM `kelas`
JOIN `guru` ON `guru`.`id` = `kelas`.`id_guru`
JOIN `pendidikan` ON `pendidikan`.`id_pendidikan` = `kelas`.`id_pendidikan`', [], false)
 2 SYSTEMPATH\Model.php(253): CodeIgniter\Database\BaseBuilder->get()
 3 SYSTEMPATH\BaseModel.php(676): CodeIgniter\Model->doFindAll(0, 0)
 4 APPPATH\Controllers\Kelas.php(28): CodeIgniter\BaseModel->findAll()
 5 SYSTEMPATH\CodeIgniter.php(951): App\Controllers\Kelas->index()
 6 SYSTEMPATH\CodeIgniter.php(497): CodeIgniter\CodeIgniter->runController(Object(App\Controllers\Kelas))
 7 SYSTEMPATH\CodeIgniter.php(340): CodeIgniter\CodeIgniter->handleRequest(null, Object(Config\Cache), false)
 8 SYSTEMPATH\Boot.php(417): CodeIgniter\CodeIgniter->run()
 9 SYSTEMPATH\Boot.php(68): CodeIgniter\Boot::runCodeIgniter(Object(CodeIgniter\CodeIgniter))
10 FCPATH\index.php(59): CodeIgniter\Boot::bootWeb(Object(Config\Paths))
CRITICAL - 2026-05-16 14:58:33 --> [Caused by] CodeIgniter\Database\Exceptions\DatabaseException: Unknown column 'kelas.id_pendidikan' in 'on clause'
in SYSTEMPATH\Database\MySQLi\Connection.php on line 310.
 1 SYSTEMPATH\Database\BaseConnection.php(910): CodeIgniter\Database\MySQLi\Connection->execute('SELECT *
FROM `kelas`
JOIN `guru` ON `guru`.`id` = `kelas`.`id_guru`
JOIN `pendidikan` ON `pendidikan`.`id_pendidikan` = `kelas`.`id_pendidikan`')
 2 SYSTEMPATH\Database\BaseConnection.php(827): CodeIgniter\Database\BaseConnection->simpleQuery('SELECT *
FROM `kelas`
JOIN `guru` ON `guru`.`id` = `kelas`.`id_guru`
JOIN `pendidikan` ON `pendidikan`.`id_pendidikan` = `kelas`.`id_pendidikan`')
 3 SYSTEMPATH\Database\BaseBuilder.php(1649): CodeIgniter\Database\BaseConnection->query('SELECT *
FROM `kelas`
JOIN `guru` ON `guru`.`id` = `kelas`.`id_guru`
JOIN `pendidikan` ON `pendidikan`.`id_pendidikan` = `kelas`.`id_pendidikan`', [], false)
 4 SYSTEMPATH\Model.php(253): CodeIgniter\Database\BaseBuilder->get()
 5 SYSTEMPATH\BaseModel.php(676): CodeIgniter\Model->doFindAll(0, 0)
 6 APPPATH\Controllers\Kelas.php(28): CodeIgniter\BaseModel->findAll()
 7 SYSTEMPATH\CodeIgniter.php(951): App\Controllers\Kelas->index()
 8 SYSTEMPATH\CodeIgniter.php(497): CodeIgniter\CodeIgniter->runController(Object(App\Controllers\Kelas))
 9 SYSTEMPATH\CodeIgniter.php(340): CodeIgniter\CodeIgniter->handleRequest(null, Object(Config\Cache), false)
10 SYSTEMPATH\Boot.php(417): CodeIgniter\CodeIgniter->run()
11 SYSTEMPATH\Boot.php(68): CodeIgniter\Boot::runCodeIgniter(Object(CodeIgniter\CodeIgniter))
12 FCPATH\index.php(59): CodeIgniter\Boot::bootWeb(Object(Config\Paths))
CRITICAL - 2026-05-16 14:58:33 --> [Caused by] mysqli_sql_exception: Unknown column 'kelas.id_pendidikan' in 'on clause'
in SYSTEMPATH\Database\MySQLi\Connection.php on line 300.
 1 SYSTEMPATH\Database\MySQLi\Connection.php(300): mysqli->query('SELECT *
FROM `kelas`
JOIN `guru` ON `guru`.`id` = `kelas`.`id_guru`
JOIN `pendidikan` ON `pendidikan`.`id_pendidikan` = `kelas`.`id_pendidikan`', 0)
 2 SYSTEMPATH\Database\BaseConnection.php(910): CodeIgniter\Database\MySQLi\Connection->execute('SELECT *
FROM `kelas`
JOIN `guru` ON `guru`.`id` = `kelas`.`id_guru`
JOIN `pendidikan` ON `pendidikan`.`id_pendidikan` = `kelas`.`id_pendidikan`')
 3 SYSTEMPATH\Database\BaseConnection.php(827): CodeIgniter\Database\BaseConnection->simpleQuery('SELECT *
FROM `kelas`
JOIN `guru` ON `guru`.`id` = `kelas`.`id_guru`
JOIN `pendidikan` ON `pendidikan`.`id_pendidikan` = `kelas`.`id_pendidikan`')
 4 SYSTEMPATH\Database\BaseBuilder.php(1649): CodeIgniter\Database\BaseConnection->query('SELECT *
FROM `kelas`
JOIN `guru` ON `guru`.`id` = `kelas`.`id_guru`
JOIN `pendidikan` ON `pendidikan`.`id_pendidikan` = `kelas`.`id_pendidikan`', [], false)
 5 SYSTEMPATH\Model.php(253): CodeIgniter\Database\BaseBuilder->get()
 6 SYSTEMPATH\BaseModel.php(676): CodeIgniter\Model->doFindAll(0, 0)
 7 APPPATH\Controllers\Kelas.php(28): CodeIgniter\BaseModel->findAll()
 8 SYSTEMPATH\CodeIgniter.php(951): App\Controllers\Kelas->index()
 9 SYSTEMPATH\CodeIgniter.php(497): CodeIgniter\CodeIgniter->runController(Object(App\Controllers\Kelas))
10 SYSTEMPATH\CodeIgniter.php(340): CodeIgniter\CodeIgniter->handleRequest(null, Object(Config\Cache), false)
11 SYSTEMPATH\Boot.php(417): CodeIgniter\CodeIgniter->run()
12 SYSTEMPATH\Boot.php(68): CodeIgniter\Boot::runCodeIgniter(Object(CodeIgniter\CodeIgniter))
13 FCPATH\index.php(59): CodeIgniter\Boot::bootWeb(Object(Config\Paths))
ERROR - 2026-05-16 14:58:33 --> Unknown column 'kelas.id_pendidikan' in 'on clause'
in SYSTEMPATH\Database\MySQLi\Connection.php on line 300.
 1 SYSTEMPATH\Database\MySQLi\Connection.php(300): mysqli->query('SELECT *
FROM `kelas`
JOIN `guru` ON `guru`.`id` = `kelas`.`id_guru`
JOIN `pendidikan` ON `pendidikan`.`id_pendidikan` = `kelas`.`id_pendidikan`', 0)
 2 SYSTEMPATH\Database\BaseConnection.php(910): CodeIgniter\Database\MySQLi\Connection->execute('SELECT *
FROM `kelas`
JOIN `guru` ON `guru`.`id` = `kelas`.`id_guru`
JOIN `pendidikan` ON `pendidikan`.`id_pendidikan` = `kelas`.`id_pendidikan`')
 3 SYSTEMPATH\Database\BaseConnection.php(827): CodeIgniter\Database\BaseConnection->simpleQuery('SELECT *
FROM `kelas`
JOIN `guru` ON `guru`.`id` = `kelas`.`id_guru`
JOIN `pendidikan` ON `pendidikan`.`id_pendidikan` = `kelas`.`id_pendidikan`')
 4 SYSTEMPATH\Database\BaseBuilder.php(1649): CodeIgniter\Database\BaseConnection->query('SELECT *
FROM `kelas`
JOIN `guru` ON `guru`.`id` = `kelas`.`id_guru`
JOIN `pendidikan` ON `pendidikan`.`id_pendidikan` = `kelas`.`id_pendidikan`', [], false)
 5 SYSTEMPATH\Model.php(253): CodeIgniter\Database\BaseBuilder->get()
 6 SYSTEMPATH\BaseModel.php(676): CodeIgniter\Model->doFindAll(0, 0)
 7 APPPATH\Controllers\Kelas.php(28): CodeIgniter\BaseModel->findAll()
 8 SYSTEMPATH\CodeIgniter.php(951): App\Controllers\Kelas->index()
 9 SYSTEMPATH\CodeIgniter.php(497): CodeIgniter\CodeIgniter->runController(Object(App\Controllers\Kelas))
10 SYSTEMPATH\CodeIgniter.php(340): CodeIgniter\CodeIgniter->handleRequest(null, Object(Config\Cache), false)
11 SYSTEMPATH\Boot.php(417): CodeIgniter\CodeIgniter->run()
12 SYSTEMPATH\Boot.php(68): CodeIgniter\Boot::runCodeIgniter(Object(CodeIgniter\CodeIgniter))
13 FCPATH\index.php(59): CodeIgniter\Boot::bootWeb(Object(Config\Paths))
CRITICAL - 2026-05-16 14:58:33 --> CodeIgniter\Database\Exceptions\DatabaseException: Unknown column 'kelas.id_pendidikan' in 'on clause'
[Method: GET, Route: kelas]
in SYSTEMPATH\Database\BaseConnection.php on line 865.
 1 SYSTEMPATH\Database\BaseBuilder.php(1649): CodeIgniter\Database\BaseConnection->query('SELECT *
FROM `kelas`
JOIN `guru` ON `guru`.`id` = `kelas`.`id_guru`
JOIN `pendidikan` ON `pendidikan`.`id_pendidikan` = `kelas`.`id_pendidikan`', [], false)
 2 SYSTEMPATH\Model.php(253): CodeIgniter\Database\BaseBuilder->get()
 3 SYSTEMPATH\BaseModel.php(676): CodeIgniter\Model->doFindAll(0, 0)
 4 APPPATH\Controllers\Kelas.php(28): CodeIgniter\BaseModel->findAll()
 5 SYSTEMPATH\CodeIgniter.php(951): App\Controllers\Kelas->index()
 6 SYSTEMPATH\CodeIgniter.php(497): CodeIgniter\CodeIgniter->runController(Object(App\Controllers\Kelas))
 7 SYSTEMPATH\CodeIgniter.php(340): CodeIgniter\CodeIgniter->handleRequest(null, Object(Config\Cache), false)
 8 SYSTEMPATH\Boot.php(417): CodeIgniter\CodeIgniter->run()
 9 SYSTEMPATH\Boot.php(68): CodeIgniter\Boot::runCodeIgniter(Object(CodeIgniter\CodeIgniter))
10 FCPATH\index.php(59): CodeIgniter\Boot::bootWeb(Object(Config\Paths))
CRITICAL - 2026-05-16 14:58:33 --> [Caused by] CodeIgniter\Database\Exceptions\DatabaseException: Unknown column 'kelas.id_pendidikan' in 'on clause'
in SYSTEMPATH\Database\MySQLi\Connection.php on line 310.
 1 SYSTEMPATH\Database\BaseConnection.php(910): CodeIgniter\Database\MySQLi\Connection->execute('SELECT *
FROM `kelas`
JOIN `guru` ON `guru`.`id` = `kelas`.`id_guru`
JOIN `pendidikan` ON `pendidikan`.`id_pendidikan` = `kelas`.`id_pendidikan`')
 2 SYSTEMPATH\Database\BaseConnection.php(827): CodeIgniter\Database\BaseConnection->simpleQuery('SELECT *
FROM `kelas`
JOIN `guru` ON `guru`.`id` = `kelas`.`id_guru`
JOIN `pendidikan` ON `pendidikan`.`id_pendidikan` = `kelas`.`id_pendidikan`')
 3 SYSTEMPATH\Database\BaseBuilder.php(1649): CodeIgniter\Database\BaseConnection->query('SELECT *
FROM `kelas`
JOIN `guru` ON `guru`.`id` = `kelas`.`id_guru`
JOIN `pendidikan` ON `pendidikan`.`id_pendidikan` = `kelas`.`id_pendidikan`', [], false)
 4 SYSTEMPATH\Model.php(253): CodeIgniter\Database\BaseBuilder->get()
 5 SYSTEMPATH\BaseModel.php(676): CodeIgniter\Model->doFindAll(0, 0)
 6 APPPATH\Controllers\Kelas.php(28): CodeIgniter\BaseModel->findAll()
 7 SYSTEMPATH\CodeIgniter.php(951): App\Controllers\Kelas->index()
 8 SYSTEMPATH\CodeIgniter.php(497): CodeIgniter\CodeIgniter->runController(Object(App\Controllers\Kelas))
 9 SYSTEMPATH\CodeIgniter.php(340): CodeIgniter\CodeIgniter->handleRequest(null, Object(Config\Cache), false)
10 SYSTEMPATH\Boot.php(417): CodeIgniter\CodeIgniter->run()
11 SYSTEMPATH\Boot.php(68): CodeIgniter\Boot::runCodeIgniter(Object(CodeIgniter\CodeIgniter))
12 FCPATH\index.php(59): CodeIgniter\Boot::bootWeb(Object(Config\Paths))
CRITICAL - 2026-05-16 14:58:33 --> [Caused by] mysqli_sql_exception: Unknown column 'kelas.id_pendidikan' in 'on clause'
in SYSTEMPATH\Database\MySQLi\Connection.php on line 300.
 1 SYSTEMPATH\Database\MySQLi\Connection.php(300): mysqli->query('SELECT *
FROM `kelas`
JOIN `guru` ON `guru`.`id` = `kelas`.`id_guru`
JOIN `pendidikan` ON `pendidikan`.`id_pendidikan` = `kelas`.`id_pendidikan`', 0)
 2 SYSTEMPATH\Database\BaseConnection.php(910): CodeIgniter\Database\MySQLi\Connection->execute('SELECT *
FROM `kelas`
JOIN `guru` ON `guru`.`id` = `kelas`.`id_guru`
JOIN `pendidikan` ON `pendidikan`.`id_pendidikan` = `kelas`.`id_pendidikan`')
 3 SYSTEMPATH\Database\BaseConnection.php(827): CodeIgniter\Database\BaseConnection->simpleQuery('SELECT *
FROM `kelas`
JOIN `guru` ON `guru`.`id` = `kelas`.`id_guru`
JOIN `pendidikan` ON `pendidikan`.`id_pendidikan` = `kelas`.`id_pendidikan`')
 4 SYSTEMPATH\Database\BaseBuilder.php(1649): CodeIgniter\Database\BaseConnection->query('SELECT *
FROM `kelas`
JOIN `guru` ON `guru`.`id` = `kelas`.`id_guru`
JOIN `pendidikan` ON `pendidikan`.`id_pendidikan` = `kelas`.`id_pendidikan`', [], false)
 5 SYSTEMPATH\Model.php(253): CodeIgniter\Database\BaseBuilder->get()
 6 SYSTEMPATH\BaseModel.php(676): CodeIgniter\Model->doFindAll(0, 0)
 7 APPPATH\Controllers\Kelas.php(28): CodeIgniter\BaseModel->findAll()
 8 SYSTEMPATH\CodeIgniter.php(951): App\Controllers\Kelas->index()
 9 SYSTEMPATH\CodeIgniter.php(497): CodeIgniter\CodeIgniter->runController(Object(App\Controllers\Kelas))
10 SYSTEMPATH\CodeIgniter.php(340): CodeIgniter\CodeIgniter->handleRequest(null, Object(Config\Cache), false)
11 SYSTEMPATH\Boot.php(417): CodeIgniter\CodeIgniter->run()
12 SYSTEMPATH\Boot.php(68): CodeIgniter\Boot::runCodeIgniter(Object(CodeIgniter\CodeIgniter))
13 FCPATH\index.php(59): CodeIgniter\Boot::bootWeb(Object(Config\Paths))
ERROR - 2026-05-16 14:58:34 --> Unknown column 'kelas.id_pendidikan' in 'on clause'
in SYSTEMPATH\Database\MySQLi\Connection.php on line 300.
 1 SYSTEMPATH\Database\MySQLi\Connection.php(300): mysqli->query('SELECT *
FROM `kelas`
JOIN `guru` ON `guru`.`id` = `kelas`.`id_guru`
JOIN `pendidikan` ON `pendidikan`.`id_pendidikan` = `kelas`.`id_pendidikan`', 0)
 2 SYSTEMPATH\Database\BaseConnection.php(910): CodeIgniter\Database\MySQLi\Connection->execute('SELECT *
FROM `kelas`
JOIN `guru` ON `guru`.`id` = `kelas`.`id_guru`
JOIN `pendidikan` ON `pendidikan`.`id_pendidikan` = `kelas`.`id_pendidikan`')
 3 SYSTEMPATH\Database\BaseConnection.php(827): CodeIgniter\Database\BaseConnection->simpleQuery('SELECT *
FROM `kelas`
JOIN `guru` ON `guru`.`id` = `kelas`.`id_guru`
JOIN `pendidikan` ON `pendidikan`.`id_pendidikan` = `kelas`.`id_pendidikan`')
 4 SYSTEMPATH\Database\BaseBuilder.php(1649): CodeIgniter\Database\BaseConnection->query('SELECT *
FROM `kelas`
JOIN `guru` ON `guru`.`id` = `kelas`.`id_guru`
JOIN `pendidikan` ON `pendidikan`.`id_pendidikan` = `kelas`.`id_pendidikan`', [], false)
 5 SYSTEMPATH\Model.php(253): CodeIgniter\Database\BaseBuilder->get()
 6 SYSTEMPATH\BaseModel.php(676): CodeIgniter\Model->doFindAll(0, 0)
 7 APPPATH\Controllers\Kelas.php(28): CodeIgniter\BaseModel->findAll()
 8 SYSTEMPATH\CodeIgniter.php(951): App\Controllers\Kelas->index()
 9 SYSTEMPATH\CodeIgniter.php(497): CodeIgniter\CodeIgniter->runController(Object(App\Controllers\Kelas))
10 SYSTEMPATH\CodeIgniter.php(340): CodeIgniter\CodeIgniter->handleRequest(null, Object(Config\Cache), false)
11 SYSTEMPATH\Boot.php(417): CodeIgniter\CodeIgniter->run()
12 SYSTEMPATH\Boot.php(68): CodeIgniter\Boot::runCodeIgniter(Object(CodeIgniter\CodeIgniter))
13 FCPATH\index.php(59): CodeIgniter\Boot::bootWeb(Object(Config\Paths))
CRITICAL - 2026-05-16 14:58:34 --> CodeIgniter\Database\Exceptions\DatabaseException: Unknown column 'kelas.id_pendidikan' in 'on clause'
[Method: GET, Route: kelas]
in SYSTEMPATH\Database\BaseConnection.php on line 865.
 1 SYSTEMPATH\Database\BaseBuilder.php(1649): CodeIgniter\Database\BaseConnection->query('SELECT *
FROM `kelas`
JOIN `guru` ON `guru`.`id` = `kelas`.`id_guru`
JOIN `pendidikan` ON `pendidikan`.`id_pendidikan` = `kelas`.`id_pendidikan`', [], false)
 2 SYSTEMPATH\Model.php(253): CodeIgniter\Database\BaseBuilder->get()
 3 SYSTEMPATH\BaseModel.php(676): CodeIgniter\Model->doFindAll(0, 0)
 4 APPPATH\Controllers\Kelas.php(28): CodeIgniter\BaseModel->findAll()
 5 SYSTEMPATH\CodeIgniter.php(951): App\Controllers\Kelas->index()
 6 SYSTEMPATH\CodeIgniter.php(497): CodeIgniter\CodeIgniter->runController(Object(App\Controllers\Kelas))
 7 SYSTEMPATH\CodeIgniter.php(340): CodeIgniter\CodeIgniter->handleRequest(null, Object(Config\Cache), false)
 8 SYSTEMPATH\Boot.php(417): CodeIgniter\CodeIgniter->run()
 9 SYSTEMPATH\Boot.php(68): CodeIgniter\Boot::runCodeIgniter(Object(CodeIgniter\CodeIgniter))
10 FCPATH\index.php(59): CodeIgniter\Boot::bootWeb(Object(Config\Paths))
CRITICAL - 2026-05-16 14:58:34 --> [Caused by] CodeIgniter\Database\Exceptions\DatabaseException: Unknown column 'kelas.id_pendidikan' in 'on clause'
in SYSTEMPATH\Database\MySQLi\Connection.php on line 310.
 1 SYSTEMPATH\Database\BaseConnection.php(910): CodeIgniter\Database\MySQLi\Connection->execute('SELECT *
FROM `kelas`
JOIN `guru` ON `guru`.`id` = `kelas`.`id_guru`
JOIN `pendidikan` ON `pendidikan`.`id_pendidikan` = `kelas`.`id_pendidikan`')
 2 SYSTEMPATH\Database\BaseConnection.php(827): CodeIgniter\Database\BaseConnection->simpleQuery('SELECT *
FROM `kelas`
JOIN `guru` ON `guru`.`id` = `kelas`.`id_guru`
JOIN `pendidikan` ON `pendidikan`.`id_pendidikan` = `kelas`.`id_pendidikan`')
 3 SYSTEMPATH\Database\BaseBuilder.php(1649): CodeIgniter\Database\BaseConnection->query('SELECT *
FROM `kelas`
JOIN `guru` ON `guru`.`id` = `kelas`.`id_guru`
JOIN `pendidikan` ON `pendidikan`.`id_pendidikan` = `kelas`.`id_pendidikan`', [], false)
 4 SYSTEMPATH\Model.php(253): CodeIgniter\Database\BaseBuilder->get()
 5 SYSTEMPATH\BaseModel.php(676): CodeIgniter\Model->doFindAll(0, 0)
 6 APPPATH\Controllers\Kelas.php(28): CodeIgniter\BaseModel->findAll()
 7 SYSTEMPATH\CodeIgniter.php(951): App\Controllers\Kelas->index()
 8 SYSTEMPATH\CodeIgniter.php(497): CodeIgniter\CodeIgniter->runController(Object(App\Controllers\Kelas))
 9 SYSTEMPATH\CodeIgniter.php(340): CodeIgniter\CodeIgniter->handleRequest(null, Object(Config\Cache), false)
10 SYSTEMPATH\Boot.php(417): CodeIgniter\CodeIgniter->run()
11 SYSTEMPATH\Boot.php(68): CodeIgniter\Boot::runCodeIgniter(Object(CodeIgniter\CodeIgniter))
12 FCPATH\index.php(59): CodeIgniter\Boot::bootWeb(Object(Config\Paths))
CRITICAL - 2026-05-16 14:58:34 --> [Caused by] mysqli_sql_exception: Unknown column 'kelas.id_pendidikan' in 'on clause'
in SYSTEMPATH\Database\MySQLi\Connection.php on line 300.
 1 SYSTEMPATH\Database\MySQLi\Connection.php(300): mysqli->query('SELECT *
FROM `kelas`
JOIN `guru` ON `guru`.`id` = `kelas`.`id_guru`
JOIN `pendidikan` ON `pendidikan`.`id_pendidikan` = `kelas`.`id_pendidikan`', 0)
 2 SYSTEMPATH\Database\BaseConnection.php(910): CodeIgniter\Database\MySQLi\Connection->execute('SELECT *
FROM `kelas`
JOIN `guru` ON `guru`.`id` = `kelas`.`id_guru`
JOIN `pendidikan` ON `pendidikan`.`id_pendidikan` = `kelas`.`id_pendidikan`')
 3 SYSTEMPATH\Database\BaseConnection.php(827): CodeIgniter\Database\BaseConnection->simpleQuery('SELECT *
FROM `kelas`
JOIN `guru` ON `guru`.`id` = `kelas`.`id_guru`
JOIN `pendidikan` ON `pendidikan`.`id_pendidikan` = `kelas`.`id_pendidikan`')
 4 SYSTEMPATH\Database\BaseBuilder.php(1649): CodeIgniter\Database\BaseConnection->query('SELECT *
FROM `kelas`
JOIN `guru` ON `guru`.`id` = `kelas`.`id_guru`
JOIN `pendidikan` ON `pendidikan`.`id_pendidikan` = `kelas`.`id_pendidikan`', [], false)
 5 SYSTEMPATH\Model.php(253): CodeIgniter\Database\BaseBuilder->get()
 6 SYSTEMPATH\BaseModel.php(676): CodeIgniter\Model->doFindAll(0, 0)
 7 APPPATH\Controllers\Kelas.php(28): CodeIgniter\BaseModel->findAll()
 8 SYSTEMPATH\CodeIgniter.php(951): App\Controllers\Kelas->index()
 9 SYSTEMPATH\CodeIgniter.php(497): CodeIgniter\CodeIgniter->runController(Object(App\Controllers\Kelas))
10 SYSTEMPATH\CodeIgniter.php(340): CodeIgniter\CodeIgniter->handleRequest(null, Object(Config\Cache), false)
11 SYSTEMPATH\Boot.php(417): CodeIgniter\CodeIgniter->run()
12 SYSTEMPATH\Boot.php(68): CodeIgniter\Boot::runCodeIgniter(Object(CodeIgniter\CodeIgniter))
13 FCPATH\index.php(59): CodeIgniter\Boot::bootWeb(Object(Config\Paths))
ERROR - 2026-05-16 14:58:34 --> Unknown column 'kelas.id_pendidikan' in 'on clause'
in SYSTEMPATH\Database\MySQLi\Connection.php on line 300.
 1 SYSTEMPATH\Database\MySQLi\Connection.php(300): mysqli->query('SELECT *
FROM `kelas`
JOIN `guru` ON `guru`.`id` = `kelas`.`id_guru`
JOIN `pendidikan` ON `pendidikan`.`id_pendidikan` = `kelas`.`id_pendidikan`', 0)
 2 SYSTEMPATH\Database\BaseConnection.php(910): CodeIgniter\Database\MySQLi\Connection->execute('SELECT *
FROM `kelas`
JOIN `guru` ON `guru`.`id` = `kelas`.`id_guru`
JOIN `pendidikan` ON `pendidikan`.`id_pendidikan` = `kelas`.`id_pendidikan`')
 3 SYSTEMPATH\Database\BaseConnection.php(827): CodeIgniter\Database\BaseConnection->simpleQuery('SELECT *
FROM `kelas`
JOIN `guru` ON `guru`.`id` = `kelas`.`id_guru`
JOIN `pendidikan` ON `pendidikan`.`id_pendidikan` = `kelas`.`id_pendidikan`')
 4 SYSTEMPATH\Database\BaseBuilder.php(1649): CodeIgniter\Database\BaseConnection->query('SELECT *
FROM `kelas`
JOIN `guru` ON `guru`.`id` = `kelas`.`id_guru`
JOIN `pendidikan` ON `pendidikan`.`id_pendidikan` = `kelas`.`id_pendidikan`', [], false)
 5 SYSTEMPATH\Model.php(253): CodeIgniter\Database\BaseBuilder->get()
 6 SYSTEMPATH\BaseModel.php(676): CodeIgniter\Model->doFindAll(0, 0)
 7 APPPATH\Controllers\Kelas.php(28): CodeIgniter\BaseModel->findAll()
 8 SYSTEMPATH\CodeIgniter.php(951): App\Controllers\Kelas->index()
 9 SYSTEMPATH\CodeIgniter.php(497): CodeIgniter\CodeIgniter->runController(Object(App\Controllers\Kelas))
10 SYSTEMPATH\CodeIgniter.php(340): CodeIgniter\CodeIgniter->handleRequest(null, Object(Config\Cache), false)
11 SYSTEMPATH\Boot.php(417): CodeIgniter\CodeIgniter->run()
12 SYSTEMPATH\Boot.php(68): CodeIgniter\Boot::runCodeIgniter(Object(CodeIgniter\CodeIgniter))
13 FCPATH\index.php(59): CodeIgniter\Boot::bootWeb(Object(Config\Paths))
CRITICAL - 2026-05-16 14:58:34 --> CodeIgniter\Database\Exceptions\DatabaseException: Unknown column 'kelas.id_pendidikan' in 'on clause'
[Method: GET, Route: kelas]
in SYSTEMPATH\Database\BaseConnection.php on line 865.
 1 SYSTEMPATH\Database\BaseBuilder.php(1649): CodeIgniter\Database\BaseConnection->query('SELECT *
FROM `kelas`
JOIN `guru` ON `guru`.`id` = `kelas`.`id_guru`
JOIN `pendidikan` ON `pendidikan`.`id_pendidikan` = `kelas`.`id_pendidikan`', [], false)
 2 SYSTEMPATH\Model.php(253): CodeIgniter\Database\BaseBuilder->get()
 3 SYSTEMPATH\BaseModel.php(676): CodeIgniter\Model->doFindAll(0, 0)
 4 APPPATH\Controllers\Kelas.php(28): CodeIgniter\BaseModel->findAll()
 5 SYSTEMPATH\CodeIgniter.php(951): App\Controllers\Kelas->index()
 6 SYSTEMPATH\CodeIgniter.php(497): CodeIgniter\CodeIgniter->runController(Object(App\Controllers\Kelas))
 7 SYSTEMPATH\CodeIgniter.php(340): CodeIgniter\CodeIgniter->handleRequest(null, Object(Config\Cache), false)
 8 SYSTEMPATH\Boot.php(417): CodeIgniter\CodeIgniter->run()
 9 SYSTEMPATH\Boot.php(68): CodeIgniter\Boot::runCodeIgniter(Object(CodeIgniter\CodeIgniter))
10 FCPATH\index.php(59): CodeIgniter\Boot::bootWeb(Object(Config\Paths))
CRITICAL - 2026-05-16 14:58:34 --> [Caused by] CodeIgniter\Database\Exceptions\DatabaseException: Unknown column 'kelas.id_pendidikan' in 'on clause'
in SYSTEMPATH\Database\MySQLi\Connection.php on line 310.
 1 SYSTEMPATH\Database\BaseConnection.php(910): CodeIgniter\Database\MySQLi\Connection->execute('SELECT *
FROM `kelas`
JOIN `guru` ON `guru`.`id` = `kelas`.`id_guru`
JOIN `pendidikan` ON `pendidikan`.`id_pendidikan` = `kelas`.`id_pendidikan`')
 2 SYSTEMPATH\Database\BaseConnection.php(827): CodeIgniter\Database\BaseConnection->simpleQuery('SELECT *
FROM `kelas`
JOIN `guru` ON `guru`.`id` = `kelas`.`id_guru`
JOIN `pendidikan` ON `pendidikan`.`id_pendidikan` = `kelas`.`id_pendidikan`')
 3 SYSTEMPATH\Database\BaseBuilder.php(1649): CodeIgniter\Database\BaseConnection->query('SELECT *
FROM `kelas`
JOIN `guru` ON `guru`.`id` = `kelas`.`id_guru`
JOIN `pendidikan` ON `pendidikan`.`id_pendidikan` = `kelas`.`id_pendidikan`', [], false)
 4 SYSTEMPATH\Model.php(253): CodeIgniter\Database\BaseBuilder->get()
 5 SYSTEMPATH\BaseModel.php(676): CodeIgniter\Model->doFindAll(0, 0)
 6 APPPATH\Controllers\Kelas.php(28): CodeIgniter\BaseModel->findAll()
 7 SYSTEMPATH\CodeIgniter.php(951): App\Controllers\Kelas->index()
 8 SYSTEMPATH\CodeIgniter.php(497): CodeIgniter\CodeIgniter->runController(Object(App\Controllers\Kelas))
 9 SYSTEMPATH\CodeIgniter.php(340): CodeIgniter\CodeIgniter->handleRequest(null, Object(Config\Cache), false)
10 SYSTEMPATH\Boot.php(417): CodeIgniter\CodeIgniter->run()
11 SYSTEMPATH\Boot.php(68): CodeIgniter\Boot::runCodeIgniter(Object(CodeIgniter\CodeIgniter))
12 FCPATH\index.php(59): CodeIgniter\Boot::bootWeb(Object(Config\Paths))
CRITICAL - 2026-05-16 14:58:34 --> [Caused by] mysqli_sql_exception: Unknown column 'kelas.id_pendidikan' in 'on clause'
in SYSTEMPATH\Database\MySQLi\Connection.php on line 300.
 1 SYSTEMPATH\Database\MySQLi\Connection.php(300): mysqli->query('SELECT *
FROM `kelas`
JOIN `guru` ON `guru`.`id` = `kelas`.`id_guru`
JOIN `pendidikan` ON `pendidikan`.`id_pendidikan` = `kelas`.`id_pendidikan`', 0)
 2 SYSTEMPATH\Database\BaseConnection.php(910): CodeIgniter\Database\MySQLi\Connection->execute('SELECT *
FROM `kelas`
JOIN `guru` ON `guru`.`id` = `kelas`.`id_guru`
JOIN `pendidikan` ON `pendidikan`.`id_pendidikan` = `kelas`.`id_pendidikan`')
 3 SYSTEMPATH\Database\BaseConnection.php(827): CodeIgniter\Database\BaseConnection->simpleQuery('SELECT *
FROM `kelas`
JOIN `guru` ON `guru`.`id` = `kelas`.`id_guru`
JOIN `pendidikan` ON `pendidikan`.`id_pendidikan` = `kelas`.`id_pendidikan`')
 4 SYSTEMPATH\Database\BaseBuilder.php(1649): CodeIgniter\Database\BaseConnection->query('SELECT *
FROM `kelas`
JOIN `guru` ON `guru`.`id` = `kelas`.`id_guru`
JOIN `pendidikan` ON `pendidikan`.`id_pendidikan` = `kelas`.`id_pendidikan`', [], false)
 5 SYSTEMPATH\Model.php(253): CodeIgniter\Database\BaseBuilder->get()
 6 SYSTEMPATH\BaseModel.php(676): CodeIgniter\Model->doFindAll(0, 0)
 7 APPPATH\Controllers\Kelas.php(28): CodeIgniter\BaseModel->findAll()
 8 SYSTEMPATH\CodeIgniter.php(951): App\Controllers\Kelas->index()
 9 SYSTEMPATH\CodeIgniter.php(497): CodeIgniter\CodeIgniter->runController(Object(App\Controllers\Kelas))
10 SYSTEMPATH\CodeIgniter.php(340): CodeIgniter\CodeIgniter->handleRequest(null, Object(Config\Cache), false)
11 SYSTEMPATH\Boot.php(417): CodeIgniter\CodeIgniter->run()
12 SYSTEMPATH\Boot.php(68): CodeIgniter\Boot::runCodeIgniter(Object(CodeIgniter\CodeIgniter))
13 FCPATH\index.php(59): CodeIgniter\Boot::bootWeb(Object(Config\Paths))
ERROR - 2026-05-16 14:58:34 --> Unknown column 'kelas.id_pendidikan' in 'on clause'
in SYSTEMPATH\Database\MySQLi\Connection.php on line 300.
 1 SYSTEMPATH\Database\MySQLi\Connection.php(300): mysqli->query('SELECT *
FROM `kelas`
JOIN `guru` ON `guru`.`id` = `kelas`.`id_guru`
JOIN `pendidikan` ON `pendidikan`.`id_pendidikan` = `kelas`.`id_pendidikan`', 0)
 2 SYSTEMPATH\Database\BaseConnection.php(910): CodeIgniter\Database\MySQLi\Connection->execute('SELECT *
FROM `kelas`
JOIN `guru` ON `guru`.`id` = `kelas`.`id_guru`
JOIN `pendidikan` ON `pendidikan`.`id_pendidikan` = `kelas`.`id_pendidikan`')
 3 SYSTEMPATH\Database\BaseConnection.php(827): CodeIgniter\Database\BaseConnection->simpleQuery('SELECT *
FROM `kelas`
JOIN `guru` ON `guru`.`id` = `kelas`.`id_guru`
JOIN `pendidikan` ON `pendidikan`.`id_pendidikan` = `kelas`.`id_pendidikan`')
 4 SYSTEMPATH\Database\BaseBuilder.php(1649): CodeIgniter\Database\BaseConnection->query('SELECT *
FROM `kelas`
JOIN `guru` ON `guru`.`id` = `kelas`.`id_guru`
JOIN `pendidikan` ON `pendidikan`.`id_pendidikan` = `kelas`.`id_pendidikan`', [], false)
 5 SYSTEMPATH\Model.php(253): CodeIgniter\Database\BaseBuilder->get()
 6 SYSTEMPATH\BaseModel.php(676): CodeIgniter\Model->doFindAll(0, 0)
 7 APPPATH\Controllers\Kelas.php(28): CodeIgniter\BaseModel->findAll()
 8 SYSTEMPATH\CodeIgniter.php(951): App\Controllers\Kelas->index()
 9 SYSTEMPATH\CodeIgniter.php(497): CodeIgniter\CodeIgniter->runController(Object(App\Controllers\Kelas))
10 SYSTEMPATH\CodeIgniter.php(340): CodeIgniter\CodeIgniter->handleRequest(null, Object(Config\Cache), false)
11 SYSTEMPATH\Boot.php(417): CodeIgniter\CodeIgniter->run()
12 SYSTEMPATH\Boot.php(68): CodeIgniter\Boot::runCodeIgniter(Object(CodeIgniter\CodeIgniter))
13 FCPATH\index.php(59): CodeIgniter\Boot::bootWeb(Object(Config\Paths))
CRITICAL - 2026-05-16 14:58:34 --> CodeIgniter\Database\Exceptions\DatabaseException: Unknown column 'kelas.id_pendidikan' in 'on clause'
[Method: GET, Route: kelas]
in SYSTEMPATH\Database\BaseConnection.php on line 865.
 1 SYSTEMPATH\Database\BaseBuilder.php(1649): CodeIgniter\Database\BaseConnection->query('SELECT *
FROM `kelas`
JOIN `guru` ON `guru`.`id` = `kelas`.`id_guru`
JOIN `pendidikan` ON `pendidikan`.`id_pendidikan` = `kelas`.`id_pendidikan`', [], false)
 2 SYSTEMPATH\Model.php(253): CodeIgniter\Database\BaseBuilder->get()
 3 SYSTEMPATH\BaseModel.php(676): CodeIgniter\Model->doFindAll(0, 0)
 4 APPPATH\Controllers\Kelas.php(28): CodeIgniter\BaseModel->findAll()
 5 SYSTEMPATH\CodeIgniter.php(951): App\Controllers\Kelas->index()
 6 SYSTEMPATH\CodeIgniter.php(497): CodeIgniter\CodeIgniter->runController(Object(App\Controllers\Kelas))
 7 SYSTEMPATH\CodeIgniter.php(340): CodeIgniter\CodeIgniter->handleRequest(null, Object(Config\Cache), false)
 8 SYSTEMPATH\Boot.php(417): CodeIgniter\CodeIgniter->run()
 9 SYSTEMPATH\Boot.php(68): CodeIgniter\Boot::runCodeIgniter(Object(CodeIgniter\CodeIgniter))
10 FCPATH\index.php(59): CodeIgniter\Boot::bootWeb(Object(Config\Paths))
CRITICAL - 2026-05-16 14:58:34 --> [Caused by] CodeIgniter\Database\Exceptions\DatabaseException: Unknown column 'kelas.id_pendidikan' in 'on clause'
in SYSTEMPATH\Database\MySQLi\Connection.php on line 310.
 1 SYSTEMPATH\Database\BaseConnection.php(910): CodeIgniter\Database\MySQLi\Connection->execute('SELECT *
FROM `kelas`
JOIN `guru` ON `guru`.`id` = `kelas`.`id_guru`
JOIN `pendidikan` ON `pendidikan`.`id_pendidikan` = `kelas`.`id_pendidikan`')
 2 SYSTEMPATH\Database\BaseConnection.php(827): CodeIgniter\Database\BaseConnection->simpleQuery('SELECT *
FROM `kelas`
JOIN `guru` ON `guru`.`id` = `kelas`.`id_guru`
JOIN `pendidikan` ON `pendidikan`.`id_pendidikan` = `kelas`.`id_pendidikan`')
 3 SYSTEMPATH\Database\BaseBuilder.php(1649): CodeIgniter\Database\BaseConnection->query('SELECT *
FROM `kelas`
JOIN `guru` ON `guru`.`id` = `kelas`.`id_guru`
JOIN `pendidikan` ON `pendidikan`.`id_pendidikan` = `kelas`.`id_pendidikan`', [], false)
 4 SYSTEMPATH\Model.php(253): CodeIgniter\Database\BaseBuilder->get()
 5 SYSTEMPATH\BaseModel.php(676): CodeIgniter\Model->doFindAll(0, 0)
 6 APPPATH\Controllers\Kelas.php(28): CodeIgniter\BaseModel->findAll()
 7 SYSTEMPATH\CodeIgniter.php(951): App\Controllers\Kelas->index()
 8 SYSTEMPATH\CodeIgniter.php(497): CodeIgniter\CodeIgniter->runController(Object(App\Controllers\Kelas))
 9 SYSTEMPATH\CodeIgniter.php(340): CodeIgniter\CodeIgniter->handleRequest(null, Object(Config\Cache), false)
10 SYSTEMPATH\Boot.php(417): CodeIgniter\CodeIgniter->run()
11 SYSTEMPATH\Boot.php(68): CodeIgniter\Boot::runCodeIgniter(Object(CodeIgniter\CodeIgniter))
12 FCPATH\index.php(59): CodeIgniter\Boot::bootWeb(Object(Config\Paths))
CRITICAL - 2026-05-16 14:58:34 --> [Caused by] mysqli_sql_exception: Unknown column 'kelas.id_pendidikan' in 'on clause'
in SYSTEMPATH\Database\MySQLi\Connection.php on line 300.
 1 SYSTEMPATH\Database\MySQLi\Connection.php(300): mysqli->query('SELECT *
FROM `kelas`
JOIN `guru` ON `guru`.`id` = `kelas`.`id_guru`
JOIN `pendidikan` ON `pendidikan`.`id_pendidikan` = `kelas`.`id_pendidikan`', 0)
 2 SYSTEMPATH\Database\BaseConnection.php(910): CodeIgniter\Database\MySQLi\Connection->execute('SELECT *
FROM `kelas`
JOIN `guru` ON `guru`.`id` = `kelas`.`id_guru`
JOIN `pendidikan` ON `pendidikan`.`id_pendidikan` = `kelas`.`id_pendidikan`')
 3 SYSTEMPATH\Database\BaseConnection.php(827): CodeIgniter\Database\BaseConnection->simpleQuery('SELECT *
FROM `kelas`
JOIN `guru` ON `guru`.`id` = `kelas`.`id_guru`
JOIN `pendidikan` ON `pendidikan`.`id_pendidikan` = `kelas`.`id_pendidikan`')
 4 SYSTEMPATH\Database\BaseBuilder.php(1649): CodeIgniter\Database\BaseConnection->query('SELECT *
FROM `kelas`
JOIN `guru` ON `guru`.`id` = `kelas`.`id_guru`
JOIN `pendidikan` ON `pendidikan`.`id_pendidikan` = `kelas`.`id_pendidikan`', [], false)
 5 SYSTEMPATH\Model.php(253): CodeIgniter\Database\BaseBuilder->get()
 6 SYSTEMPATH\BaseModel.php(676): CodeIgniter\Model->doFindAll(0, 0)
 7 APPPATH\Controllers\Kelas.php(28): CodeIgniter\BaseModel->findAll()
 8 SYSTEMPATH\CodeIgniter.php(951): App\Controllers\Kelas->index()
 9 SYSTEMPATH\CodeIgniter.php(497): CodeIgniter\CodeIgniter->runController(Object(App\Controllers\Kelas))
10 SYSTEMPATH\CodeIgniter.php(340): CodeIgniter\CodeIgniter->handleRequest(null, Object(Config\Cache), false)
11 SYSTEMPATH\Boot.php(417): CodeIgniter\CodeIgniter->run()
12 SYSTEMPATH\Boot.php(68): CodeIgniter\Boot::runCodeIgniter(Object(CodeIgniter\CodeIgniter))
13 FCPATH\index.php(59): CodeIgniter\Boot::bootWeb(Object(Config\Paths))
ERROR - 2026-05-16 14:58:35 --> Unknown column 'kelas.id_pendidikan' in 'on clause'
in SYSTEMPATH\Database\MySQLi\Connection.php on line 300.
 1 SYSTEMPATH\Database\MySQLi\Connection.php(300): mysqli->query('SELECT *
FROM `kelas`
JOIN `guru` ON `guru`.`id` = `kelas`.`id_guru`
JOIN `pendidikan` ON `pendidikan`.`id_pendidikan` = `kelas`.`id_pendidikan`', 0)
 2 SYSTEMPATH\Database\BaseConnection.php(910): CodeIgniter\Database\MySQLi\Connection->execute('SELECT *
FROM `kelas`
JOIN `guru` ON `guru`.`id` = `kelas`.`id_guru`
JOIN `pendidikan` ON `pendidikan`.`id_pendidikan` = `kelas`.`id_pendidikan`')
 3 SYSTEMPATH\Database\BaseConnection.php(827): CodeIgniter\Database\BaseConnection->simpleQuery('SELECT *
FROM `kelas`
JOIN `guru` ON `guru`.`id` = `kelas`.`id_guru`
JOIN `pendidikan` ON `pendidikan`.`id_pendidikan` = `kelas`.`id_pendidikan`')
 4 SYSTEMPATH\Database\BaseBuilder.php(1649): CodeIgniter\Database\BaseConnection->query('SELECT *
FROM `kelas`
JOIN `guru` ON `guru`.`id` = `kelas`.`id_guru`
JOIN `pendidikan` ON `pendidikan`.`id_pendidikan` = `kelas`.`id_pendidikan`', [], false)
 5 SYSTEMPATH\Model.php(253): CodeIgniter\Database\BaseBuilder->get()
 6 SYSTEMPATH\BaseModel.php(676): CodeIgniter\Model->doFindAll(0, 0)
 7 APPPATH\Controllers\Kelas.php(28): CodeIgniter\BaseModel->findAll()
 8 SYSTEMPATH\CodeIgniter.php(951): App\Controllers\Kelas->index()
 9 SYSTEMPATH\CodeIgniter.php(497): CodeIgniter\CodeIgniter->runController(Object(App\Controllers\Kelas))
10 SYSTEMPATH\CodeIgniter.php(340): CodeIgniter\CodeIgniter->handleRequest(null, Object(Config\Cache), false)
11 SYSTEMPATH\Boot.php(417): CodeIgniter\CodeIgniter->run()
12 SYSTEMPATH\Boot.php(68): CodeIgniter\Boot::runCodeIgniter(Object(CodeIgniter\CodeIgniter))
13 FCPATH\index.php(59): CodeIgniter\Boot::bootWeb(Object(Config\Paths))
CRITICAL - 2026-05-16 14:58:35 --> CodeIgniter\Database\Exceptions\DatabaseException: Unknown column 'kelas.id_pendidikan' in 'on clause'
[Method: GET, Route: kelas]
in SYSTEMPATH\Database\BaseConnection.php on line 865.
 1 SYSTEMPATH\Database\BaseBuilder.php(1649): CodeIgniter\Database\BaseConnection->query('SELECT *
FROM `kelas`
JOIN `guru` ON `guru`.`id` = `kelas`.`id_guru`
JOIN `pendidikan` ON `pendidikan`.`id_pendidikan` = `kelas`.`id_pendidikan`', [], false)
 2 SYSTEMPATH\Model.php(253): CodeIgniter\Database\BaseBuilder->get()
 3 SYSTEMPATH\BaseModel.php(676): CodeIgniter\Model->doFindAll(0, 0)
 4 APPPATH\Controllers\Kelas.php(28): CodeIgniter\BaseModel->findAll()
 5 SYSTEMPATH\CodeIgniter.php(951): App\Controllers\Kelas->index()
 6 SYSTEMPATH\CodeIgniter.php(497): CodeIgniter\CodeIgniter->runController(Object(App\Controllers\Kelas))
 7 SYSTEMPATH\CodeIgniter.php(340): CodeIgniter\CodeIgniter->handleRequest(null, Object(Config\Cache), false)
 8 SYSTEMPATH\Boot.php(417): CodeIgniter\CodeIgniter->run()
 9 SYSTEMPATH\Boot.php(68): CodeIgniter\Boot::runCodeIgniter(Object(CodeIgniter\CodeIgniter))
10 FCPATH\index.php(59): CodeIgniter\Boot::bootWeb(Object(Config\Paths))
CRITICAL - 2026-05-16 14:58:35 --> [Caused by] CodeIgniter\Database\Exceptions\DatabaseException: Unknown column 'kelas.id_pendidikan' in 'on clause'
in SYSTEMPATH\Database\MySQLi\Connection.php on line 310.
 1 SYSTEMPATH\Database\BaseConnection.php(910): CodeIgniter\Database\MySQLi\Connection->execute('SELECT *
FROM `kelas`
JOIN `guru` ON `guru`.`id` = `kelas`.`id_guru`
JOIN `pendidikan` ON `pendidikan`.`id_pendidikan` = `kelas`.`id_pendidikan`')
 2 SYSTEMPATH\Database\BaseConnection.php(827): CodeIgniter\Database\BaseConnection->simpleQuery('SELECT *
FROM `kelas`
JOIN `guru` ON `guru`.`id` = `kelas`.`id_guru`
JOIN `pendidikan` ON `pendidikan`.`id_pendidikan` = `kelas`.`id_pendidikan`')
 3 SYSTEMPATH\Database\BaseBuilder.php(1649): CodeIgniter\Database\BaseConnection->query('SELECT *
FROM `kelas`
JOIN `guru` ON `guru`.`id` = `kelas`.`id_guru`
JOIN `pendidikan` ON `pendidikan`.`id_pendidikan` = `kelas`.`id_pendidikan`', [], false)
 4 SYSTEMPATH\Model.php(253): CodeIgniter\Database\BaseBuilder->get()
 5 SYSTEMPATH\BaseModel.php(676): CodeIgniter\Model->doFindAll(0, 0)
 6 APPPATH\Controllers\Kelas.php(28): CodeIgniter\BaseModel->findAll()
 7 SYSTEMPATH\CodeIgniter.php(951): App\Controllers\Kelas->index()
 8 SYSTEMPATH\CodeIgniter.php(497): CodeIgniter\CodeIgniter->runController(Object(App\Controllers\Kelas))
 9 SYSTEMPATH\CodeIgniter.php(340): CodeIgniter\CodeIgniter->handleRequest(null, Object(Config\Cache), false)
10 SYSTEMPATH\Boot.php(417): CodeIgniter\CodeIgniter->run()
11 SYSTEMPATH\Boot.php(68): CodeIgniter\Boot::runCodeIgniter(Object(CodeIgniter\CodeIgniter))
12 FCPATH\index.php(59): CodeIgniter\Boot::bootWeb(Object(Config\Paths))
CRITICAL - 2026-05-16 14:58:35 --> [Caused by] mysqli_sql_exception: Unknown column 'kelas.id_pendidikan' in 'on clause'
in SYSTEMPATH\Database\MySQLi\Connection.php on line 300.
 1 SYSTEMPATH\Database\MySQLi\Connection.php(300): mysqli->query('SELECT *
FROM `kelas`
JOIN `guru` ON `guru`.`id` = `kelas`.`id_guru`
JOIN `pendidikan` ON `pendidikan`.`id_pendidikan` = `kelas`.`id_pendidikan`', 0)
 2 SYSTEMPATH\Database\BaseConnection.php(910): CodeIgniter\Database\MySQLi\Connection->execute('SELECT *
FROM `kelas`
JOIN `guru` ON `guru`.`id` = `kelas`.`id_guru`
JOIN `pendidikan` ON `pendidikan`.`id_pendidikan` = `kelas`.`id_pendidikan`')
 3 SYSTEMPATH\Database\BaseConnection.php(827): CodeIgniter\Database\BaseConnection->simpleQuery('SELECT *
FROM `kelas`
JOIN `guru` ON `guru`.`id` = `kelas`.`id_guru`
JOIN `pendidikan` ON `pendidikan`.`id_pendidikan` = `kelas`.`id_pendidikan`')
 4 SYSTEMPATH\Database\BaseBuilder.php(1649): CodeIgniter\Database\BaseConnection->query('SELECT *
FROM `kelas`
JOIN `guru` ON `guru`.`id` = `kelas`.`id_guru`
JOIN `pendidikan` ON `pendidikan`.`id_pendidikan` = `kelas`.`id_pendidikan`', [], false)
 5 SYSTEMPATH\Model.php(253): CodeIgniter\Database\BaseBuilder->get()
 6 SYSTEMPATH\BaseModel.php(676): CodeIgniter\Model->doFindAll(0, 0)
 7 APPPATH\Controllers\Kelas.php(28): CodeIgniter\BaseModel->findAll()
 8 SYSTEMPATH\CodeIgniter.php(951): App\Controllers\Kelas->index()
 9 SYSTEMPATH\CodeIgniter.php(497): CodeIgniter\CodeIgniter->runController(Object(App\Controllers\Kelas))
10 SYSTEMPATH\CodeIgniter.php(340): CodeIgniter\CodeIgniter->handleRequest(null, Object(Config\Cache), false)
11 SYSTEMPATH\Boot.php(417): CodeIgniter\CodeIgniter->run()
12 SYSTEMPATH\Boot.php(68): CodeIgniter\Boot::runCodeIgniter(Object(CodeIgniter\CodeIgniter))
13 FCPATH\index.php(59): CodeIgniter\Boot::bootWeb(Object(Config\Paths))
ERROR - 2026-05-16 14:58:36 --> Unknown column 'kelas.id_pendidikan' in 'on clause'
in SYSTEMPATH\Database\MySQLi\Connection.php on line 300.
 1 SYSTEMPATH\Database\MySQLi\Connection.php(300): mysqli->query('SELECT *
FROM `kelas`
JOIN `guru` ON `guru`.`id` = `kelas`.`id_guru`
JOIN `pendidikan` ON `pendidikan`.`id_pendidikan` = `kelas`.`id_pendidikan`', 0)
 2 SYSTEMPATH\Database\BaseConnection.php(910): CodeIgniter\Database\MySQLi\Connection->execute('SELECT *
FROM `kelas`
JOIN `guru` ON `guru`.`id` = `kelas`.`id_guru`
JOIN `pendidikan` ON `pendidikan`.`id_pendidikan` = `kelas`.`id_pendidikan`')
 3 SYSTEMPATH\Database\BaseConnection.php(827): CodeIgniter\Database\BaseConnection->simpleQuery('SELECT *
FROM `kelas`
JOIN `guru` ON `guru`.`id` = `kelas`.`id_guru`
JOIN `pendidikan` ON `pendidikan`.`id_pendidikan` = `kelas`.`id_pendidikan`')
 4 SYSTEMPATH\Database\BaseBuilder.php(1649): CodeIgniter\Database\BaseConnection->query('SELECT *
FROM `kelas`
JOIN `guru` ON `guru`.`id` = `kelas`.`id_guru`
JOIN `pendidikan` ON `pendidikan`.`id_pendidikan` = `kelas`.`id_pendidikan`', [], false)
 5 SYSTEMPATH\Model.php(253): CodeIgniter\Database\BaseBuilder->get()
 6 SYSTEMPATH\BaseModel.php(676): CodeIgniter\Model->doFindAll(0, 0)
 7 APPPATH\Controllers\Kelas.php(28): CodeIgniter\BaseModel->findAll()
 8 SYSTEMPATH\CodeIgniter.php(951): App\Controllers\Kelas->index()
 9 SYSTEMPATH\CodeIgniter.php(497): CodeIgniter\CodeIgniter->runController(Object(App\Controllers\Kelas))
10 SYSTEMPATH\CodeIgniter.php(340): CodeIgniter\CodeIgniter->handleRequest(null, Object(Config\Cache), false)
11 SYSTEMPATH\Boot.php(417): CodeIgniter\CodeIgniter->run()
12 SYSTEMPATH\Boot.php(68): CodeIgniter\Boot::runCodeIgniter(Object(CodeIgniter\CodeIgniter))
13 FCPATH\index.php(59): CodeIgniter\Boot::bootWeb(Object(Config\Paths))
CRITICAL - 2026-05-16 14:58:36 --> CodeIgniter\Database\Exceptions\DatabaseException: Unknown column 'kelas.id_pendidikan' in 'on clause'
[Method: GET, Route: kelas]
in SYSTEMPATH\Database\BaseConnection.php on line 865.
 1 SYSTEMPATH\Database\BaseBuilder.php(1649): CodeIgniter\Database\BaseConnection->query('SELECT *
FROM `kelas`
JOIN `guru` ON `guru`.`id` = `kelas`.`id_guru`
JOIN `pendidikan` ON `pendidikan`.`id_pendidikan` = `kelas`.`id_pendidikan`', [], false)
 2 SYSTEMPATH\Model.php(253): CodeIgniter\Database\BaseBuilder->get()
 3 SYSTEMPATH\BaseModel.php(676): CodeIgniter\Model->doFindAll(0, 0)
 4 APPPATH\Controllers\Kelas.php(28): CodeIgniter\BaseModel->findAll()
 5 SYSTEMPATH\CodeIgniter.php(951): App\Controllers\Kelas->index()
 6 SYSTEMPATH\CodeIgniter.php(497): CodeIgniter\CodeIgniter->runController(Object(App\Controllers\Kelas))
 7 SYSTEMPATH\CodeIgniter.php(340): CodeIgniter\CodeIgniter->handleRequest(null, Object(Config\Cache), false)
 8 SYSTEMPATH\Boot.php(417): CodeIgniter\CodeIgniter->run()
 9 SYSTEMPATH\Boot.php(68): CodeIgniter\Boot::runCodeIgniter(Object(CodeIgniter\CodeIgniter))
10 FCPATH\index.php(59): CodeIgniter\Boot::bootWeb(Object(Config\Paths))
CRITICAL - 2026-05-16 14:58:36 --> [Caused by] CodeIgniter\Database\Exceptions\DatabaseException: Unknown column 'kelas.id_pendidikan' in 'on clause'
in SYSTEMPATH\Database\MySQLi\Connection.php on line 310.
 1 SYSTEMPATH\Database\BaseConnection.php(910): CodeIgniter\Database\MySQLi\Connection->execute('SELECT *
FROM `kelas`
JOIN `guru` ON `guru`.`id` = `kelas`.`id_guru`
JOIN `pendidikan` ON `pendidikan`.`id_pendidikan` = `kelas`.`id_pendidikan`')
 2 SYSTEMPATH\Database\BaseConnection.php(827): CodeIgniter\Database\BaseConnection->simpleQuery('SELECT *
FROM `kelas`
JOIN `guru` ON `guru`.`id` = `kelas`.`id_guru`
JOIN `pendidikan` ON `pendidikan`.`id_pendidikan` = `kelas`.`id_pendidikan`')
 3 SYSTEMPATH\Database\BaseBuilder.php(1649): CodeIgniter\Database\BaseConnection->query('SELECT *
FROM `kelas`
JOIN `guru` ON `guru`.`id` = `kelas`.`id_guru`
JOIN `pendidikan` ON `pendidikan`.`id_pendidikan` = `kelas`.`id_pendidikan`', [], false)
 4 SYSTEMPATH\Model.php(253): CodeIgniter\Database\BaseBuilder->get()
 5 SYSTEMPATH\BaseModel.php(676): CodeIgniter\Model->doFindAll(0, 0)
 6 APPPATH\Controllers\Kelas.php(28): CodeIgniter\BaseModel->findAll()
 7 SYSTEMPATH\CodeIgniter.php(951): App\Controllers\Kelas->index()
 8 SYSTEMPATH\CodeIgniter.php(497): CodeIgniter\CodeIgniter->runController(Object(App\Controllers\Kelas))
 9 SYSTEMPATH\CodeIgniter.php(340): CodeIgniter\CodeIgniter->handleRequest(null, Object(Config\Cache), false)
10 SYSTEMPATH\Boot.php(417): CodeIgniter\CodeIgniter->run()
11 SYSTEMPATH\Boot.php(68): CodeIgniter\Boot::runCodeIgniter(Object(CodeIgniter\CodeIgniter))
12 FCPATH\index.php(59): CodeIgniter\Boot::bootWeb(Object(Config\Paths))
CRITICAL - 2026-05-16 14:58:36 --> [Caused by] mysqli_sql_exception: Unknown column 'kelas.id_pendidikan' in 'on clause'
in SYSTEMPATH\Database\MySQLi\Connection.php on line 300.
 1 SYSTEMPATH\Database\MySQLi\Connection.php(300): mysqli->query('SELECT *
FROM `kelas`
JOIN `guru` ON `guru`.`id` = `kelas`.`id_guru`
JOIN `pendidikan` ON `pendidikan`.`id_pendidikan` = `kelas`.`id_pendidikan`', 0)
 2 SYSTEMPATH\Database\BaseConnection.php(910): CodeIgniter\Database\MySQLi\Connection->execute('SELECT *
FROM `kelas`
JOIN `guru` ON `guru`.`id` = `kelas`.`id_guru`
JOIN `pendidikan` ON `pendidikan`.`id_pendidikan` = `kelas`.`id_pendidikan`')
 3 SYSTEMPATH\Database\BaseConnection.php(827): CodeIgniter\Database\BaseConnection->simpleQuery('SELECT *
FROM `kelas`
JOIN `guru` ON `guru`.`id` = `kelas`.`id_guru`
JOIN `pendidikan` ON `pendidikan`.`id_pendidikan` = `kelas`.`id_pendidikan`')
 4 SYSTEMPATH\Database\BaseBuilder.php(1649): CodeIgniter\Database\BaseConnection->query('SELECT *
FROM `kelas`
JOIN `guru` ON `guru`.`id` = `kelas`.`id_guru`
JOIN `pendidikan` ON `pendidikan`.`id_pendidikan` = `kelas`.`id_pendidikan`', [], false)
 5 SYSTEMPATH\Model.php(253): CodeIgniter\Database\BaseBuilder->get()
 6 SYSTEMPATH\BaseModel.php(676): CodeIgniter\Model->doFindAll(0, 0)
 7 APPPATH\Controllers\Kelas.php(28): CodeIgniter\BaseModel->findAll()
 8 SYSTEMPATH\CodeIgniter.php(951): App\Controllers\Kelas->index()
 9 SYSTEMPATH\CodeIgniter.php(497): CodeIgniter\CodeIgniter->runController(Object(App\Controllers\Kelas))
10 SYSTEMPATH\CodeIgniter.php(340): CodeIgniter\CodeIgniter->handleRequest(null, Object(Config\Cache), false)
11 SYSTEMPATH\Boot.php(417): CodeIgniter\CodeIgniter->run()
12 SYSTEMPATH\Boot.php(68): CodeIgniter\Boot::runCodeIgniter(Object(CodeIgniter\CodeIgniter))
13 FCPATH\index.php(59): CodeIgniter\Boot::bootWeb(Object(Config\Paths))
ERROR - 2026-05-16 14:58:36 --> Unknown column 'kelas.id_pendidikan' in 'on clause'
in SYSTEMPATH\Database\MySQLi\Connection.php on line 300.
 1 SYSTEMPATH\Database\MySQLi\Connection.php(300): mysqli->query('SELECT *
FROM `kelas`
JOIN `guru` ON `guru`.`id` = `kelas`.`id_guru`
JOIN `pendidikan` ON `pendidikan`.`id_pendidikan` = `kelas`.`id_pendidikan`', 0)
 2 SYSTEMPATH\Database\BaseConnection.php(910): CodeIgniter\Database\MySQLi\Connection->execute('SELECT *
FROM `kelas`
JOIN `guru` ON `guru`.`id` = `kelas`.`id_guru`
JOIN `pendidikan` ON `pendidikan`.`id_pendidikan` = `kelas`.`id_pendidikan`')
 3 SYSTEMPATH\Database\BaseConnection.php(827): CodeIgniter\Database\BaseConnection->simpleQuery('SELECT *
FROM `kelas`
JOIN `guru` ON `guru`.`id` = `kelas`.`id_guru`
JOIN `pendidikan` ON `pendidikan`.`id_pendidikan` = `kelas`.`id_pendidikan`')
 4 SYSTEMPATH\Database\BaseBuilder.php(1649): CodeIgniter\Database\BaseConnection->query('SELECT *
FROM `kelas`
JOIN `guru` ON `guru`.`id` = `kelas`.`id_guru`
JOIN `pendidikan` ON `pendidikan`.`id_pendidikan` = `kelas`.`id_pendidikan`', [], false)
 5 SYSTEMPATH\Model.php(253): CodeIgniter\Database\BaseBuilder->get()
 6 SYSTEMPATH\BaseModel.php(676): CodeIgniter\Model->doFindAll(0, 0)
 7 APPPATH\Controllers\Kelas.php(28): CodeIgniter\BaseModel->findAll()
 8 SYSTEMPATH\CodeIgniter.php(951): App\Controllers\Kelas->index()
 9 SYSTEMPATH\CodeIgniter.php(497): CodeIgniter\CodeIgniter->runController(Object(App\Controllers\Kelas))
10 SYSTEMPATH\CodeIgniter.php(340): CodeIgniter\CodeIgniter->handleRequest(null, Object(Config\Cache), false)
11 SYSTEMPATH\Boot.php(417): CodeIgniter\CodeIgniter->run()
12 SYSTEMPATH\Boot.php(68): CodeIgniter\Boot::runCodeIgniter(Object(CodeIgniter\CodeIgniter))
13 FCPATH\index.php(59): CodeIgniter\Boot::bootWeb(Object(Config\Paths))
CRITICAL - 2026-05-16 14:58:36 --> CodeIgniter\Database\Exceptions\DatabaseException: Unknown column 'kelas.id_pendidikan' in 'on clause'
[Method: GET, Route: kelas]
in SYSTEMPATH\Database\BaseConnection.php on line 865.
 1 SYSTEMPATH\Database\BaseBuilder.php(1649): CodeIgniter\Database\BaseConnection->query('SELECT *
FROM `kelas`
JOIN `guru` ON `guru`.`id` = `kelas`.`id_guru`
JOIN `pendidikan` ON `pendidikan`.`id_pendidikan` = `kelas`.`id_pendidikan`', [], false)
 2 SYSTEMPATH\Model.php(253): CodeIgniter\Database\BaseBuilder->get()
 3 SYSTEMPATH\BaseModel.php(676): CodeIgniter\Model->doFindAll(0, 0)
 4 APPPATH\Controllers\Kelas.php(28): CodeIgniter\BaseModel->findAll()
 5 SYSTEMPATH\CodeIgniter.php(951): App\Controllers\Kelas->index()
 6 SYSTEMPATH\CodeIgniter.php(497): CodeIgniter\CodeIgniter->runController(Object(App\Controllers\Kelas))
 7 SYSTEMPATH\CodeIgniter.php(340): CodeIgniter\CodeIgniter->handleRequest(null, Object(Config\Cache), false)
 8 SYSTEMPATH\Boot.php(417): CodeIgniter\CodeIgniter->run()
 9 SYSTEMPATH\Boot.php(68): CodeIgniter\Boot::runCodeIgniter(Object(CodeIgniter\CodeIgniter))
10 FCPATH\index.php(59): CodeIgniter\Boot::bootWeb(Object(Config\Paths))
CRITICAL - 2026-05-16 14:58:36 --> [Caused by] CodeIgniter\Database\Exceptions\DatabaseException: Unknown column 'kelas.id_pendidikan' in 'on clause'
in SYSTEMPATH\Database\MySQLi\Connection.php on line 310.
 1 SYSTEMPATH\Database\BaseConnection.php(910): CodeIgniter\Database\MySQLi\Connection->execute('SELECT *
FROM `kelas`
JOIN `guru` ON `guru`.`id` = `kelas`.`id_guru`
JOIN `pendidikan` ON `pendidikan`.`id_pendidikan` = `kelas`.`id_pendidikan`')
 2 SYSTEMPATH\Database\BaseConnection.php(827): CodeIgniter\Database\BaseConnection->simpleQuery('SELECT *
FROM `kelas`
JOIN `guru` ON `guru`.`id` = `kelas`.`id_guru`
JOIN `pendidikan` ON `pendidikan`.`id_pendidikan` = `kelas`.`id_pendidikan`')
 3 SYSTEMPATH\Database\BaseBuilder.php(1649): CodeIgniter\Database\BaseConnection->query('SELECT *
FROM `kelas`
JOIN `guru` ON `guru`.`id` = `kelas`.`id_guru`
JOIN `pendidikan` ON `pendidikan`.`id_pendidikan` = `kelas`.`id_pendidikan`', [], false)
 4 SYSTEMPATH\Model.php(253): CodeIgniter\Database\BaseBuilder->get()
 5 SYSTEMPATH\BaseModel.php(676): CodeIgniter\Model->doFindAll(0, 0)
 6 APPPATH\Controllers\Kelas.php(28): CodeIgniter\BaseModel->findAll()
 7 SYSTEMPATH\CodeIgniter.php(951): App\Controllers\Kelas->index()
 8 SYSTEMPATH\CodeIgniter.php(497): CodeIgniter\CodeIgniter->runController(Object(App\Controllers\Kelas))
 9 SYSTEMPATH\CodeIgniter.php(340): CodeIgniter\CodeIgniter->handleRequest(null, Object(Config\Cache), false)
10 SYSTEMPATH\Boot.php(417): CodeIgniter\CodeIgniter->run()
11 SYSTEMPATH\Boot.php(68): CodeIgniter\Boot::runCodeIgniter(Object(CodeIgniter\CodeIgniter))
12 FCPATH\index.php(59): CodeIgniter\Boot::bootWeb(Object(Config\Paths))
CRITICAL - 2026-05-16 14:58:36 --> [Caused by] mysqli_sql_exception: Unknown column 'kelas.id_pendidikan' in 'on clause'
in SYSTEMPATH\Database\MySQLi\Connection.php on line 300.
 1 SYSTEMPATH\Database\MySQLi\Connection.php(300): mysqli->query('SELECT *
FROM `kelas`
JOIN `guru` ON `guru`.`id` = `kelas`.`id_guru`
JOIN `pendidikan` ON `pendidikan`.`id_pendidikan` = `kelas`.`id_pendidikan`', 0)
 2 SYSTEMPATH\Database\BaseConnection.php(910): CodeIgniter\Database\MySQLi\Connection->execute('SELECT *
FROM `kelas`
JOIN `guru` ON `guru`.`id` = `kelas`.`id_guru`
JOIN `pendidikan` ON `pendidikan`.`id_pendidikan` = `kelas`.`id_pendidikan`')
 3 SYSTEMPATH\Database\BaseConnection.php(827): CodeIgniter\Database\BaseConnection->simpleQuery('SELECT *
FROM `kelas`
JOIN `guru` ON `guru`.`id` = `kelas`.`id_guru`
JOIN `pendidikan` ON `pendidikan`.`id_pendidikan` = `kelas`.`id_pendidikan`')
 4 SYSTEMPATH\Database\BaseBuilder.php(1649): CodeIgniter\Database\BaseConnection->query('SELECT *
FROM `kelas`
JOIN `guru` ON `guru`.`id` = `kelas`.`id_guru`
JOIN `pendidikan` ON `pendidikan`.`id_pendidikan` = `kelas`.`id_pendidikan`', [], false)
 5 SYSTEMPATH\Model.php(253): CodeIgniter\Database\BaseBuilder->get()
 6 SYSTEMPATH\BaseModel.php(676): CodeIgniter\Model->doFindAll(0, 0)
 7 APPPATH\Controllers\Kelas.php(28): CodeIgniter\BaseModel->findAll()
 8 SYSTEMPATH\CodeIgniter.php(951): App\Controllers\Kelas->index()
 9 SYSTEMPATH\CodeIgniter.php(497): CodeIgniter\CodeIgniter->runController(Object(App\Controllers\Kelas))
10 SYSTEMPATH\CodeIgniter.php(340): CodeIgniter\CodeIgniter->handleRequest(null, Object(Config\Cache), false)
11 SYSTEMPATH\Boot.php(417): CodeIgniter\CodeIgniter->run()
12 SYSTEMPATH\Boot.php(68): CodeIgniter\Boot::runCodeIgniter(Object(CodeIgniter\CodeIgniter))
13 FCPATH\index.php(59): CodeIgniter\Boot::bootWeb(Object(Config\Paths))
ERROR - 2026-05-16 14:58:36 --> Unknown column 'kelas.id_pendidikan' in 'on clause'
in SYSTEMPATH\Database\MySQLi\Connection.php on line 300.
 1 SYSTEMPATH\Database\MySQLi\Connection.php(300): mysqli->query('SELECT *
FROM `kelas`
JOIN `guru` ON `guru`.`id` = `kelas`.`id_guru`
JOIN `pendidikan` ON `pendidikan`.`id_pendidikan` = `kelas`.`id_pendidikan`', 0)
 2 SYSTEMPATH\Database\BaseConnection.php(910): CodeIgniter\Database\MySQLi\Connection->execute('SELECT *
FROM `kelas`
JOIN `guru` ON `guru`.`id` = `kelas`.`id_guru`
JOIN `pendidikan` ON `pendidikan`.`id_pendidikan` = `kelas`.`id_pendidikan`')
 3 SYSTEMPATH\Database\BaseConnection.php(827): CodeIgniter\Database\BaseConnection->simpleQuery('SELECT *
FROM `kelas`
JOIN `guru` ON `guru`.`id` = `kelas`.`id_guru`
JOIN `pendidikan` ON `pendidikan`.`id_pendidikan` = `kelas`.`id_pendidikan`')
 4 SYSTEMPATH\Database\BaseBuilder.php(1649): CodeIgniter\Database\BaseConnection->query('SELECT *
FROM `kelas`
JOIN `guru` ON `guru`.`id` = `kelas`.`id_guru`
JOIN `pendidikan` ON `pendidikan`.`id_pendidikan` = `kelas`.`id_pendidikan`', [], false)
 5 SYSTEMPATH\Model.php(253): CodeIgniter\Database\BaseBuilder->get()
 6 SYSTEMPATH\BaseModel.php(676): CodeIgniter\Model->doFindAll(0, 0)
 7 APPPATH\Controllers\Kelas.php(28): CodeIgniter\BaseModel->findAll()
 8 SYSTEMPATH\CodeIgniter.php(951): App\Controllers\Kelas->index()
 9 SYSTEMPATH\CodeIgniter.php(497): CodeIgniter\CodeIgniter->runController(Object(App\Controllers\Kelas))
10 SYSTEMPATH\CodeIgniter.php(340): CodeIgniter\CodeIgniter->handleRequest(null, Object(Config\Cache), false)
11 SYSTEMPATH\Boot.php(417): CodeIgniter\CodeIgniter->run()
12 SYSTEMPATH\Boot.php(68): CodeIgniter\Boot::runCodeIgniter(Object(CodeIgniter\CodeIgniter))
13 FCPATH\index.php(59): CodeIgniter\Boot::bootWeb(Object(Config\Paths))
CRITICAL - 2026-05-16 14:58:36 --> CodeIgniter\Database\Exceptions\DatabaseException: Unknown column 'kelas.id_pendidikan' in 'on clause'
[Method: GET, Route: kelas]
in SYSTEMPATH\Database\BaseConnection.php on line 865.
 1 SYSTEMPATH\Database\BaseBuilder.php(1649): CodeIgniter\Database\BaseConnection->query('SELECT *
FROM `kelas`
JOIN `guru` ON `guru`.`id` = `kelas`.`id_guru`
JOIN `pendidikan` ON `pendidikan`.`id_pendidikan` = `kelas`.`id_pendidikan`', [], false)
 2 SYSTEMPATH\Model.php(253): CodeIgniter\Database\BaseBuilder->get()
 3 SYSTEMPATH\BaseModel.php(676): CodeIgniter\Model->doFindAll(0, 0)
 4 APPPATH\Controllers\Kelas.php(28): CodeIgniter\BaseModel->findAll()
 5 SYSTEMPATH\CodeIgniter.php(951): App\Controllers\Kelas->index()
 6 SYSTEMPATH\CodeIgniter.php(497): CodeIgniter\CodeIgniter->runController(Object(App\Controllers\Kelas))
 7 SYSTEMPATH\CodeIgniter.php(340): CodeIgniter\CodeIgniter->handleRequest(null, Object(Config\Cache), false)
 8 SYSTEMPATH\Boot.php(417): CodeIgniter\CodeIgniter->run()
 9 SYSTEMPATH\Boot.php(68): CodeIgniter\Boot::runCodeIgniter(Object(CodeIgniter\CodeIgniter))
10 FCPATH\index.php(59): CodeIgniter\Boot::bootWeb(Object(Config\Paths))
CRITICAL - 2026-05-16 14:58:36 --> [Caused by] CodeIgniter\Database\Exceptions\DatabaseException: Unknown column 'kelas.id_pendidikan' in 'on clause'
in SYSTEMPATH\Database\MySQLi\Connection.php on line 310.
 1 SYSTEMPATH\Database\BaseConnection.php(910): CodeIgniter\Database\MySQLi\Connection->execute('SELECT *
FROM `kelas`
JOIN `guru` ON `guru`.`id` = `kelas`.`id_guru`
JOIN `pendidikan` ON `pendidikan`.`id_pendidikan` = `kelas`.`id_pendidikan`')
 2 SYSTEMPATH\Database\BaseConnection.php(827): CodeIgniter\Database\BaseConnection->simpleQuery('SELECT *
FROM `kelas`
JOIN `guru` ON `guru`.`id` = `kelas`.`id_guru`
JOIN `pendidikan` ON `pendidikan`.`id_pendidikan` = `kelas`.`id_pendidikan`')
 3 SYSTEMPATH\Database\BaseBuilder.php(1649): CodeIgniter\Database\BaseConnection->query('SELECT *
FROM `kelas`
JOIN `guru` ON `guru`.`id` = `kelas`.`id_guru`
JOIN `pendidikan` ON `pendidikan`.`id_pendidikan` = `kelas`.`id_pendidikan`', [], false)
 4 SYSTEMPATH\Model.php(253): CodeIgniter\Database\BaseBuilder->get()
 5 SYSTEMPATH\BaseModel.php(676): CodeIgniter\Model->doFindAll(0, 0)
 6 APPPATH\Controllers\Kelas.php(28): CodeIgniter\BaseModel->findAll()
 7 SYSTEMPATH\CodeIgniter.php(951): App\Controllers\Kelas->index()
 8 SYSTEMPATH\CodeIgniter.php(497): CodeIgniter\CodeIgniter->runController(Object(App\Controllers\Kelas))
 9 SYSTEMPATH\CodeIgniter.php(340): CodeIgniter\CodeIgniter->handleRequest(null, Object(Config\Cache), false)
10 SYSTEMPATH\Boot.php(417): CodeIgniter\CodeIgniter->run()
11 SYSTEMPATH\Boot.php(68): CodeIgniter\Boot::runCodeIgniter(Object(CodeIgniter\CodeIgniter))
12 FCPATH\index.php(59): CodeIgniter\Boot::bootWeb(Object(Config\Paths))
CRITICAL - 2026-05-16 14:58:36 --> [Caused by] mysqli_sql_exception: Unknown column 'kelas.id_pendidikan' in 'on clause'
in SYSTEMPATH\Database\MySQLi\Connection.php on line 300.
 1 SYSTEMPATH\Database\MySQLi\Connection.php(300): mysqli->query('SELECT *
FROM `kelas`
JOIN `guru` ON `guru`.`id` = `kelas`.`id_guru`
JOIN `pendidikan` ON `pendidikan`.`id_pendidikan` = `kelas`.`id_pendidikan`', 0)
 2 SYSTEMPATH\Database\BaseConnection.php(910): CodeIgniter\Database\MySQLi\Connection->execute('SELECT *
FROM `kelas`
JOIN `guru` ON `guru`.`id` = `kelas`.`id_guru`
JOIN `pendidikan` ON `pendidikan`.`id_pendidikan` = `kelas`.`id_pendidikan`')
 3 SYSTEMPATH\Database\BaseConnection.php(827): CodeIgniter\Database\BaseConnection->simpleQuery('SELECT *
FROM `kelas`
JOIN `guru` ON `guru`.`id` = `kelas`.`id_guru`
JOIN `pendidikan` ON `pendidikan`.`id_pendidikan` = `kelas`.`id_pendidikan`')
 4 SYSTEMPATH\Database\BaseBuilder.php(1649): CodeIgniter\Database\BaseConnection->query('SELECT *
FROM `kelas`
JOIN `guru` ON `guru`.`id` = `kelas`.`id_guru`
JOIN `pendidikan` ON `pendidikan`.`id_pendidikan` = `kelas`.`id_pendidikan`', [], false)
 5 SYSTEMPATH\Model.php(253): CodeIgniter\Database\BaseBuilder->get()
 6 SYSTEMPATH\BaseModel.php(676): CodeIgniter\Model->doFindAll(0, 0)
 7 APPPATH\Controllers\Kelas.php(28): CodeIgniter\BaseModel->findAll()
 8 SYSTEMPATH\CodeIgniter.php(951): App\Controllers\Kelas->index()
 9 SYSTEMPATH\CodeIgniter.php(497): CodeIgniter\CodeIgniter->runController(Object(App\Controllers\Kelas))
10 SYSTEMPATH\CodeIgniter.php(340): CodeIgniter\CodeIgniter->handleRequest(null, Object(Config\Cache), false)
11 SYSTEMPATH\Boot.php(417): CodeIgniter\CodeIgniter->run()
12 SYSTEMPATH\Boot.php(68): CodeIgniter\Boot::runCodeIgniter(Object(CodeIgniter\CodeIgniter))
13 FCPATH\index.php(59): CodeIgniter\Boot::bootWeb(Object(Config\Paths))
ERROR - 2026-05-16 14:58:37 --> Unknown column 'kelas.id_pendidikan' in 'on clause'
in SYSTEMPATH\Database\MySQLi\Connection.php on line 300.
 1 SYSTEMPATH\Database\MySQLi\Connection.php(300): mysqli->query('SELECT *
FROM `kelas`
JOIN `guru` ON `guru`.`id` = `kelas`.`id_guru`
JOIN `pendidikan` ON `pendidikan`.`id_pendidikan` = `kelas`.`id_pendidikan`', 0)
 2 SYSTEMPATH\Database\BaseConnection.php(910): CodeIgniter\Database\MySQLi\Connection->execute('SELECT *
FROM `kelas`
JOIN `guru` ON `guru`.`id` = `kelas`.`id_guru`
JOIN `pendidikan` ON `pendidikan`.`id_pendidikan` = `kelas`.`id_pendidikan`')
 3 SYSTEMPATH\Database\BaseConnection.php(827): CodeIgniter\Database\BaseConnection->simpleQuery('SELECT *
FROM `kelas`
JOIN `guru` ON `guru`.`id` = `kelas`.`id_guru`
JOIN `pendidikan` ON `pendidikan`.`id_pendidikan` = `kelas`.`id_pendidikan`')
 4 SYSTEMPATH\Database\BaseBuilder.php(1649): CodeIgniter\Database\BaseConnection->query('SELECT *
FROM `kelas`
JOIN `guru` ON `guru`.`id` = `kelas`.`id_guru`
JOIN `pendidikan` ON `pendidikan`.`id_pendidikan` = `kelas`.`id_pendidikan`', [], false)
 5 SYSTEMPATH\Model.php(253): CodeIgniter\Database\BaseBuilder->get()
 6 SYSTEMPATH\BaseModel.php(676): CodeIgniter\Model->doFindAll(0, 0)
 7 APPPATH\Controllers\Kelas.php(28): CodeIgniter\BaseModel->findAll()
 8 SYSTEMPATH\CodeIgniter.php(951): App\Controllers\Kelas->index()
 9 SYSTEMPATH\CodeIgniter.php(497): CodeIgniter\CodeIgniter->runController(Object(App\Controllers\Kelas))
10 SYSTEMPATH\CodeIgniter.php(340): CodeIgniter\CodeIgniter->handleRequest(null, Object(Config\Cache), false)
11 SYSTEMPATH\Boot.php(417): CodeIgniter\CodeIgniter->run()
12 SYSTEMPATH\Boot.php(68): CodeIgniter\Boot::runCodeIgniter(Object(CodeIgniter\CodeIgniter))
13 FCPATH\index.php(59): CodeIgniter\Boot::bootWeb(Object(Config\Paths))
CRITICAL - 2026-05-16 14:58:37 --> CodeIgniter\Database\Exceptions\DatabaseException: Unknown column 'kelas.id_pendidikan' in 'on clause'
[Method: GET, Route: kelas]
in SYSTEMPATH\Database\BaseConnection.php on line 865.
 1 SYSTEMPATH\Database\BaseBuilder.php(1649): CodeIgniter\Database\BaseConnection->query('SELECT *
FROM `kelas`
JOIN `guru` ON `guru`.`id` = `kelas`.`id_guru`
JOIN `pendidikan` ON `pendidikan`.`id_pendidikan` = `kelas`.`id_pendidikan`', [], false)
 2 SYSTEMPATH\Model.php(253): CodeIgniter\Database\BaseBuilder->get()
 3 SYSTEMPATH\BaseModel.php(676): CodeIgniter\Model->doFindAll(0, 0)
 4 APPPATH\Controllers\Kelas.php(28): CodeIgniter\BaseModel->findAll()
 5 SYSTEMPATH\CodeIgniter.php(951): App\Controllers\Kelas->index()
 6 SYSTEMPATH\CodeIgniter.php(497): CodeIgniter\CodeIgniter->runController(Object(App\Controllers\Kelas))
 7 SYSTEMPATH\CodeIgniter.php(340): CodeIgniter\CodeIgniter->handleRequest(null, Object(Config\Cache), false)
 8 SYSTEMPATH\Boot.php(417): CodeIgniter\CodeIgniter->run()
 9 SYSTEMPATH\Boot.php(68): CodeIgniter\Boot::runCodeIgniter(Object(CodeIgniter\CodeIgniter))
10 FCPATH\index.php(59): CodeIgniter\Boot::bootWeb(Object(Config\Paths))
CRITICAL - 2026-05-16 14:58:37 --> [Caused by] CodeIgniter\Database\Exceptions\DatabaseException: Unknown column 'kelas.id_pendidikan' in 'on clause'
in SYSTEMPATH\Database\MySQLi\Connection.php on line 310.
 1 SYSTEMPATH\Database\BaseConnection.php(910): CodeIgniter\Database\MySQLi\Connection->execute('SELECT *
FROM `kelas`
JOIN `guru` ON `guru`.`id` = `kelas`.`id_guru`
JOIN `pendidikan` ON `pendidikan`.`id_pendidikan` = `kelas`.`id_pendidikan`')
 2 SYSTEMPATH\Database\BaseConnection.php(827): CodeIgniter\Database\BaseConnection->simpleQuery('SELECT *
FROM `kelas`
JOIN `guru` ON `guru`.`id` = `kelas`.`id_guru`
JOIN `pendidikan` ON `pendidikan`.`id_pendidikan` = `kelas`.`id_pendidikan`')
 3 SYSTEMPATH\Database\BaseBuilder.php(1649): CodeIgniter\Database\BaseConnection->query('SELECT *
FROM `kelas`
JOIN `guru` ON `guru`.`id` = `kelas`.`id_guru`
JOIN `pendidikan` ON `pendidikan`.`id_pendidikan` = `kelas`.`id_pendidikan`', [], false)
 4 SYSTEMPATH\Model.php(253): CodeIgniter\Database\BaseBuilder->get()
 5 SYSTEMPATH\BaseModel.php(676): CodeIgniter\Model->doFindAll(0, 0)
 6 APPPATH\Controllers\Kelas.php(28): CodeIgniter\BaseModel->findAll()
 7 SYSTEMPATH\CodeIgniter.php(951): App\Controllers\Kelas->index()
 8 SYSTEMPATH\CodeIgniter.php(497): CodeIgniter\CodeIgniter->runController(Object(App\Controllers\Kelas))
 9 SYSTEMPATH\CodeIgniter.php(340): CodeIgniter\CodeIgniter->handleRequest(null, Object(Config\Cache), false)
10 SYSTEMPATH\Boot.php(417): CodeIgniter\CodeIgniter->run()
11 SYSTEMPATH\Boot.php(68): CodeIgniter\Boot::runCodeIgniter(Object(CodeIgniter\CodeIgniter))
12 FCPATH\index.php(59): CodeIgniter\Boot::bootWeb(Object(Config\Paths))
CRITICAL - 2026-05-16 14:58:37 --> [Caused by] mysqli_sql_exception: Unknown column 'kelas.id_pendidikan' in 'on clause'
in SYSTEMPATH\Database\MySQLi\Connection.php on line 300.
 1 SYSTEMPATH\Database\MySQLi\Connection.php(300): mysqli->query('SELECT *
FROM `kelas`
JOIN `guru` ON `guru`.`id` = `kelas`.`id_guru`
JOIN `pendidikan` ON `pendidikan`.`id_pendidikan` = `kelas`.`id_pendidikan`', 0)
 2 SYSTEMPATH\Database\BaseConnection.php(910): CodeIgniter\Database\MySQLi\Connection->execute('SELECT *
FROM `kelas`
JOIN `guru` ON `guru`.`id` = `kelas`.`id_guru`
JOIN `pendidikan` ON `pendidikan`.`id_pendidikan` = `kelas`.`id_pendidikan`')
 3 SYSTEMPATH\Database\BaseConnection.php(827): CodeIgniter\Database\BaseConnection->simpleQuery('SELECT *
FROM `kelas`
JOIN `guru` ON `guru`.`id` = `kelas`.`id_guru`
JOIN `pendidikan` ON `pendidikan`.`id_pendidikan` = `kelas`.`id_pendidikan`')
 4 SYSTEMPATH\Database\BaseBuilder.php(1649): CodeIgniter\Database\BaseConnection->query('SELECT *
FROM `kelas`
JOIN `guru` ON `guru`.`id` = `kelas`.`id_guru`
JOIN `pendidikan` ON `pendidikan`.`id_pendidikan` = `kelas`.`id_pendidikan`', [], false)
 5 SYSTEMPATH\Model.php(253): CodeIgniter\Database\BaseBuilder->get()
 6 SYSTEMPATH\BaseModel.php(676): CodeIgniter\Model->doFindAll(0, 0)
 7 APPPATH\Controllers\Kelas.php(28): CodeIgniter\BaseModel->findAll()
 8 SYSTEMPATH\CodeIgniter.php(951): App\Controllers\Kelas->index()
 9 SYSTEMPATH\CodeIgniter.php(497): CodeIgniter\CodeIgniter->runController(Object(App\Controllers\Kelas))
10 SYSTEMPATH\CodeIgniter.php(340): CodeIgniter\CodeIgniter->handleRequest(null, Object(Config\Cache), false)
11 SYSTEMPATH\Boot.php(417): CodeIgniter\CodeIgniter->run()
12 SYSTEMPATH\Boot.php(68): CodeIgniter\Boot::runCodeIgniter(Object(CodeIgniter\CodeIgniter))
13 FCPATH\index.php(59): CodeIgniter\Boot::bootWeb(Object(Config\Paths))
ERROR - 2026-05-16 14:58:37 --> Unknown column 'kelas.id_pendidikan' in 'on clause'
in SYSTEMPATH\Database\MySQLi\Connection.php on line 300.
 1 SYSTEMPATH\Database\MySQLi\Connection.php(300): mysqli->query('SELECT *
FROM `kelas`
JOIN `guru` ON `guru`.`id` = `kelas`.`id_guru`
JOIN `pendidikan` ON `pendidikan`.`id_pendidikan` = `kelas`.`id_pendidikan`', 0)
 2 SYSTEMPATH\Database\BaseConnection.php(910): CodeIgniter\Database\MySQLi\Connection->execute('SELECT *
FROM `kelas`
JOIN `guru` ON `guru`.`id` = `kelas`.`id_guru`
JOIN `pendidikan` ON `pendidikan`.`id_pendidikan` = `kelas`.`id_pendidikan`')
 3 SYSTEMPATH\Database\BaseConnection.php(827): CodeIgniter\Database\BaseConnection->simpleQuery('SELECT *
FROM `kelas`
JOIN `guru` ON `guru`.`id` = `kelas`.`id_guru`
JOIN `pendidikan` ON `pendidikan`.`id_pendidikan` = `kelas`.`id_pendidikan`')
 4 SYSTEMPATH\Database\BaseBuilder.php(1649): CodeIgniter\Database\BaseConnection->query('SELECT *
FROM `kelas`
JOIN `guru` ON `guru`.`id` = `kelas`.`id_guru`
JOIN `pendidikan` ON `pendidikan`.`id_pendidikan` = `kelas`.`id_pendidikan`', [], false)
 5 SYSTEMPATH\Model.php(253): CodeIgniter\Database\BaseBuilder->get()
 6 SYSTEMPATH\BaseModel.php(676): CodeIgniter\Model->doFindAll(0, 0)
 7 APPPATH\Controllers\Kelas.php(28): CodeIgniter\BaseModel->findAll()
 8 SYSTEMPATH\CodeIgniter.php(951): App\Controllers\Kelas->index()
 9 SYSTEMPATH\CodeIgniter.php(497): CodeIgniter\CodeIgniter->runController(Object(App\Controllers\Kelas))
10 SYSTEMPATH\CodeIgniter.php(340): CodeIgniter\CodeIgniter->handleRequest(null, Object(Config\Cache), false)
11 SYSTEMPATH\Boot.php(417): CodeIgniter\CodeIgniter->run()
12 SYSTEMPATH\Boot.php(68): CodeIgniter\Boot::runCodeIgniter(Object(CodeIgniter\CodeIgniter))
13 FCPATH\index.php(59): CodeIgniter\Boot::bootWeb(Object(Config\Paths))
CRITICAL - 2026-05-16 14:58:37 --> CodeIgniter\Database\Exceptions\DatabaseException: Unknown column 'kelas.id_pendidikan' in 'on clause'
[Method: GET, Route: kelas]
in SYSTEMPATH\Database\BaseConnection.php on line 865.
 1 SYSTEMPATH\Database\BaseBuilder.php(1649): CodeIgniter\Database\BaseConnection->query('SELECT *
FROM `kelas`
JOIN `guru` ON `guru`.`id` = `kelas`.`id_guru`
JOIN `pendidikan` ON `pendidikan`.`id_pendidikan` = `kelas`.`id_pendidikan`', [], false)
 2 SYSTEMPATH\Model.php(253): CodeIgniter\Database\BaseBuilder->get()
 3 SYSTEMPATH\BaseModel.php(676): CodeIgniter\Model->doFindAll(0, 0)
 4 APPPATH\Controllers\Kelas.php(28): CodeIgniter\BaseModel->findAll()
 5 SYSTEMPATH\CodeIgniter.php(951): App\Controllers\Kelas->index()
 6 SYSTEMPATH\CodeIgniter.php(497): CodeIgniter\CodeIgniter->runController(Object(App\Controllers\Kelas))
 7 SYSTEMPATH\CodeIgniter.php(340): CodeIgniter\CodeIgniter->handleRequest(null, Object(Config\Cache), false)
 8 SYSTEMPATH\Boot.php(417): CodeIgniter\CodeIgniter->run()
 9 SYSTEMPATH\Boot.php(68): CodeIgniter\Boot::runCodeIgniter(Object(CodeIgniter\CodeIgniter))
10 FCPATH\index.php(59): CodeIgniter\Boot::bootWeb(Object(Config\Paths))
CRITICAL - 2026-05-16 14:58:37 --> [Caused by] CodeIgniter\Database\Exceptions\DatabaseException: Unknown column 'kelas.id_pendidikan' in 'on clause'
in SYSTEMPATH\Database\MySQLi\Connection.php on line 310.
 1 SYSTEMPATH\Database\BaseConnection.php(910): CodeIgniter\Database\MySQLi\Connection->execute('SELECT *
FROM `kelas`
JOIN `guru` ON `guru`.`id` = `kelas`.`id_guru`
JOIN `pendidikan` ON `pendidikan`.`id_pendidikan` = `kelas`.`id_pendidikan`')
 2 SYSTEMPATH\Database\BaseConnection.php(827): CodeIgniter\Database\BaseConnection->simpleQuery('SELECT *
FROM `kelas`
JOIN `guru` ON `guru`.`id` = `kelas`.`id_guru`
JOIN `pendidikan` ON `pendidikan`.`id_pendidikan` = `kelas`.`id_pendidikan`')
 3 SYSTEMPATH\Database\BaseBuilder.php(1649): CodeIgniter\Database\BaseConnection->query('SELECT *
FROM `kelas`
JOIN `guru` ON `guru`.`id` = `kelas`.`id_guru`
JOIN `pendidikan` ON `pendidikan`.`id_pendidikan` = `kelas`.`id_pendidikan`', [], false)
 4 SYSTEMPATH\Model.php(253): CodeIgniter\Database\BaseBuilder->get()
 5 SYSTEMPATH\BaseModel.php(676): CodeIgniter\Model->doFindAll(0, 0)
 6 APPPATH\Controllers\Kelas.php(28): CodeIgniter\BaseModel->findAll()
 7 SYSTEMPATH\CodeIgniter.php(951): App\Controllers\Kelas->index()
 8 SYSTEMPATH\CodeIgniter.php(497): CodeIgniter\CodeIgniter->runController(Object(App\Controllers\Kelas))
 9 SYSTEMPATH\CodeIgniter.php(340): CodeIgniter\CodeIgniter->handleRequest(null, Object(Config\Cache), false)
10 SYSTEMPATH\Boot.php(417): CodeIgniter\CodeIgniter->run()
11 SYSTEMPATH\Boot.php(68): CodeIgniter\Boot::runCodeIgniter(Object(CodeIgniter\CodeIgniter))
12 FCPATH\index.php(59): CodeIgniter\Boot::bootWeb(Object(Config\Paths))
CRITICAL - 2026-05-16 14:58:37 --> [Caused by] mysqli_sql_exception: Unknown column 'kelas.id_pendidikan' in 'on clause'
in SYSTEMPATH\Database\MySQLi\Connection.php on line 300.
 1 SYSTEMPATH\Database\MySQLi\Connection.php(300): mysqli->query('SELECT *
FROM `kelas`
JOIN `guru` ON `guru`.`id` = `kelas`.`id_guru`
JOIN `pendidikan` ON `pendidikan`.`id_pendidikan` = `kelas`.`id_pendidikan`', 0)
 2 SYSTEMPATH\Database\BaseConnection.php(910): CodeIgniter\Database\MySQLi\Connection->execute('SELECT *
FROM `kelas`
JOIN `guru` ON `guru`.`id` = `kelas`.`id_guru`
JOIN `pendidikan` ON `pendidikan`.`id_pendidikan` = `kelas`.`id_pendidikan`')
 3 SYSTEMPATH\Database\BaseConnection.php(827): CodeIgniter\Database\BaseConnection->simpleQuery('SELECT *
FROM `kelas`
JOIN `guru` ON `guru`.`id` = `kelas`.`id_guru`
JOIN `pendidikan` ON `pendidikan`.`id_pendidikan` = `kelas`.`id_pendidikan`')
 4 SYSTEMPATH\Database\BaseBuilder.php(1649): CodeIgniter\Database\BaseConnection->query('SELECT *
FROM `kelas`
JOIN `guru` ON `guru`.`id` = `kelas`.`id_guru`
JOIN `pendidikan` ON `pendidikan`.`id_pendidikan` = `kelas`.`id_pendidikan`', [], false)
 5 SYSTEMPATH\Model.php(253): CodeIgniter\Database\BaseBuilder->get()
 6 SYSTEMPATH\BaseModel.php(676): CodeIgniter\Model->doFindAll(0, 0)
 7 APPPATH\Controllers\Kelas.php(28): CodeIgniter\BaseModel->findAll()
 8 SYSTEMPATH\CodeIgniter.php(951): App\Controllers\Kelas->index()
 9 SYSTEMPATH\CodeIgniter.php(497): CodeIgniter\CodeIgniter->runController(Object(App\Controllers\Kelas))
10 SYSTEMPATH\CodeIgniter.php(340): CodeIgniter\CodeIgniter->handleRequest(null, Object(Config\Cache), false)
11 SYSTEMPATH\Boot.php(417): CodeIgniter\CodeIgniter->run()
12 SYSTEMPATH\Boot.php(68): CodeIgniter\Boot::runCodeIgniter(Object(CodeIgniter\CodeIgniter))
13 FCPATH\index.php(59): CodeIgniter\Boot::bootWeb(Object(Config\Paths))
ERROR - 2026-05-16 14:58:37 --> Unknown column 'kelas.id_pendidikan' in 'on clause'
in SYSTEMPATH\Database\MySQLi\Connection.php on line 300.
 1 SYSTEMPATH\Database\MySQLi\Connection.php(300): mysqli->query('SELECT *
FROM `kelas`
JOIN `guru` ON `guru`.`id` = `kelas`.`id_guru`
JOIN `pendidikan` ON `pendidikan`.`id_pendidikan` = `kelas`.`id_pendidikan`', 0)
 2 SYSTEMPATH\Database\BaseConnection.php(910): CodeIgniter\Database\MySQLi\Connection->execute('SELECT *
FROM `kelas`
JOIN `guru` ON `guru`.`id` = `kelas`.`id_guru`
JOIN `pendidikan` ON `pendidikan`.`id_pendidikan` = `kelas`.`id_pendidikan`')
 3 SYSTEMPATH\Database\BaseConnection.php(827): CodeIgniter\Database\BaseConnection->simpleQuery('SELECT *
FROM `kelas`
JOIN `guru` ON `guru`.`id` = `kelas`.`id_guru`
JOIN `pendidikan` ON `pendidikan`.`id_pendidikan` = `kelas`.`id_pendidikan`')
 4 SYSTEMPATH\Database\BaseBuilder.php(1649): CodeIgniter\Database\BaseConnection->query('SELECT *
FROM `kelas`
JOIN `guru` ON `guru`.`id` = `kelas`.`id_guru`
JOIN `pendidikan` ON `pendidikan`.`id_pendidikan` = `kelas`.`id_pendidikan`', [], false)
 5 SYSTEMPATH\Model.php(253): CodeIgniter\Database\BaseBuilder->get()
 6 SYSTEMPATH\BaseModel.php(676): CodeIgniter\Model->doFindAll(0, 0)
 7 APPPATH\Controllers\Kelas.php(28): CodeIgniter\BaseModel->findAll()
 8 SYSTEMPATH\CodeIgniter.php(951): App\Controllers\Kelas->index()
 9 SYSTEMPATH\CodeIgniter.php(497): CodeIgniter\CodeIgniter->runController(Object(App\Controllers\Kelas))
10 SYSTEMPATH\CodeIgniter.php(340): CodeIgniter\CodeIgniter->handleRequest(null, Object(Config\Cache), false)
11 SYSTEMPATH\Boot.php(417): CodeIgniter\CodeIgniter->run()
12 SYSTEMPATH\Boot.php(68): CodeIgniter\Boot::runCodeIgniter(Object(CodeIgniter\CodeIgniter))
13 FCPATH\index.php(59): CodeIgniter\Boot::bootWeb(Object(Config\Paths))
CRITICAL - 2026-05-16 14:58:37 --> CodeIgniter\Database\Exceptions\DatabaseException: Unknown column 'kelas.id_pendidikan' in 'on clause'
[Method: GET, Route: kelas]
in SYSTEMPATH\Database\BaseConnection.php on line 865.
 1 SYSTEMPATH\Database\BaseBuilder.php(1649): CodeIgniter\Database\BaseConnection->query('SELECT *
FROM `kelas`
JOIN `guru` ON `guru`.`id` = `kelas`.`id_guru`
JOIN `pendidikan` ON `pendidikan`.`id_pendidikan` = `kelas`.`id_pendidikan`', [], false)
 2 SYSTEMPATH\Model.php(253): CodeIgniter\Database\BaseBuilder->get()
 3 SYSTEMPATH\BaseModel.php(676): CodeIgniter\Model->doFindAll(0, 0)
 4 APPPATH\Controllers\Kelas.php(28): CodeIgniter\BaseModel->findAll()
 5 SYSTEMPATH\CodeIgniter.php(951): App\Controllers\Kelas->index()
 6 SYSTEMPATH\CodeIgniter.php(497): CodeIgniter\CodeIgniter->runController(Object(App\Controllers\Kelas))
 7 SYSTEMPATH\CodeIgniter.php(340): CodeIgniter\CodeIgniter->handleRequest(null, Object(Config\Cache), false)
 8 SYSTEMPATH\Boot.php(417): CodeIgniter\CodeIgniter->run()
 9 SYSTEMPATH\Boot.php(68): CodeIgniter\Boot::runCodeIgniter(Object(CodeIgniter\CodeIgniter))
10 FCPATH\index.php(59): CodeIgniter\Boot::bootWeb(Object(Config\Paths))
CRITICAL - 2026-05-16 14:58:37 --> [Caused by] CodeIgniter\Database\Exceptions\DatabaseException: Unknown column 'kelas.id_pendidikan' in 'on clause'
in SYSTEMPATH\Database\MySQLi\Connection.php on line 310.
 1 SYSTEMPATH\Database\BaseConnection.php(910): CodeIgniter\Database\MySQLi\Connection->execute('SELECT *
FROM `kelas`
JOIN `guru` ON `guru`.`id` = `kelas`.`id_guru`
JOIN `pendidikan` ON `pendidikan`.`id_pendidikan` = `kelas`.`id_pendidikan`')
 2 SYSTEMPATH\Database\BaseConnection.php(827): CodeIgniter\Database\BaseConnection->simpleQuery('SELECT *
FROM `kelas`
JOIN `guru` ON `guru`.`id` = `kelas`.`id_guru`
JOIN `pendidikan` ON `pendidikan`.`id_pendidikan` = `kelas`.`id_pendidikan`')
 3 SYSTEMPATH\Database\BaseBuilder.php(1649): CodeIgniter\Database\BaseConnection->query('SELECT *
FROM `kelas`
JOIN `guru` ON `guru`.`id` = `kelas`.`id_guru`
JOIN `pendidikan` ON `pendidikan`.`id_pendidikan` = `kelas`.`id_pendidikan`', [], false)
 4 SYSTEMPATH\Model.php(253): CodeIgniter\Database\BaseBuilder->get()
 5 SYSTEMPATH\BaseModel.php(676): CodeIgniter\Model->doFindAll(0, 0)
 6 APPPATH\Controllers\Kelas.php(28): CodeIgniter\BaseModel->findAll()
 7 SYSTEMPATH\CodeIgniter.php(951): App\Controllers\Kelas->index()
 8 SYSTEMPATH\CodeIgniter.php(497): CodeIgniter\CodeIgniter->runController(Object(App\Controllers\Kelas))
 9 SYSTEMPATH\CodeIgniter.php(340): CodeIgniter\CodeIgniter->handleRequest(null, Object(Config\Cache), false)
10 SYSTEMPATH\Boot.php(417): CodeIgniter\CodeIgniter->run()
11 SYSTEMPATH\Boot.php(68): CodeIgniter\Boot::runCodeIgniter(Object(CodeIgniter\CodeIgniter))
12 FCPATH\index.php(59): CodeIgniter\Boot::bootWeb(Object(Config\Paths))
CRITICAL - 2026-05-16 14:58:37 --> [Caused by] mysqli_sql_exception: Unknown column 'kelas.id_pendidikan' in 'on clause'
in SYSTEMPATH\Database\MySQLi\Connection.php on line 300.
 1 SYSTEMPATH\Database\MySQLi\Connection.php(300): mysqli->query('SELECT *
FROM `kelas`
JOIN `guru` ON `guru`.`id` = `kelas`.`id_guru`
JOIN `pendidikan` ON `pendidikan`.`id_pendidikan` = `kelas`.`id_pendidikan`', 0)
 2 SYSTEMPATH\Database\BaseConnection.php(910): CodeIgniter\Database\MySQLi\Connection->execute('SELECT *
FROM `kelas`
JOIN `guru` ON `guru`.`id` = `kelas`.`id_guru`
JOIN `pendidikan` ON `pendidikan`.`id_pendidikan` = `kelas`.`id_pendidikan`')
 3 SYSTEMPATH\Database\BaseConnection.php(827): CodeIgniter\Database\BaseConnection->simpleQuery('SELECT *
FROM `kelas`
JOIN `guru` ON `guru`.`id` = `kelas`.`id_guru`
JOIN `pendidikan` ON `pendidikan`.`id_pendidikan` = `kelas`.`id_pendidikan`')
 4 SYSTEMPATH\Database\BaseBuilder.php(1649): CodeIgniter\Database\BaseConnection->query('SELECT *
FROM `kelas`
JOIN `guru` ON `guru`.`id` = `kelas`.`id_guru`
JOIN `pendidikan` ON `pendidikan`.`id_pendidikan` = `kelas`.`id_pendidikan`', [], false)
 5 SYSTEMPATH\Model.php(253): CodeIgniter\Database\BaseBuilder->get()
 6 SYSTEMPATH\BaseModel.php(676): CodeIgniter\Model->doFindAll(0, 0)
 7 APPPATH\Controllers\Kelas.php(28): CodeIgniter\BaseModel->findAll()
 8 SYSTEMPATH\CodeIgniter.php(951): App\Controllers\Kelas->index()
 9 SYSTEMPATH\CodeIgniter.php(497): CodeIgniter\CodeIgniter->runController(Object(App\Controllers\Kelas))
10 SYSTEMPATH\CodeIgniter.php(340): CodeIgniter\CodeIgniter->handleRequest(null, Object(Config\Cache), false)
11 SYSTEMPATH\Boot.php(417): CodeIgniter\CodeIgniter->run()
12 SYSTEMPATH\Boot.php(68): CodeIgniter\Boot::runCodeIgniter(Object(CodeIgniter\CodeIgniter))
13 FCPATH\index.php(59): CodeIgniter\Boot::bootWeb(Object(Config\Paths))
ERROR - 2026-05-16 14:59:06 --> Unknown column 'kelas.id_pendidikan' in 'on clause'
in SYSTEMPATH\Database\MySQLi\Connection.php on line 300.
 1 SYSTEMPATH\Database\MySQLi\Connection.php(300): mysqli->query('SELECT `kelas`.*, `guru`.`nama_guru`, `pendidikan`.`nama`
FROM `kelas`
JOIN `guru` ON `guru`.`id` = `kelas`.`id_guru`
JOIN `pendidikan` ON `pendidikan`.`id_pendidikan` = `kelas`.`id_pendidikan`', 0)
 2 SYSTEMPATH\Database\BaseConnection.php(910): CodeIgniter\Database\MySQLi\Connection->execute('SELECT `kelas`.*, `guru`.`nama_guru`, `pendidikan`.`nama`
FROM `kelas`
JOIN `guru` ON `guru`.`id` = `kelas`.`id_guru`
JOIN `pendidikan` ON `pendidikan`.`id_pendidikan` = `kelas`.`id_pendidikan`')
 3 SYSTEMPATH\Database\BaseConnection.php(827): CodeIgniter\Database\BaseConnection->simpleQuery('SELECT `kelas`.*, `guru`.`nama_guru`, `pendidikan`.`nama`
FROM `kelas`
JOIN `guru` ON `guru`.`id` = `kelas`.`id_guru`
JOIN `pendidikan` ON `pendidikan`.`id_pendidikan` = `kelas`.`id_pendidikan`')
 4 SYSTEMPATH\Database\BaseBuilder.php(1649): CodeIgniter\Database\BaseConnection->query('SELECT `kelas`.*, `guru`.`nama_guru`, `pendidikan`.`nama`
FROM `kelas`
JOIN `guru` ON `guru`.`id` = `kelas`.`id_guru`
JOIN `pendidikan` ON `pendidikan`.`id_pendidikan` = `kelas`.`id_pendidikan`', [], false)
 5 SYSTEMPATH\Model.php(253): CodeIgniter\Database\BaseBuilder->get()
 6 SYSTEMPATH\BaseModel.php(676): CodeIgniter\Model->doFindAll(0, 0)
 7 APPPATH\Controllers\Kelas.php(29): CodeIgniter\BaseModel->findAll()
 8 SYSTEMPATH\CodeIgniter.php(951): App\Controllers\Kelas->index()
 9 SYSTEMPATH\CodeIgniter.php(497): CodeIgniter\CodeIgniter->runController(Object(App\Controllers\Kelas))
10 SYSTEMPATH\CodeIgniter.php(340): CodeIgniter\CodeIgniter->handleRequest(null, Object(Config\Cache), false)
11 SYSTEMPATH\Boot.php(417): CodeIgniter\CodeIgniter->run()
12 SYSTEMPATH\Boot.php(68): CodeIgniter\Boot::runCodeIgniter(Object(CodeIgniter\CodeIgniter))
13 FCPATH\index.php(59): CodeIgniter\Boot::bootWeb(Object(Config\Paths))
CRITICAL - 2026-05-16 14:59:06 --> CodeIgniter\Database\Exceptions\DatabaseException: Unknown column 'kelas.id_pendidikan' in 'on clause'
[Method: GET, Route: kelas]
in SYSTEMPATH\Database\BaseConnection.php on line 865.
 1 SYSTEMPATH\Database\BaseBuilder.php(1649): CodeIgniter\Database\BaseConnection->query('SELECT `kelas`.*, `guru`.`nama_guru`, `pendidikan`.`nama`
FROM `kelas`
JOIN `guru` ON `guru`.`id` = `kelas`.`id_guru`
JOIN `pendidikan` ON `pendidikan`.`id_pendidikan` = `kelas`.`id_pendidikan`', [], false)
 2 SYSTEMPATH\Model.php(253): CodeIgniter\Database\BaseBuilder->get()
 3 SYSTEMPATH\BaseModel.php(676): CodeIgniter\Model->doFindAll(0, 0)
 4 APPPATH\Controllers\Kelas.php(29): CodeIgniter\BaseModel->findAll()
 5 SYSTEMPATH\CodeIgniter.php(951): App\Controllers\Kelas->index()
 6 SYSTEMPATH\CodeIgniter.php(497): CodeIgniter\CodeIgniter->runController(Object(App\Controllers\Kelas))
 7 SYSTEMPATH\CodeIgniter.php(340): CodeIgniter\CodeIgniter->handleRequest(null, Object(Config\Cache), false)
 8 SYSTEMPATH\Boot.php(417): CodeIgniter\CodeIgniter->run()
 9 SYSTEMPATH\Boot.php(68): CodeIgniter\Boot::runCodeIgniter(Object(CodeIgniter\CodeIgniter))
10 FCPATH\index.php(59): CodeIgniter\Boot::bootWeb(Object(Config\Paths))
CRITICAL - 2026-05-16 14:59:06 --> [Caused by] CodeIgniter\Database\Exceptions\DatabaseException: Unknown column 'kelas.id_pendidikan' in 'on clause'
in SYSTEMPATH\Database\MySQLi\Connection.php on line 310.
 1 SYSTEMPATH\Database\BaseConnection.php(910): CodeIgniter\Database\MySQLi\Connection->execute('SELECT `kelas`.*, `guru`.`nama_guru`, `pendidikan`.`nama`
FROM `kelas`
JOIN `guru` ON `guru`.`id` = `kelas`.`id_guru`
JOIN `pendidikan` ON `pendidikan`.`id_pendidikan` = `kelas`.`id_pendidikan`')
 2 SYSTEMPATH\Database\BaseConnection.php(827): CodeIgniter\Database\BaseConnection->simpleQuery('SELECT `kelas`.*, `guru`.`nama_guru`, `pendidikan`.`nama`
FROM `kelas`
JOIN `guru` ON `guru`.`id` = `kelas`.`id_guru`
JOIN `pendidikan` ON `pendidikan`.`id_pendidikan` = `kelas`.`id_pendidikan`')
 3 SYSTEMPATH\Database\BaseBuilder.php(1649): CodeIgniter\Database\BaseConnection->query('SELECT `kelas`.*, `guru`.`nama_guru`, `pendidikan`.`nama`
FROM `kelas`
JOIN `guru` ON `guru`.`id` = `kelas`.`id_guru`
JOIN `pendidikan` ON `pendidikan`.`id_pendidikan` = `kelas`.`id_pendidikan`', [], false)
 4 SYSTEMPATH\Model.php(253): CodeIgniter\Database\BaseBuilder->get()
 5 SYSTEMPATH\BaseModel.php(676): CodeIgniter\Model->doFindAll(0, 0)
 6 APPPATH\Controllers\Kelas.php(29): CodeIgniter\BaseModel->findAll()
 7 SYSTEMPATH\CodeIgniter.php(951): App\Controllers\Kelas->index()
 8 SYSTEMPATH\CodeIgniter.php(497): CodeIgniter\CodeIgniter->runController(Object(App\Controllers\Kelas))
 9 SYSTEMPATH\CodeIgniter.php(340): CodeIgniter\CodeIgniter->handleRequest(null, Object(Config\Cache), false)
10 SYSTEMPATH\Boot.php(417): CodeIgniter\CodeIgniter->run()
11 SYSTEMPATH\Boot.php(68): CodeIgniter\Boot::runCodeIgniter(Object(CodeIgniter\CodeIgniter))
12 FCPATH\index.php(59): CodeIgniter\Boot::bootWeb(Object(Config\Paths))
CRITICAL - 2026-05-16 14:59:06 --> [Caused by] mysqli_sql_exception: Unknown column 'kelas.id_pendidikan' in 'on clause'
in SYSTEMPATH\Database\MySQLi\Connection.php on line 300.
 1 SYSTEMPATH\Database\MySQLi\Connection.php(300): mysqli->query('SELECT `kelas`.*, `guru`.`nama_guru`, `pendidikan`.`nama`
FROM `kelas`
JOIN `guru` ON `guru`.`id` = `kelas`.`id_guru`
JOIN `pendidikan` ON `pendidikan`.`id_pendidikan` = `kelas`.`id_pendidikan`', 0)
 2 SYSTEMPATH\Database\BaseConnection.php(910): CodeIgniter\Database\MySQLi\Connection->execute('SELECT `kelas`.*, `guru`.`nama_guru`, `pendidikan`.`nama`
FROM `kelas`
JOIN `guru` ON `guru`.`id` = `kelas`.`id_guru`
JOIN `pendidikan` ON `pendidikan`.`id_pendidikan` = `kelas`.`id_pendidikan`')
 3 SYSTEMPATH\Database\BaseConnection.php(827): CodeIgniter\Database\BaseConnection->simpleQuery('SELECT `kelas`.*, `guru`.`nama_guru`, `pendidikan`.`nama`
FROM `kelas`
JOIN `guru` ON `guru`.`id` = `kelas`.`id_guru`
JOIN `pendidikan` ON `pendidikan`.`id_pendidikan` = `kelas`.`id_pendidikan`')
 4 SYSTEMPATH\Database\BaseBuilder.php(1649): CodeIgniter\Database\BaseConnection->query('SELECT `kelas`.*, `guru`.`nama_guru`, `pendidikan`.`nama`
FROM `kelas`
JOIN `guru` ON `guru`.`id` = `kelas`.`id_guru`
JOIN `pendidikan` ON `pendidikan`.`id_pendidikan` = `kelas`.`id_pendidikan`', [], false)
 5 SYSTEMPATH\Model.php(253): CodeIgniter\Database\BaseBuilder->get()
 6 SYSTEMPATH\BaseModel.php(676): CodeIgniter\Model->doFindAll(0, 0)
 7 APPPATH\Controllers\Kelas.php(29): CodeIgniter\BaseModel->findAll()
 8 SYSTEMPATH\CodeIgniter.php(951): App\Controllers\Kelas->index()
 9 SYSTEMPATH\CodeIgniter.php(497): CodeIgniter\CodeIgniter->runController(Object(App\Controllers\Kelas))
10 SYSTEMPATH\CodeIgniter.php(340): CodeIgniter\CodeIgniter->handleRequest(null, Object(Config\Cache), false)
11 SYSTEMPATH\Boot.php(417): CodeIgniter\CodeIgniter->run()
12 SYSTEMPATH\Boot.php(68): CodeIgniter\Boot::runCodeIgniter(Object(CodeIgniter\CodeIgniter))
13 FCPATH\index.php(59): CodeIgniter\Boot::bootWeb(Object(Config\Paths))
ERROR - 2026-05-16 14:59:07 --> Unknown column 'kelas.id_pendidikan' in 'on clause'
in SYSTEMPATH\Database\MySQLi\Connection.php on line 300.
 1 SYSTEMPATH\Database\MySQLi\Connection.php(300): mysqli->query('SELECT `kelas`.*, `guru`.`nama_guru`, `pendidikan`.`nama`
FROM `kelas`
JOIN `guru` ON `guru`.`id` = `kelas`.`id_guru`
JOIN `pendidikan` ON `pendidikan`.`id_pendidikan` = `kelas`.`id_pendidikan`', 0)
 2 SYSTEMPATH\Database\BaseConnection.php(910): CodeIgniter\Database\MySQLi\Connection->execute('SELECT `kelas`.*, `guru`.`nama_guru`, `pendidikan`.`nama`
FROM `kelas`
JOIN `guru` ON `guru`.`id` = `kelas`.`id_guru`
JOIN `pendidikan` ON `pendidikan`.`id_pendidikan` = `kelas`.`id_pendidikan`')
 3 SYSTEMPATH\Database\BaseConnection.php(827): CodeIgniter\Database\BaseConnection->simpleQuery('SELECT `kelas`.*, `guru`.`nama_guru`, `pendidikan`.`nama`
FROM `kelas`
JOIN `guru` ON `guru`.`id` = `kelas`.`id_guru`
JOIN `pendidikan` ON `pendidikan`.`id_pendidikan` = `kelas`.`id_pendidikan`')
 4 SYSTEMPATH\Database\BaseBuilder.php(1649): CodeIgniter\Database\BaseConnection->query('SELECT `kelas`.*, `guru`.`nama_guru`, `pendidikan`.`nama`
FROM `kelas`
JOIN `guru` ON `guru`.`id` = `kelas`.`id_guru`
JOIN `pendidikan` ON `pendidikan`.`id_pendidikan` = `kelas`.`id_pendidikan`', [], false)
 5 SYSTEMPATH\Model.php(253): CodeIgniter\Database\BaseBuilder->get()
 6 SYSTEMPATH\BaseModel.php(676): CodeIgniter\Model->doFindAll(0, 0)
 7 APPPATH\Controllers\Kelas.php(29): CodeIgniter\BaseModel->findAll()
 8 SYSTEMPATH\CodeIgniter.php(951): App\Controllers\Kelas->index()
 9 SYSTEMPATH\CodeIgniter.php(497): CodeIgniter\CodeIgniter->runController(Object(App\Controllers\Kelas))
10 SYSTEMPATH\CodeIgniter.php(340): CodeIgniter\CodeIgniter->handleRequest(null, Object(Config\Cache), false)
11 SYSTEMPATH\Boot.php(417): CodeIgniter\CodeIgniter->run()
12 SYSTEMPATH\Boot.php(68): CodeIgniter\Boot::runCodeIgniter(Object(CodeIgniter\CodeIgniter))
13 FCPATH\index.php(59): CodeIgniter\Boot::bootWeb(Object(Config\Paths))
CRITICAL - 2026-05-16 14:59:07 --> CodeIgniter\Database\Exceptions\DatabaseException: Unknown column 'kelas.id_pendidikan' in 'on clause'
[Method: GET, Route: kelas]
in SYSTEMPATH\Database\BaseConnection.php on line 865.
 1 SYSTEMPATH\Database\BaseBuilder.php(1649): CodeIgniter\Database\BaseConnection->query('SELECT `kelas`.*, `guru`.`nama_guru`, `pendidikan`.`nama`
FROM `kelas`
JOIN `guru` ON `guru`.`id` = `kelas`.`id_guru`
JOIN `pendidikan` ON `pendidikan`.`id_pendidikan` = `kelas`.`id_pendidikan`', [], false)
 2 SYSTEMPATH\Model.php(253): CodeIgniter\Database\BaseBuilder->get()
 3 SYSTEMPATH\BaseModel.php(676): CodeIgniter\Model->doFindAll(0, 0)
 4 APPPATH\Controllers\Kelas.php(29): CodeIgniter\BaseModel->findAll()
 5 SYSTEMPATH\CodeIgniter.php(951): App\Controllers\Kelas->index()
 6 SYSTEMPATH\CodeIgniter.php(497): CodeIgniter\CodeIgniter->runController(Object(App\Controllers\Kelas))
 7 SYSTEMPATH\CodeIgniter.php(340): CodeIgniter\CodeIgniter->handleRequest(null, Object(Config\Cache), false)
 8 SYSTEMPATH\Boot.php(417): CodeIgniter\CodeIgniter->run()
 9 SYSTEMPATH\Boot.php(68): CodeIgniter\Boot::runCodeIgniter(Object(CodeIgniter\CodeIgniter))
10 FCPATH\index.php(59): CodeIgniter\Boot::bootWeb(Object(Config\Paths))
CRITICAL - 2026-05-16 14:59:07 --> [Caused by] CodeIgniter\Database\Exceptions\DatabaseException: Unknown column 'kelas.id_pendidikan' in 'on clause'
in SYSTEMPATH\Database\MySQLi\Connection.php on line 310.
 1 SYSTEMPATH\Database\BaseConnection.php(910): CodeIgniter\Database\MySQLi\Connection->execute('SELECT `kelas`.*, `guru`.`nama_guru`, `pendidikan`.`nama`
FROM `kelas`
JOIN `guru` ON `guru`.`id` = `kelas`.`id_guru`
JOIN `pendidikan` ON `pendidikan`.`id_pendidikan` = `kelas`.`id_pendidikan`')
 2 SYSTEMPATH\Database\BaseConnection.php(827): CodeIgniter\Database\BaseConnection->simpleQuery('SELECT `kelas`.*, `guru`.`nama_guru`, `pendidikan`.`nama`
FROM `kelas`
JOIN `guru` ON `guru`.`id` = `kelas`.`id_guru`
JOIN `pendidikan` ON `pendidikan`.`id_pendidikan` = `kelas`.`id_pendidikan`')
 3 SYSTEMPATH\Database\BaseBuilder.php(1649): CodeIgniter\Database\BaseConnection->query('SELECT `kelas`.*, `guru`.`nama_guru`, `pendidikan`.`nama`
FROM `kelas`
JOIN `guru` ON `guru`.`id` = `kelas`.`id_guru`
JOIN `pendidikan` ON `pendidikan`.`id_pendidikan` = `kelas`.`id_pendidikan`', [], false)
 4 SYSTEMPATH\Model.php(253): CodeIgniter\Database\BaseBuilder->get()
 5 SYSTEMPATH\BaseModel.php(676): CodeIgniter\Model->doFindAll(0, 0)
 6 APPPATH\Controllers\Kelas.php(29): CodeIgniter\BaseModel->findAll()
 7 SYSTEMPATH\CodeIgniter.php(951): App\Controllers\Kelas->index()
 8 SYSTEMPATH\CodeIgniter.php(497): CodeIgniter\CodeIgniter->runController(Object(App\Controllers\Kelas))
 9 SYSTEMPATH\CodeIgniter.php(340): CodeIgniter\CodeIgniter->handleRequest(null, Object(Config\Cache), false)
10 SYSTEMPATH\Boot.php(417): CodeIgniter\CodeIgniter->run()
11 SYSTEMPATH\Boot.php(68): CodeIgniter\Boot::runCodeIgniter(Object(CodeIgniter\CodeIgniter))
12 FCPATH\index.php(59): CodeIgniter\Boot::bootWeb(Object(Config\Paths))
CRITICAL - 2026-05-16 14:59:07 --> [Caused by] mysqli_sql_exception: Unknown column 'kelas.id_pendidikan' in 'on clause'
in SYSTEMPATH\Database\MySQLi\Connection.php on line 300.
 1 SYSTEMPATH\Database\MySQLi\Connection.php(300): mysqli->query('SELECT `kelas`.*, `guru`.`nama_guru`, `pendidikan`.`nama`
FROM `kelas`
JOIN `guru` ON `guru`.`id` = `kelas`.`id_guru`
JOIN `pendidikan` ON `pendidikan`.`id_pendidikan` = `kelas`.`id_pendidikan`', 0)
 2 SYSTEMPATH\Database\BaseConnection.php(910): CodeIgniter\Database\MySQLi\Connection->execute('SELECT `kelas`.*, `guru`.`nama_guru`, `pendidikan`.`nama`
FROM `kelas`
JOIN `guru` ON `guru`.`id` = `kelas`.`id_guru`
JOIN `pendidikan` ON `pendidikan`.`id_pendidikan` = `kelas`.`id_pendidikan`')
 3 SYSTEMPATH\Database\BaseConnection.php(827): CodeIgniter\Database\BaseConnection->simpleQuery('SELECT `kelas`.*, `guru`.`nama_guru`, `pendidikan`.`nama`
FROM `kelas`
JOIN `guru` ON `guru`.`id` = `kelas`.`id_guru`
JOIN `pendidikan` ON `pendidikan`.`id_pendidikan` = `kelas`.`id_pendidikan`')
 4 SYSTEMPATH\Database\BaseBuilder.php(1649): CodeIgniter\Database\BaseConnection->query('SELECT `kelas`.*, `guru`.`nama_guru`, `pendidikan`.`nama`
FROM `kelas`
JOIN `guru` ON `guru`.`id` = `kelas`.`id_guru`
JOIN `pendidikan` ON `pendidikan`.`id_pendidikan` = `kelas`.`id_pendidikan`', [], false)
 5 SYSTEMPATH\Model.php(253): CodeIgniter\Database\BaseBuilder->get()
 6 SYSTEMPATH\BaseModel.php(676): CodeIgniter\Model->doFindAll(0, 0)
 7 APPPATH\Controllers\Kelas.php(29): CodeIgniter\BaseModel->findAll()
 8 SYSTEMPATH\CodeIgniter.php(951): App\Controllers\Kelas->index()
 9 SYSTEMPATH\CodeIgniter.php(497): CodeIgniter\CodeIgniter->runController(Object(App\Controllers\Kelas))
10 SYSTEMPATH\CodeIgniter.php(340): CodeIgniter\CodeIgniter->handleRequest(null, Object(Config\Cache), false)
11 SYSTEMPATH\Boot.php(417): CodeIgniter\CodeIgniter->run()
12 SYSTEMPATH\Boot.php(68): CodeIgniter\Boot::runCodeIgniter(Object(CodeIgniter\CodeIgniter))
13 FCPATH\index.php(59): CodeIgniter\Boot::bootWeb(Object(Config\Paths))
ERROR - 2026-05-16 14:59:07 --> Unknown column 'kelas.id_pendidikan' in 'on clause'
in SYSTEMPATH\Database\MySQLi\Connection.php on line 300.
 1 SYSTEMPATH\Database\MySQLi\Connection.php(300): mysqli->query('SELECT `kelas`.*, `guru`.`nama_guru`, `pendidikan`.`nama`
FROM `kelas`
JOIN `guru` ON `guru`.`id` = `kelas`.`id_guru`
JOIN `pendidikan` ON `pendidikan`.`id_pendidikan` = `kelas`.`id_pendidikan`', 0)
 2 SYSTEMPATH\Database\BaseConnection.php(910): CodeIgniter\Database\MySQLi\Connection->execute('SELECT `kelas`.*, `guru`.`nama_guru`, `pendidikan`.`nama`
FROM `kelas`
JOIN `guru` ON `guru`.`id` = `kelas`.`id_guru`
JOIN `pendidikan` ON `pendidikan`.`id_pendidikan` = `kelas`.`id_pendidikan`')
 3 SYSTEMPATH\Database\BaseConnection.php(827): CodeIgniter\Database\BaseConnection->simpleQuery('SELECT `kelas`.*, `guru`.`nama_guru`, `pendidikan`.`nama`
FROM `kelas`
JOIN `guru` ON `guru`.`id` = `kelas`.`id_guru`
JOIN `pendidikan` ON `pendidikan`.`id_pendidikan` = `kelas`.`id_pendidikan`')
 4 SYSTEMPATH\Database\BaseBuilder.php(1649): CodeIgniter\Database\BaseConnection->query('SELECT `kelas`.*, `guru`.`nama_guru`, `pendidikan`.`nama`
FROM `kelas`
JOIN `guru` ON `guru`.`id` = `kelas`.`id_guru`
JOIN `pendidikan` ON `pendidikan`.`id_pendidikan` = `kelas`.`id_pendidikan`', [], false)
 5 SYSTEMPATH\Model.php(253): CodeIgniter\Database\BaseBuilder->get()
 6 SYSTEMPATH\BaseModel.php(676): CodeIgniter\Model->doFindAll(0, 0)
 7 APPPATH\Controllers\Kelas.php(29): CodeIgniter\BaseModel->findAll()
 8 SYSTEMPATH\CodeIgniter.php(951): App\Controllers\Kelas->index()
 9 SYSTEMPATH\CodeIgniter.php(497): CodeIgniter\CodeIgniter->runController(Object(App\Controllers\Kelas))
10 SYSTEMPATH\CodeIgniter.php(340): CodeIgniter\CodeIgniter->handleRequest(null, Object(Config\Cache), false)
11 SYSTEMPATH\Boot.php(417): CodeIgniter\CodeIgniter->run()
12 SYSTEMPATH\Boot.php(68): CodeIgniter\Boot::runCodeIgniter(Object(CodeIgniter\CodeIgniter))
13 FCPATH\index.php(59): CodeIgniter\Boot::bootWeb(Object(Config\Paths))
CRITICAL - 2026-05-16 14:59:07 --> CodeIgniter\Database\Exceptions\DatabaseException: Unknown column 'kelas.id_pendidikan' in 'on clause'
[Method: GET, Route: kelas]
in SYSTEMPATH\Database\BaseConnection.php on line 865.
 1 SYSTEMPATH\Database\BaseBuilder.php(1649): CodeIgniter\Database\BaseConnection->query('SELECT `kelas`.*, `guru`.`nama_guru`, `pendidikan`.`nama`
FROM `kelas`
JOIN `guru` ON `guru`.`id` = `kelas`.`id_guru`
JOIN `pendidikan` ON `pendidikan`.`id_pendidikan` = `kelas`.`id_pendidikan`', [], false)
 2 SYSTEMPATH\Model.php(253): CodeIgniter\Database\BaseBuilder->get()
 3 SYSTEMPATH\BaseModel.php(676): CodeIgniter\Model->doFindAll(0, 0)
 4 APPPATH\Controllers\Kelas.php(29): CodeIgniter\BaseModel->findAll()
 5 SYSTEMPATH\CodeIgniter.php(951): App\Controllers\Kelas->index()
 6 SYSTEMPATH\CodeIgniter.php(497): CodeIgniter\CodeIgniter->runController(Object(App\Controllers\Kelas))
 7 SYSTEMPATH\CodeIgniter.php(340): CodeIgniter\CodeIgniter->handleRequest(null, Object(Config\Cache), false)
 8 SYSTEMPATH\Boot.php(417): CodeIgniter\CodeIgniter->run()
 9 SYSTEMPATH\Boot.php(68): CodeIgniter\Boot::runCodeIgniter(Object(CodeIgniter\CodeIgniter))
10 FCPATH\index.php(59): CodeIgniter\Boot::bootWeb(Object(Config\Paths))
CRITICAL - 2026-05-16 14:59:07 --> [Caused by] CodeIgniter\Database\Exceptions\DatabaseException: Unknown column 'kelas.id_pendidikan' in 'on clause'
in SYSTEMPATH\Database\MySQLi\Connection.php on line 310.
 1 SYSTEMPATH\Database\BaseConnection.php(910): CodeIgniter\Database\MySQLi\Connection->execute('SELECT `kelas`.*, `guru`.`nama_guru`, `pendidikan`.`nama`
FROM `kelas`
JOIN `guru` ON `guru`.`id` = `kelas`.`id_guru`
JOIN `pendidikan` ON `pendidikan`.`id_pendidikan` = `kelas`.`id_pendidikan`')
 2 SYSTEMPATH\Database\BaseConnection.php(827): CodeIgniter\Database\BaseConnection->simpleQuery('SELECT `kelas`.*, `guru`.`nama_guru`, `pendidikan`.`nama`
FROM `kelas`
JOIN `guru` ON `guru`.`id` = `kelas`.`id_guru`
JOIN `pendidikan` ON `pendidikan`.`id_pendidikan` = `kelas`.`id_pendidikan`')
 3 SYSTEMPATH\Database\BaseBuilder.php(1649): CodeIgniter\Database\BaseConnection->query('SELECT `kelas`.*, `guru`.`nama_guru`, `pendidikan`.`nama`
FROM `kelas`
JOIN `guru` ON `guru`.`id` = `kelas`.`id_guru`
JOIN `pendidikan` ON `pendidikan`.`id_pendidikan` = `kelas`.`id_pendidikan`', [], false)
 4 SYSTEMPATH\Model.php(253): CodeIgniter\Database\BaseBuilder->get()
 5 SYSTEMPATH\BaseModel.php(676): CodeIgniter\Model->doFindAll(0, 0)
 6 APPPATH\Controllers\Kelas.php(29): CodeIgniter\BaseModel->findAll()
 7 SYSTEMPATH\CodeIgniter.php(951): App\Controllers\Kelas->index()
 8 SYSTEMPATH\CodeIgniter.php(497): CodeIgniter\CodeIgniter->runController(Object(App\Controllers\Kelas))
 9 SYSTEMPATH\CodeIgniter.php(340): CodeIgniter\CodeIgniter->handleRequest(null, Object(Config\Cache), false)
10 SYSTEMPATH\Boot.php(417): CodeIgniter\CodeIgniter->run()
11 SYSTEMPATH\Boot.php(68): CodeIgniter\Boot::runCodeIgniter(Object(CodeIgniter\CodeIgniter))
12 FCPATH\index.php(59): CodeIgniter\Boot::bootWeb(Object(Config\Paths))
CRITICAL - 2026-05-16 14:59:07 --> [Caused by] mysqli_sql_exception: Unknown column 'kelas.id_pendidikan' in 'on clause'
in SYSTEMPATH\Database\MySQLi\Connection.php on line 300.
 1 SYSTEMPATH\Database\MySQLi\Connection.php(300): mysqli->query('SELECT `kelas`.*, `guru`.`nama_guru`, `pendidikan`.`nama`
FROM `kelas`
JOIN `guru` ON `guru`.`id` = `kelas`.`id_guru`
JOIN `pendidikan` ON `pendidikan`.`id_pendidikan` = `kelas`.`id_pendidikan`', 0)
 2 SYSTEMPATH\Database\BaseConnection.php(910): CodeIgniter\Database\MySQLi\Connection->execute('SELECT `kelas`.*, `guru`.`nama_guru`, `pendidikan`.`nama`
FROM `kelas`
JOIN `guru` ON `guru`.`id` = `kelas`.`id_guru`
JOIN `pendidikan` ON `pendidikan`.`id_pendidikan` = `kelas`.`id_pendidikan`')
 3 SYSTEMPATH\Database\BaseConnection.php(827): CodeIgniter\Database\BaseConnection->simpleQuery('SELECT `kelas`.*, `guru`.`nama_guru`, `pendidikan`.`nama`
FROM `kelas`
JOIN `guru` ON `guru`.`id` = `kelas`.`id_guru`
JOIN `pendidikan` ON `pendidikan`.`id_pendidikan` = `kelas`.`id_pendidikan`')
 4 SYSTEMPATH\Database\BaseBuilder.php(1649): CodeIgniter\Database\BaseConnection->query('SELECT `kelas`.*, `guru`.`nama_guru`, `pendidikan`.`nama`
FROM `kelas`
JOIN `guru` ON `guru`.`id` = `kelas`.`id_guru`
JOIN `pendidikan` ON `pendidikan`.`id_pendidikan` = `kelas`.`id_pendidikan`', [], false)
 5 SYSTEMPATH\Model.php(253): CodeIgniter\Database\BaseBuilder->get()
 6 SYSTEMPATH\BaseModel.php(676): CodeIgniter\Model->doFindAll(0, 0)
 7 APPPATH\Controllers\Kelas.php(29): CodeIgniter\BaseModel->findAll()
 8 SYSTEMPATH\CodeIgniter.php(951): App\Controllers\Kelas->index()
 9 SYSTEMPATH\CodeIgniter.php(497): CodeIgniter\CodeIgniter->runController(Object(App\Controllers\Kelas))
10 SYSTEMPATH\CodeIgniter.php(340): CodeIgniter\CodeIgniter->handleRequest(null, Object(Config\Cache), false)
11 SYSTEMPATH\Boot.php(417): CodeIgniter\CodeIgniter->run()
12 SYSTEMPATH\Boot.php(68): CodeIgniter\Boot::runCodeIgniter(Object(CodeIgniter\CodeIgniter))
13 FCPATH\index.php(59): CodeIgniter\Boot::bootWeb(Object(Config\Paths))
ERROR - 2026-05-16 14:59:08 --> Unknown column 'kelas.id_pendidikan' in 'on clause'
in SYSTEMPATH\Database\MySQLi\Connection.php on line 300.
 1 SYSTEMPATH\Database\MySQLi\Connection.php(300): mysqli->query('SELECT `kelas`.*, `guru`.`nama_guru`, `pendidikan`.`nama`
FROM `kelas`
JOIN `guru` ON `guru`.`id` = `kelas`.`id_guru`
JOIN `pendidikan` ON `pendidikan`.`id_pendidikan` = `kelas`.`id_pendidikan`', 0)
 2 SYSTEMPATH\Database\BaseConnection.php(910): CodeIgniter\Database\MySQLi\Connection->execute('SELECT `kelas`.*, `guru`.`nama_guru`, `pendidikan`.`nama`
FROM `kelas`
JOIN `guru` ON `guru`.`id` = `kelas`.`id_guru`
JOIN `pendidikan` ON `pendidikan`.`id_pendidikan` = `kelas`.`id_pendidikan`')
 3 SYSTEMPATH\Database\BaseConnection.php(827): CodeIgniter\Database\BaseConnection->simpleQuery('SELECT `kelas`.*, `guru`.`nama_guru`, `pendidikan`.`nama`
FROM `kelas`
JOIN `guru` ON `guru`.`id` = `kelas`.`id_guru`
JOIN `pendidikan` ON `pendidikan`.`id_pendidikan` = `kelas`.`id_pendidikan`')
 4 SYSTEMPATH\Database\BaseBuilder.php(1649): CodeIgniter\Database\BaseConnection->query('SELECT `kelas`.*, `guru`.`nama_guru`, `pendidikan`.`nama`
FROM `kelas`
JOIN `guru` ON `guru`.`id` = `kelas`.`id_guru`
JOIN `pendidikan` ON `pendidikan`.`id_pendidikan` = `kelas`.`id_pendidikan`', [], false)
 5 SYSTEMPATH\Model.php(253): CodeIgniter\Database\BaseBuilder->get()
 6 SYSTEMPATH\BaseModel.php(676): CodeIgniter\Model->doFindAll(0, 0)
 7 APPPATH\Controllers\Kelas.php(29): CodeIgniter\BaseModel->findAll()
 8 SYSTEMPATH\CodeIgniter.php(951): App\Controllers\Kelas->index()
 9 SYSTEMPATH\CodeIgniter.php(497): CodeIgniter\CodeIgniter->runController(Object(App\Controllers\Kelas))
10 SYSTEMPATH\CodeIgniter.php(340): CodeIgniter\CodeIgniter->handleRequest(null, Object(Config\Cache), false)
11 SYSTEMPATH\Boot.php(417): CodeIgniter\CodeIgniter->run()
12 SYSTEMPATH\Boot.php(68): CodeIgniter\Boot::runCodeIgniter(Object(CodeIgniter\CodeIgniter))
13 FCPATH\index.php(59): CodeIgniter\Boot::bootWeb(Object(Config\Paths))
CRITICAL - 2026-05-16 14:59:08 --> CodeIgniter\Database\Exceptions\DatabaseException: Unknown column 'kelas.id_pendidikan' in 'on clause'
[Method: GET, Route: kelas]
in SYSTEMPATH\Database\BaseConnection.php on line 865.
 1 SYSTEMPATH\Database\BaseBuilder.php(1649): CodeIgniter\Database\BaseConnection->query('SELECT `kelas`.*, `guru`.`nama_guru`, `pendidikan`.`nama`
FROM `kelas`
JOIN `guru` ON `guru`.`id` = `kelas`.`id_guru`
JOIN `pendidikan` ON `pendidikan`.`id_pendidikan` = `kelas`.`id_pendidikan`', [], false)
 2 SYSTEMPATH\Model.php(253): CodeIgniter\Database\BaseBuilder->get()
 3 SYSTEMPATH\BaseModel.php(676): CodeIgniter\Model->doFindAll(0, 0)
 4 APPPATH\Controllers\Kelas.php(29): CodeIgniter\BaseModel->findAll()
 5 SYSTEMPATH\CodeIgniter.php(951): App\Controllers\Kelas->index()
 6 SYSTEMPATH\CodeIgniter.php(497): CodeIgniter\CodeIgniter->runController(Object(App\Controllers\Kelas))
 7 SYSTEMPATH\CodeIgniter.php(340): CodeIgniter\CodeIgniter->handleRequest(null, Object(Config\Cache), false)
 8 SYSTEMPATH\Boot.php(417): CodeIgniter\CodeIgniter->run()
 9 SYSTEMPATH\Boot.php(68): CodeIgniter\Boot::runCodeIgniter(Object(CodeIgniter\CodeIgniter))
10 FCPATH\index.php(59): CodeIgniter\Boot::bootWeb(Object(Config\Paths))
CRITICAL - 2026-05-16 14:59:08 --> [Caused by] CodeIgniter\Database\Exceptions\DatabaseException: Unknown column 'kelas.id_pendidikan' in 'on clause'
in SYSTEMPATH\Database\MySQLi\Connection.php on line 310.
 1 SYSTEMPATH\Database\BaseConnection.php(910): CodeIgniter\Database\MySQLi\Connection->execute('SELECT `kelas`.*, `guru`.`nama_guru`, `pendidikan`.`nama`
FROM `kelas`
JOIN `guru` ON `guru`.`id` = `kelas`.`id_guru`
JOIN `pendidikan` ON `pendidikan`.`id_pendidikan` = `kelas`.`id_pendidikan`')
 2 SYSTEMPATH\Database\BaseConnection.php(827): CodeIgniter\Database\BaseConnection->simpleQuery('SELECT `kelas`.*, `guru`.`nama_guru`, `pendidikan`.`nama`
FROM `kelas`
JOIN `guru` ON `guru`.`id` = `kelas`.`id_guru`
JOIN `pendidikan` ON `pendidikan`.`id_pendidikan` = `kelas`.`id_pendidikan`')
 3 SYSTEMPATH\Database\BaseBuilder.php(1649): CodeIgniter\Database\BaseConnection->query('SELECT `kelas`.*, `guru`.`nama_guru`, `pendidikan`.`nama`
FROM `kelas`
JOIN `guru` ON `guru`.`id` = `kelas`.`id_guru`
JOIN `pendidikan` ON `pendidikan`.`id_pendidikan` = `kelas`.`id_pendidikan`', [], false)
 4 SYSTEMPATH\Model.php(253): CodeIgniter\Database\BaseBuilder->get()
 5 SYSTEMPATH\BaseModel.php(676): CodeIgniter\Model->doFindAll(0, 0)
 6 APPPATH\Controllers\Kelas.php(29): CodeIgniter\BaseModel->findAll()
 7 SYSTEMPATH\CodeIgniter.php(951): App\Controllers\Kelas->index()
 8 SYSTEMPATH\CodeIgniter.php(497): CodeIgniter\CodeIgniter->runController(Object(App\Controllers\Kelas))
 9 SYSTEMPATH\CodeIgniter.php(340): CodeIgniter\CodeIgniter->handleRequest(null, Object(Config\Cache), false)
10 SYSTEMPATH\Boot.php(417): CodeIgniter\CodeIgniter->run()
11 SYSTEMPATH\Boot.php(68): CodeIgniter\Boot::runCodeIgniter(Object(CodeIgniter\CodeIgniter))
12 FCPATH\index.php(59): CodeIgniter\Boot::bootWeb(Object(Config\Paths))
CRITICAL - 2026-05-16 14:59:08 --> [Caused by] mysqli_sql_exception: Unknown column 'kelas.id_pendidikan' in 'on clause'
in SYSTEMPATH\Database\MySQLi\Connection.php on line 300.
 1 SYSTEMPATH\Database\MySQLi\Connection.php(300): mysqli->query('SELECT `kelas`.*, `guru`.`nama_guru`, `pendidikan`.`nama`
FROM `kelas`
JOIN `guru` ON `guru`.`id` = `kelas`.`id_guru`
JOIN `pendidikan` ON `pendidikan`.`id_pendidikan` = `kelas`.`id_pendidikan`', 0)
 2 SYSTEMPATH\Database\BaseConnection.php(910): CodeIgniter\Database\MySQLi\Connection->execute('SELECT `kelas`.*, `guru`.`nama_guru`, `pendidikan`.`nama`
FROM `kelas`
JOIN `guru` ON `guru`.`id` = `kelas`.`id_guru`
JOIN `pendidikan` ON `pendidikan`.`id_pendidikan` = `kelas`.`id_pendidikan`')
 3 SYSTEMPATH\Database\BaseConnection.php(827): CodeIgniter\Database\BaseConnection->simpleQuery('SELECT `kelas`.*, `guru`.`nama_guru`, `pendidikan`.`nama`
FROM `kelas`
JOIN `guru` ON `guru`.`id` = `kelas`.`id_guru`
JOIN `pendidikan` ON `pendidikan`.`id_pendidikan` = `kelas`.`id_pendidikan`')
 4 SYSTEMPATH\Database\BaseBuilder.php(1649): CodeIgniter\Database\BaseConnection->query('SELECT `kelas`.*, `guru`.`nama_guru`, `pendidikan`.`nama`
FROM `kelas`
JOIN `guru` ON `guru`.`id` = `kelas`.`id_guru`
JOIN `pendidikan` ON `pendidikan`.`id_pendidikan` = `kelas`.`id_pendidikan`', [], false)
 5 SYSTEMPATH\Model.php(253): CodeIgniter\Database\BaseBuilder->get()
 6 SYSTEMPATH\BaseModel.php(676): CodeIgniter\Model->doFindAll(0, 0)
 7 APPPATH\Controllers\Kelas.php(29): CodeIgniter\BaseModel->findAll()
 8 SYSTEMPATH\CodeIgniter.php(951): App\Controllers\Kelas->index()
 9 SYSTEMPATH\CodeIgniter.php(497): CodeIgniter\CodeIgniter->runController(Object(App\Controllers\Kelas))
10 SYSTEMPATH\CodeIgniter.php(340): CodeIgniter\CodeIgniter->handleRequest(null, Object(Config\Cache), false)
11 SYSTEMPATH\Boot.php(417): CodeIgniter\CodeIgniter->run()
12 SYSTEMPATH\Boot.php(68): CodeIgniter\Boot::runCodeIgniter(Object(CodeIgniter\CodeIgniter))
13 FCPATH\index.php(59): CodeIgniter\Boot::bootWeb(Object(Config\Paths))
ERROR - 2026-05-16 14:59:08 --> Unknown column 'kelas.id_pendidikan' in 'on clause'
in SYSTEMPATH\Database\MySQLi\Connection.php on line 300.
 1 SYSTEMPATH\Database\MySQLi\Connection.php(300): mysqli->query('SELECT `kelas`.*, `guru`.`nama_guru`, `pendidikan`.`nama`
FROM `kelas`
JOIN `guru` ON `guru`.`id` = `kelas`.`id_guru`
JOIN `pendidikan` ON `pendidikan`.`id_pendidikan` = `kelas`.`id_pendidikan`', 0)
 2 SYSTEMPATH\Database\BaseConnection.php(910): CodeIgniter\Database\MySQLi\Connection->execute('SELECT `kelas`.*, `guru`.`nama_guru`, `pendidikan`.`nama`
FROM `kelas`
JOIN `guru` ON `guru`.`id` = `kelas`.`id_guru`
JOIN `pendidikan` ON `pendidikan`.`id_pendidikan` = `kelas`.`id_pendidikan`')
 3 SYSTEMPATH\Database\BaseConnection.php(827): CodeIgniter\Database\BaseConnection->simpleQuery('SELECT `kelas`.*, `guru`.`nama_guru`, `pendidikan`.`nama`
FROM `kelas`
JOIN `guru` ON `guru`.`id` = `kelas`.`id_guru`
JOIN `pendidikan` ON `pendidikan`.`id_pendidikan` = `kelas`.`id_pendidikan`')
 4 SYSTEMPATH\Database\BaseBuilder.php(1649): CodeIgniter\Database\BaseConnection->query('SELECT `kelas`.*, `guru`.`nama_guru`, `pendidikan`.`nama`
FROM `kelas`
JOIN `guru` ON `guru`.`id` = `kelas`.`id_guru`
JOIN `pendidikan` ON `pendidikan`.`id_pendidikan` = `kelas`.`id_pendidikan`', [], false)
 5 SYSTEMPATH\Model.php(253): CodeIgniter\Database\BaseBuilder->get()
 6 SYSTEMPATH\BaseModel.php(676): CodeIgniter\Model->doFindAll(0, 0)
 7 APPPATH\Controllers\Kelas.php(29): CodeIgniter\BaseModel->findAll()
 8 SYSTEMPATH\CodeIgniter.php(951): App\Controllers\Kelas->index()
 9 SYSTEMPATH\CodeIgniter.php(497): CodeIgniter\CodeIgniter->runController(Object(App\Controllers\Kelas))
10 SYSTEMPATH\CodeIgniter.php(340): CodeIgniter\CodeIgniter->handleRequest(null, Object(Config\Cache), false)
11 SYSTEMPATH\Boot.php(417): CodeIgniter\CodeIgniter->run()
12 SYSTEMPATH\Boot.php(68): CodeIgniter\Boot::runCodeIgniter(Object(CodeIgniter\CodeIgniter))
13 FCPATH\index.php(59): CodeIgniter\Boot::bootWeb(Object(Config\Paths))
CRITICAL - 2026-05-16 14:59:08 --> CodeIgniter\Database\Exceptions\DatabaseException: Unknown column 'kelas.id_pendidikan' in 'on clause'
[Method: GET, Route: kelas]
in SYSTEMPATH\Database\BaseConnection.php on line 865.
 1 SYSTEMPATH\Database\BaseBuilder.php(1649): CodeIgniter\Database\BaseConnection->query('SELECT `kelas`.*, `guru`.`nama_guru`, `pendidikan`.`nama`
FROM `kelas`
JOIN `guru` ON `guru`.`id` = `kelas`.`id_guru`
JOIN `pendidikan` ON `pendidikan`.`id_pendidikan` = `kelas`.`id_pendidikan`', [], false)
 2 SYSTEMPATH\Model.php(253): CodeIgniter\Database\BaseBuilder->get()
 3 SYSTEMPATH\BaseModel.php(676): CodeIgniter\Model->doFindAll(0, 0)
 4 APPPATH\Controllers\Kelas.php(29): CodeIgniter\BaseModel->findAll()
 5 SYSTEMPATH\CodeIgniter.php(951): App\Controllers\Kelas->index()
 6 SYSTEMPATH\CodeIgniter.php(497): CodeIgniter\CodeIgniter->runController(Object(App\Controllers\Kelas))
 7 SYSTEMPATH\CodeIgniter.php(340): CodeIgniter\CodeIgniter->handleRequest(null, Object(Config\Cache), false)
 8 SYSTEMPATH\Boot.php(417): CodeIgniter\CodeIgniter->run()
 9 SYSTEMPATH\Boot.php(68): CodeIgniter\Boot::runCodeIgniter(Object(CodeIgniter\CodeIgniter))
10 FCPATH\index.php(59): CodeIgniter\Boot::bootWeb(Object(Config\Paths))
CRITICAL - 2026-05-16 14:59:08 --> [Caused by] CodeIgniter\Database\Exceptions\DatabaseException: Unknown column 'kelas.id_pendidikan' in 'on clause'
in SYSTEMPATH\Database\MySQLi\Connection.php on line 310.
 1 SYSTEMPATH\Database\BaseConnection.php(910): CodeIgniter\Database\MySQLi\Connection->execute('SELECT `kelas`.*, `guru`.`nama_guru`, `pendidikan`.`nama`
FROM `kelas`
JOIN `guru` ON `guru`.`id` = `kelas`.`id_guru`
JOIN `pendidikan` ON `pendidikan`.`id_pendidikan` = `kelas`.`id_pendidikan`')
 2 SYSTEMPATH\Database\BaseConnection.php(827): CodeIgniter\Database\BaseConnection->simpleQuery('SELECT `kelas`.*, `guru`.`nama_guru`, `pendidikan`.`nama`
FROM `kelas`
JOIN `guru` ON `guru`.`id` = `kelas`.`id_guru`
JOIN `pendidikan` ON `pendidikan`.`id_pendidikan` = `kelas`.`id_pendidikan`')
 3 SYSTEMPATH\Database\BaseBuilder.php(1649): CodeIgniter\Database\BaseConnection->query('SELECT `kelas`.*, `guru`.`nama_guru`, `pendidikan`.`nama`
FROM `kelas`
JOIN `guru` ON `guru`.`id` = `kelas`.`id_guru`
JOIN `pendidikan` ON `pendidikan`.`id_pendidikan` = `kelas`.`id_pendidikan`', [], false)
 4 SYSTEMPATH\Model.php(253): CodeIgniter\Database\BaseBuilder->get()
 5 SYSTEMPATH\BaseModel.php(676): CodeIgniter\Model->doFindAll(0, 0)
 6 APPPATH\Controllers\Kelas.php(29): CodeIgniter\BaseModel->findAll()
 7 SYSTEMPATH\CodeIgniter.php(951): App\Controllers\Kelas->index()
 8 SYSTEMPATH\CodeIgniter.php(497): CodeIgniter\CodeIgniter->runController(Object(App\Controllers\Kelas))
 9 SYSTEMPATH\CodeIgniter.php(340): CodeIgniter\CodeIgniter->handleRequest(null, Object(Config\Cache), false)
10 SYSTEMPATH\Boot.php(417): CodeIgniter\CodeIgniter->run()
11 SYSTEMPATH\Boot.php(68): CodeIgniter\Boot::runCodeIgniter(Object(CodeIgniter\CodeIgniter))
12 FCPATH\index.php(59): CodeIgniter\Boot::bootWeb(Object(Config\Paths))
CRITICAL - 2026-05-16 14:59:08 --> [Caused by] mysqli_sql_exception: Unknown column 'kelas.id_pendidikan' in 'on clause'
in SYSTEMPATH\Database\MySQLi\Connection.php on line 300.
 1 SYSTEMPATH\Database\MySQLi\Connection.php(300): mysqli->query('SELECT `kelas`.*, `guru`.`nama_guru`, `pendidikan`.`nama`
FROM `kelas`
JOIN `guru` ON `guru`.`id` = `kelas`.`id_guru`
JOIN `pendidikan` ON `pendidikan`.`id_pendidikan` = `kelas`.`id_pendidikan`', 0)
 2 SYSTEMPATH\Database\BaseConnection.php(910): CodeIgniter\Database\MySQLi\Connection->execute('SELECT `kelas`.*, `guru`.`nama_guru`, `pendidikan`.`nama`
FROM `kelas`
JOIN `guru` ON `guru`.`id` = `kelas`.`id_guru`
JOIN `pendidikan` ON `pendidikan`.`id_pendidikan` = `kelas`.`id_pendidikan`')
 3 SYSTEMPATH\Database\BaseConnection.php(827): CodeIgniter\Database\BaseConnection->simpleQuery('SELECT `kelas`.*, `guru`.`nama_guru`, `pendidikan`.`nama`
FROM `kelas`
JOIN `guru` ON `guru`.`id` = `kelas`.`id_guru`
JOIN `pendidikan` ON `pendidikan`.`id_pendidikan` = `kelas`.`id_pendidikan`')
 4 SYSTEMPATH\Database\BaseBuilder.php(1649): CodeIgniter\Database\BaseConnection->query('SELECT `kelas`.*, `guru`.`nama_guru`, `pendidikan`.`nama`
FROM `kelas`
JOIN `guru` ON `guru`.`id` = `kelas`.`id_guru`
JOIN `pendidikan` ON `pendidikan`.`id_pendidikan` = `kelas`.`id_pendidikan`', [], false)
 5 SYSTEMPATH\Model.php(253): CodeIgniter\Database\BaseBuilder->get()
 6 SYSTEMPATH\BaseModel.php(676): CodeIgniter\Model->doFindAll(0, 0)
 7 APPPATH\Controllers\Kelas.php(29): CodeIgniter\BaseModel->findAll()
 8 SYSTEMPATH\CodeIgniter.php(951): App\Controllers\Kelas->index()
 9 SYSTEMPATH\CodeIgniter.php(497): CodeIgniter\CodeIgniter->runController(Object(App\Controllers\Kelas))
10 SYSTEMPATH\CodeIgniter.php(340): CodeIgniter\CodeIgniter->handleRequest(null, Object(Config\Cache), false)
11 SYSTEMPATH\Boot.php(417): CodeIgniter\CodeIgniter->run()
12 SYSTEMPATH\Boot.php(68): CodeIgniter\Boot::runCodeIgniter(Object(CodeIgniter\CodeIgniter))
13 FCPATH\index.php(59): CodeIgniter\Boot::bootWeb(Object(Config\Paths))
ERROR - 2026-05-16 14:59:08 --> Unknown column 'kelas.id_pendidikan' in 'on clause'
in SYSTEMPATH\Database\MySQLi\Connection.php on line 300.
 1 SYSTEMPATH\Database\MySQLi\Connection.php(300): mysqli->query('SELECT `kelas`.*, `guru`.`nama_guru`, `pendidikan`.`nama`
FROM `kelas`
JOIN `guru` ON `guru`.`id` = `kelas`.`id_guru`
JOIN `pendidikan` ON `pendidikan`.`id_pendidikan` = `kelas`.`id_pendidikan`', 0)
 2 SYSTEMPATH\Database\BaseConnection.php(910): CodeIgniter\Database\MySQLi\Connection->execute('SELECT `kelas`.*, `guru`.`nama_guru`, `pendidikan`.`nama`
FROM `kelas`
JOIN `guru` ON `guru`.`id` = `kelas`.`id_guru`
JOIN `pendidikan` ON `pendidikan`.`id_pendidikan` = `kelas`.`id_pendidikan`')
 3 SYSTEMPATH\Database\BaseConnection.php(827): CodeIgniter\Database\BaseConnection->simpleQuery('SELECT `kelas`.*, `guru`.`nama_guru`, `pendidikan`.`nama`
FROM `kelas`
JOIN `guru` ON `guru`.`id` = `kelas`.`id_guru`
JOIN `pendidikan` ON `pendidikan`.`id_pendidikan` = `kelas`.`id_pendidikan`')
 4 SYSTEMPATH\Database\BaseBuilder.php(1649): CodeIgniter\Database\BaseConnection->query('SELECT `kelas`.*, `guru`.`nama_guru`, `pendidikan`.`nama`
FROM `kelas`
JOIN `guru` ON `guru`.`id` = `kelas`.`id_guru`
JOIN `pendidikan` ON `pendidikan`.`id_pendidikan` = `kelas`.`id_pendidikan`', [], false)
 5 SYSTEMPATH\Model.php(253): CodeIgniter\Database\BaseBuilder->get()
 6 SYSTEMPATH\BaseModel.php(676): CodeIgniter\Model->doFindAll(0, 0)
 7 APPPATH\Controllers\Kelas.php(29): CodeIgniter\BaseModel->findAll()
 8 SYSTEMPATH\CodeIgniter.php(951): App\Controllers\Kelas->index()
 9 SYSTEMPATH\CodeIgniter.php(497): CodeIgniter\CodeIgniter->runController(Object(App\Controllers\Kelas))
10 SYSTEMPATH\CodeIgniter.php(340): CodeIgniter\CodeIgniter->handleRequest(null, Object(Config\Cache), false)
11 SYSTEMPATH\Boot.php(417): CodeIgniter\CodeIgniter->run()
12 SYSTEMPATH\Boot.php(68): CodeIgniter\Boot::runCodeIgniter(Object(CodeIgniter\CodeIgniter))
13 FCPATH\index.php(59): CodeIgniter\Boot::bootWeb(Object(Config\Paths))
CRITICAL - 2026-05-16 14:59:08 --> CodeIgniter\Database\Exceptions\DatabaseException: Unknown column 'kelas.id_pendidikan' in 'on clause'
[Method: GET, Route: kelas]
in SYSTEMPATH\Database\BaseConnection.php on line 865.
 1 SYSTEMPATH\Database\BaseBuilder.php(1649): CodeIgniter\Database\BaseConnection->query('SELECT `kelas`.*, `guru`.`nama_guru`, `pendidikan`.`nama`
FROM `kelas`
JOIN `guru` ON `guru`.`id` = `kelas`.`id_guru`
JOIN `pendidikan` ON `pendidikan`.`id_pendidikan` = `kelas`.`id_pendidikan`', [], false)
 2 SYSTEMPATH\Model.php(253): CodeIgniter\Database\BaseBuilder->get()
 3 SYSTEMPATH\BaseModel.php(676): CodeIgniter\Model->doFindAll(0, 0)
 4 APPPATH\Controllers\Kelas.php(29): CodeIgniter\BaseModel->findAll()
 5 SYSTEMPATH\CodeIgniter.php(951): App\Controllers\Kelas->index()
 6 SYSTEMPATH\CodeIgniter.php(497): CodeIgniter\CodeIgniter->runController(Object(App\Controllers\Kelas))
 7 SYSTEMPATH\CodeIgniter.php(340): CodeIgniter\CodeIgniter->handleRequest(null, Object(Config\Cache), false)
 8 SYSTEMPATH\Boot.php(417): CodeIgniter\CodeIgniter->run()
 9 SYSTEMPATH\Boot.php(68): CodeIgniter\Boot::runCodeIgniter(Object(CodeIgniter\CodeIgniter))
10 FCPATH\index.php(59): CodeIgniter\Boot::bootWeb(Object(Config\Paths))
CRITICAL - 2026-05-16 14:59:08 --> [Caused by] CodeIgniter\Database\Exceptions\DatabaseException: Unknown column 'kelas.id_pendidikan' in 'on clause'
in SYSTEMPATH\Database\MySQLi\Connection.php on line 310.
 1 SYSTEMPATH\Database\BaseConnection.php(910): CodeIgniter\Database\MySQLi\Connection->execute('SELECT `kelas`.*, `guru`.`nama_guru`, `pendidikan`.`nama`
FROM `kelas`
JOIN `guru` ON `guru`.`id` = `kelas`.`id_guru`
JOIN `pendidikan` ON `pendidikan`.`id_pendidikan` = `kelas`.`id_pendidikan`')
 2 SYSTEMPATH\Database\BaseConnection.php(827): CodeIgniter\Database\BaseConnection->simpleQuery('SELECT `kelas`.*, `guru`.`nama_guru`, `pendidikan`.`nama`
FROM `kelas`
JOIN `guru` ON `guru`.`id` = `kelas`.`id_guru`
JOIN `pendidikan` ON `pendidikan`.`id_pendidikan` = `kelas`.`id_pendidikan`')
 3 SYSTEMPATH\Database\BaseBuilder.php(1649): CodeIgniter\Database\BaseConnection->query('SELECT `kelas`.*, `guru`.`nama_guru`, `pendidikan`.`nama`
FROM `kelas`
JOIN `guru` ON `guru`.`id` = `kelas`.`id_guru`
JOIN `pendidikan` ON `pendidikan`.`id_pendidikan` = `kelas`.`id_pendidikan`', [], false)
 4 SYSTEMPATH\Model.php(253): CodeIgniter\Database\BaseBuilder->get()
 5 SYSTEMPATH\BaseModel.php(676): CodeIgniter\Model->doFindAll(0, 0)
 6 APPPATH\Controllers\Kelas.php(29): CodeIgniter\BaseModel->findAll()
 7 SYSTEMPATH\CodeIgniter.php(951): App\Controllers\Kelas->index()
 8 SYSTEMPATH\CodeIgniter.php(497): CodeIgniter\CodeIgniter->runController(Object(App\Controllers\Kelas))
 9 SYSTEMPATH\CodeIgniter.php(340): CodeIgniter\CodeIgniter->handleRequest(null, Object(Config\Cache), false)
10 SYSTEMPATH\Boot.php(417): CodeIgniter\CodeIgniter->run()
11 SYSTEMPATH\Boot.php(68): CodeIgniter\Boot::runCodeIgniter(Object(CodeIgniter\CodeIgniter))
12 FCPATH\index.php(59): CodeIgniter\Boot::bootWeb(Object(Config\Paths))
CRITICAL - 2026-05-16 14:59:08 --> [Caused by] mysqli_sql_exception: Unknown column 'kelas.id_pendidikan' in 'on clause'
in SYSTEMPATH\Database\MySQLi\Connection.php on line 300.
 1 SYSTEMPATH\Database\MySQLi\Connection.php(300): mysqli->query('SELECT `kelas`.*, `guru`.`nama_guru`, `pendidikan`.`nama`
FROM `kelas`
JOIN `guru` ON `guru`.`id` = `kelas`.`id_guru`
JOIN `pendidikan` ON `pendidikan`.`id_pendidikan` = `kelas`.`id_pendidikan`', 0)
 2 SYSTEMPATH\Database\BaseConnection.php(910): CodeIgniter\Database\MySQLi\Connection->execute('SELECT `kelas`.*, `guru`.`nama_guru`, `pendidikan`.`nama`
FROM `kelas`
JOIN `guru` ON `guru`.`id` = `kelas`.`id_guru`
JOIN `pendidikan` ON `pendidikan`.`id_pendidikan` = `kelas`.`id_pendidikan`')
 3 SYSTEMPATH\Database\BaseConnection.php(827): CodeIgniter\Database\BaseConnection->simpleQuery('SELECT `kelas`.*, `guru`.`nama_guru`, `pendidikan`.`nama`
FROM `kelas`
JOIN `guru` ON `guru`.`id` = `kelas`.`id_guru`
JOIN `pendidikan` ON `pendidikan`.`id_pendidikan` = `kelas`.`id_pendidikan`')
 4 SYSTEMPATH\Database\BaseBuilder.php(1649): CodeIgniter\Database\BaseConnection->query('SELECT `kelas`.*, `guru`.`nama_guru`, `pendidikan`.`nama`
FROM `kelas`
JOIN `guru` ON `guru`.`id` = `kelas`.`id_guru`
JOIN `pendidikan` ON `pendidikan`.`id_pendidikan` = `kelas`.`id_pendidikan`', [], false)
 5 SYSTEMPATH\Model.php(253): CodeIgniter\Database\BaseBuilder->get()
 6 SYSTEMPATH\BaseModel.php(676): CodeIgniter\Model->doFindAll(0, 0)
 7 APPPATH\Controllers\Kelas.php(29): CodeIgniter\BaseModel->findAll()
 8 SYSTEMPATH\CodeIgniter.php(951): App\Controllers\Kelas->index()
 9 SYSTEMPATH\CodeIgniter.php(497): CodeIgniter\CodeIgniter->runController(Object(App\Controllers\Kelas))
10 SYSTEMPATH\CodeIgniter.php(340): CodeIgniter\CodeIgniter->handleRequest(null, Object(Config\Cache), false)
11 SYSTEMPATH\Boot.php(417): CodeIgniter\CodeIgniter->run()
12 SYSTEMPATH\Boot.php(68): CodeIgniter\Boot::runCodeIgniter(Object(CodeIgniter\CodeIgniter))
13 FCPATH\index.php(59): CodeIgniter\Boot::bootWeb(Object(Config\Paths))
ERROR - 2026-05-16 14:59:09 --> Unknown column 'kelas.id_pendidikan' in 'on clause'
in SYSTEMPATH\Database\MySQLi\Connection.php on line 300.
 1 SYSTEMPATH\Database\MySQLi\Connection.php(300): mysqli->query('SELECT `kelas`.*, `guru`.`nama_guru`, `pendidikan`.`nama`
FROM `kelas`
JOIN `guru` ON `guru`.`id` = `kelas`.`id_guru`
JOIN `pendidikan` ON `pendidikan`.`id_pendidikan` = `kelas`.`id_pendidikan`', 0)
 2 SYSTEMPATH\Database\BaseConnection.php(910): CodeIgniter\Database\MySQLi\Connection->execute('SELECT `kelas`.*, `guru`.`nama_guru`, `pendidikan`.`nama`
FROM `kelas`
JOIN `guru` ON `guru`.`id` = `kelas`.`id_guru`
JOIN `pendidikan` ON `pendidikan`.`id_pendidikan` = `kelas`.`id_pendidikan`')
 3 SYSTEMPATH\Database\BaseConnection.php(827): CodeIgniter\Database\BaseConnection->simpleQuery('SELECT `kelas`.*, `guru`.`nama_guru`, `pendidikan`.`nama`
FROM `kelas`
JOIN `guru` ON `guru`.`id` = `kelas`.`id_guru`
JOIN `pendidikan` ON `pendidikan`.`id_pendidikan` = `kelas`.`id_pendidikan`')
 4 SYSTEMPATH\Database\BaseBuilder.php(1649): CodeIgniter\Database\BaseConnection->query('SELECT `kelas`.*, `guru`.`nama_guru`, `pendidikan`.`nama`
FROM `kelas`
JOIN `guru` ON `guru`.`id` = `kelas`.`id_guru`
JOIN `pendidikan` ON `pendidikan`.`id_pendidikan` = `kelas`.`id_pendidikan`', [], false)
 5 SYSTEMPATH\Model.php(253): CodeIgniter\Database\BaseBuilder->get()
 6 SYSTEMPATH\BaseModel.php(676): CodeIgniter\Model->doFindAll(0, 0)
 7 APPPATH\Controllers\Kelas.php(29): CodeIgniter\BaseModel->findAll()
 8 SYSTEMPATH\CodeIgniter.php(951): App\Controllers\Kelas->index()
 9 SYSTEMPATH\CodeIgniter.php(497): CodeIgniter\CodeIgniter->runController(Object(App\Controllers\Kelas))
10 SYSTEMPATH\CodeIgniter.php(340): CodeIgniter\CodeIgniter->handleRequest(null, Object(Config\Cache), false)
11 SYSTEMPATH\Boot.php(417): CodeIgniter\CodeIgniter->run()
12 SYSTEMPATH\Boot.php(68): CodeIgniter\Boot::runCodeIgniter(Object(CodeIgniter\CodeIgniter))
13 FCPATH\index.php(59): CodeIgniter\Boot::bootWeb(Object(Config\Paths))
CRITICAL - 2026-05-16 14:59:09 --> CodeIgniter\Database\Exceptions\DatabaseException: Unknown column 'kelas.id_pendidikan' in 'on clause'
[Method: GET, Route: kelas]
in SYSTEMPATH\Database\BaseConnection.php on line 865.
 1 SYSTEMPATH\Database\BaseBuilder.php(1649): CodeIgniter\Database\BaseConnection->query('SELECT `kelas`.*, `guru`.`nama_guru`, `pendidikan`.`nama`
FROM `kelas`
JOIN `guru` ON `guru`.`id` = `kelas`.`id_guru`
JOIN `pendidikan` ON `pendidikan`.`id_pendidikan` = `kelas`.`id_pendidikan`', [], false)
 2 SYSTEMPATH\Model.php(253): CodeIgniter\Database\BaseBuilder->get()
 3 SYSTEMPATH\BaseModel.php(676): CodeIgniter\Model->doFindAll(0, 0)
 4 APPPATH\Controllers\Kelas.php(29): CodeIgniter\BaseModel->findAll()
 5 SYSTEMPATH\CodeIgniter.php(951): App\Controllers\Kelas->index()
 6 SYSTEMPATH\CodeIgniter.php(497): CodeIgniter\CodeIgniter->runController(Object(App\Controllers\Kelas))
 7 SYSTEMPATH\CodeIgniter.php(340): CodeIgniter\CodeIgniter->handleRequest(null, Object(Config\Cache), false)
 8 SYSTEMPATH\Boot.php(417): CodeIgniter\CodeIgniter->run()
 9 SYSTEMPATH\Boot.php(68): CodeIgniter\Boot::runCodeIgniter(Object(CodeIgniter\CodeIgniter))
10 FCPATH\index.php(59): CodeIgniter\Boot::bootWeb(Object(Config\Paths))
CRITICAL - 2026-05-16 14:59:09 --> [Caused by] CodeIgniter\Database\Exceptions\DatabaseException: Unknown column 'kelas.id_pendidikan' in 'on clause'
in SYSTEMPATH\Database\MySQLi\Connection.php on line 310.
 1 SYSTEMPATH\Database\BaseConnection.php(910): CodeIgniter\Database\MySQLi\Connection->execute('SELECT `kelas`.*, `guru`.`nama_guru`, `pendidikan`.`nama`
FROM `kelas`
JOIN `guru` ON `guru`.`id` = `kelas`.`id_guru`
JOIN `pendidikan` ON `pendidikan`.`id_pendidikan` = `kelas`.`id_pendidikan`')
 2 SYSTEMPATH\Database\BaseConnection.php(827): CodeIgniter\Database\BaseConnection->simpleQuery('SELECT `kelas`.*, `guru`.`nama_guru`, `pendidikan`.`nama`
FROM `kelas`
JOIN `guru` ON `guru`.`id` = `kelas`.`id_guru`
JOIN `pendidikan` ON `pendidikan`.`id_pendidikan` = `kelas`.`id_pendidikan`')
 3 SYSTEMPATH\Database\BaseBuilder.php(1649): CodeIgniter\Database\BaseConnection->query('SELECT `kelas`.*, `guru`.`nama_guru`, `pendidikan`.`nama`
FROM `kelas`
JOIN `guru` ON `guru`.`id` = `kelas`.`id_guru`
JOIN `pendidikan` ON `pendidikan`.`id_pendidikan` = `kelas`.`id_pendidikan`', [], false)
 4 SYSTEMPATH\Model.php(253): CodeIgniter\Database\BaseBuilder->get()
 5 SYSTEMPATH\BaseModel.php(676): CodeIgniter\Model->doFindAll(0, 0)
 6 APPPATH\Controllers\Kelas.php(29): CodeIgniter\BaseModel->findAll()
 7 SYSTEMPATH\CodeIgniter.php(951): App\Controllers\Kelas->index()
 8 SYSTEMPATH\CodeIgniter.php(497): CodeIgniter\CodeIgniter->runController(Object(App\Controllers\Kelas))
 9 SYSTEMPATH\CodeIgniter.php(340): CodeIgniter\CodeIgniter->handleRequest(null, Object(Config\Cache), false)
10 SYSTEMPATH\Boot.php(417): CodeIgniter\CodeIgniter->run()
11 SYSTEMPATH\Boot.php(68): CodeIgniter\Boot::runCodeIgniter(Object(CodeIgniter\CodeIgniter))
12 FCPATH\index.php(59): CodeIgniter\Boot::bootWeb(Object(Config\Paths))
CRITICAL - 2026-05-16 14:59:09 --> [Caused by] mysqli_sql_exception: Unknown column 'kelas.id_pendidikan' in 'on clause'
in SYSTEMPATH\Database\MySQLi\Connection.php on line 300.
 1 SYSTEMPATH\Database\MySQLi\Connection.php(300): mysqli->query('SELECT `kelas`.*, `guru`.`nama_guru`, `pendidikan`.`nama`
FROM `kelas`
JOIN `guru` ON `guru`.`id` = `kelas`.`id_guru`
JOIN `pendidikan` ON `pendidikan`.`id_pendidikan` = `kelas`.`id_pendidikan`', 0)
 2 SYSTEMPATH\Database\BaseConnection.php(910): CodeIgniter\Database\MySQLi\Connection->execute('SELECT `kelas`.*, `guru`.`nama_guru`, `pendidikan`.`nama`
FROM `kelas`
JOIN `guru` ON `guru`.`id` = `kelas`.`id_guru`
JOIN `pendidikan` ON `pendidikan`.`id_pendidikan` = `kelas`.`id_pendidikan`')
 3 SYSTEMPATH\Database\BaseConnection.php(827): CodeIgniter\Database\BaseConnection->simpleQuery('SELECT `kelas`.*, `guru`.`nama_guru`, `pendidikan`.`nama`
FROM `kelas`
JOIN `guru` ON `guru`.`id` = `kelas`.`id_guru`
JOIN `pendidikan` ON `pendidikan`.`id_pendidikan` = `kelas`.`id_pendidikan`')
 4 SYSTEMPATH\Database\BaseBuilder.php(1649): CodeIgniter\Database\BaseConnection->query('SELECT `kelas`.*, `guru`.`nama_guru`, `pendidikan`.`nama`
FROM `kelas`
JOIN `guru` ON `guru`.`id` = `kelas`.`id_guru`
JOIN `pendidikan` ON `pendidikan`.`id_pendidikan` = `kelas`.`id_pendidikan`', [], false)
 5 SYSTEMPATH\Model.php(253): CodeIgniter\Database\BaseBuilder->get()
 6 SYSTEMPATH\BaseModel.php(676): CodeIgniter\Model->doFindAll(0, 0)
 7 APPPATH\Controllers\Kelas.php(29): CodeIgniter\BaseModel->findAll()
 8 SYSTEMPATH\CodeIgniter.php(951): App\Controllers\Kelas->index()
 9 SYSTEMPATH\CodeIgniter.php(497): CodeIgniter\CodeIgniter->runController(Object(App\Controllers\Kelas))
10 SYSTEMPATH\CodeIgniter.php(340): CodeIgniter\CodeIgniter->handleRequest(null, Object(Config\Cache), false)
11 SYSTEMPATH\Boot.php(417): CodeIgniter\CodeIgniter->run()
12 SYSTEMPATH\Boot.php(68): CodeIgniter\Boot::runCodeIgniter(Object(CodeIgniter\CodeIgniter))
13 FCPATH\index.php(59): CodeIgniter\Boot::bootWeb(Object(Config\Paths))
ERROR - 2026-05-16 14:59:09 --> Unknown column 'kelas.id_pendidikan' in 'on clause'
in SYSTEMPATH\Database\MySQLi\Connection.php on line 300.
 1 SYSTEMPATH\Database\MySQLi\Connection.php(300): mysqli->query('SELECT `kelas`.*, `guru`.`nama_guru`, `pendidikan`.`nama`
FROM `kelas`
JOIN `guru` ON `guru`.`id` = `kelas`.`id_guru`
JOIN `pendidikan` ON `pendidikan`.`id_pendidikan` = `kelas`.`id_pendidikan`', 0)
 2 SYSTEMPATH\Database\BaseConnection.php(910): CodeIgniter\Database\MySQLi\Connection->execute('SELECT `kelas`.*, `guru`.`nama_guru`, `pendidikan`.`nama`
FROM `kelas`
JOIN `guru` ON `guru`.`id` = `kelas`.`id_guru`
JOIN `pendidikan` ON `pendidikan`.`id_pendidikan` = `kelas`.`id_pendidikan`')
 3 SYSTEMPATH\Database\BaseConnection.php(827): CodeIgniter\Database\BaseConnection->simpleQuery('SELECT `kelas`.*, `guru`.`nama_guru`, `pendidikan`.`nama`
FROM `kelas`
JOIN `guru` ON `guru`.`id` = `kelas`.`id_guru`
JOIN `pendidikan` ON `pendidikan`.`id_pendidikan` = `kelas`.`id_pendidikan`')
 4 SYSTEMPATH\Database\BaseBuilder.php(1649): CodeIgniter\Database\BaseConnection->query('SELECT `kelas`.*, `guru`.`nama_guru`, `pendidikan`.`nama`
FROM `kelas`
JOIN `guru` ON `guru`.`id` = `kelas`.`id_guru`
JOIN `pendidikan` ON `pendidikan`.`id_pendidikan` = `kelas`.`id_pendidikan`', [], false)
 5 SYSTEMPATH\Model.php(253): CodeIgniter\Database\BaseBuilder->get()
 6 SYSTEMPATH\BaseModel.php(676): CodeIgniter\Model->doFindAll(0, 0)
 7 APPPATH\Controllers\Kelas.php(29): CodeIgniter\BaseModel->findAll()
 8 SYSTEMPATH\CodeIgniter.php(951): App\Controllers\Kelas->index()
 9 SYSTEMPATH\CodeIgniter.php(497): CodeIgniter\CodeIgniter->runController(Object(App\Controllers\Kelas))
10 SYSTEMPATH\CodeIgniter.php(340): CodeIgniter\CodeIgniter->handleRequest(null, Object(Config\Cache), false)
11 SYSTEMPATH\Boot.php(417): CodeIgniter\CodeIgniter->run()
12 SYSTEMPATH\Boot.php(68): CodeIgniter\Boot::runCodeIgniter(Object(CodeIgniter\CodeIgniter))
13 FCPATH\index.php(59): CodeIgniter\Boot::bootWeb(Object(Config\Paths))
CRITICAL - 2026-05-16 14:59:09 --> CodeIgniter\Database\Exceptions\DatabaseException: Unknown column 'kelas.id_pendidikan' in 'on clause'
[Method: GET, Route: kelas]
in SYSTEMPATH\Database\BaseConnection.php on line 865.
 1 SYSTEMPATH\Database\BaseBuilder.php(1649): CodeIgniter\Database\BaseConnection->query('SELECT `kelas`.*, `guru`.`nama_guru`, `pendidikan`.`nama`
FROM `kelas`
JOIN `guru` ON `guru`.`id` = `kelas`.`id_guru`
JOIN `pendidikan` ON `pendidikan`.`id_pendidikan` = `kelas`.`id_pendidikan`', [], false)
 2 SYSTEMPATH\Model.php(253): CodeIgniter\Database\BaseBuilder->get()
 3 SYSTEMPATH\BaseModel.php(676): CodeIgniter\Model->doFindAll(0, 0)
 4 APPPATH\Controllers\Kelas.php(29): CodeIgniter\BaseModel->findAll()
 5 SYSTEMPATH\CodeIgniter.php(951): App\Controllers\Kelas->index()
 6 SYSTEMPATH\CodeIgniter.php(497): CodeIgniter\CodeIgniter->runController(Object(App\Controllers\Kelas))
 7 SYSTEMPATH\CodeIgniter.php(340): CodeIgniter\CodeIgniter->handleRequest(null, Object(Config\Cache), false)
 8 SYSTEMPATH\Boot.php(417): CodeIgniter\CodeIgniter->run()
 9 SYSTEMPATH\Boot.php(68): CodeIgniter\Boot::runCodeIgniter(Object(CodeIgniter\CodeIgniter))
10 FCPATH\index.php(59): CodeIgniter\Boot::bootWeb(Object(Config\Paths))
CRITICAL - 2026-05-16 14:59:09 --> [Caused by] CodeIgniter\Database\Exceptions\DatabaseException: Unknown column 'kelas.id_pendidikan' in 'on clause'
in SYSTEMPATH\Database\MySQLi\Connection.php on line 310.
 1 SYSTEMPATH\Database\BaseConnection.php(910): CodeIgniter\Database\MySQLi\Connection->execute('SELECT `kelas`.*, `guru`.`nama_guru`, `pendidikan`.`nama`
FROM `kelas`
JOIN `guru` ON `guru`.`id` = `kelas`.`id_guru`
JOIN `pendidikan` ON `pendidikan`.`id_pendidikan` = `kelas`.`id_pendidikan`')
 2 SYSTEMPATH\Database\BaseConnection.php(827): CodeIgniter\Database\BaseConnection->simpleQuery('SELECT `kelas`.*, `guru`.`nama_guru`, `pendidikan`.`nama`
FROM `kelas`
JOIN `guru` ON `guru`.`id` = `kelas`.`id_guru`
JOIN `pendidikan` ON `pendidikan`.`id_pendidikan` = `kelas`.`id_pendidikan`')
 3 SYSTEMPATH\Database\BaseBuilder.php(1649): CodeIgniter\Database\BaseConnection->query('SELECT `kelas`.*, `guru`.`nama_guru`, `pendidikan`.`nama`
FROM `kelas`
JOIN `guru` ON `guru`.`id` = `kelas`.`id_guru`
JOIN `pendidikan` ON `pendidikan`.`id_pendidikan` = `kelas`.`id_pendidikan`', [], false)
 4 SYSTEMPATH\Model.php(253): CodeIgniter\Database\BaseBuilder->get()
 5 SYSTEMPATH\BaseModel.php(676): CodeIgniter\Model->doFindAll(0, 0)
 6 APPPATH\Controllers\Kelas.php(29): CodeIgniter\BaseModel->findAll()
 7 SYSTEMPATH\CodeIgniter.php(951): App\Controllers\Kelas->index()
 8 SYSTEMPATH\CodeIgniter.php(497): CodeIgniter\CodeIgniter->runController(Object(App\Controllers\Kelas))
 9 SYSTEMPATH\CodeIgniter.php(340): CodeIgniter\CodeIgniter->handleRequest(null, Object(Config\Cache), false)
10 SYSTEMPATH\Boot.php(417): CodeIgniter\CodeIgniter->run()
11 SYSTEMPATH\Boot.php(68): CodeIgniter\Boot::runCodeIgniter(Object(CodeIgniter\CodeIgniter))
12 FCPATH\index.php(59): CodeIgniter\Boot::bootWeb(Object(Config\Paths))
CRITICAL - 2026-05-16 14:59:09 --> [Caused by] mysqli_sql_exception: Unknown column 'kelas.id_pendidikan' in 'on clause'
in SYSTEMPATH\Database\MySQLi\Connection.php on line 300.
 1 SYSTEMPATH\Database\MySQLi\Connection.php(300): mysqli->query('SELECT `kelas`.*, `guru`.`nama_guru`, `pendidikan`.`nama`
FROM `kelas`
JOIN `guru` ON `guru`.`id` = `kelas`.`id_guru`
JOIN `pendidikan` ON `pendidikan`.`id_pendidikan` = `kelas`.`id_pendidikan`', 0)
 2 SYSTEMPATH\Database\BaseConnection.php(910): CodeIgniter\Database\MySQLi\Connection->execute('SELECT `kelas`.*, `guru`.`nama_guru`, `pendidikan`.`nama`
FROM `kelas`
JOIN `guru` ON `guru`.`id` = `kelas`.`id_guru`
JOIN `pendidikan` ON `pendidikan`.`id_pendidikan` = `kelas`.`id_pendidikan`')
 3 SYSTEMPATH\Database\BaseConnection.php(827): CodeIgniter\Database\BaseConnection->simpleQuery('SELECT `kelas`.*, `guru`.`nama_guru`, `pendidikan`.`nama`
FROM `kelas`
JOIN `guru` ON `guru`.`id` = `kelas`.`id_guru`
JOIN `pendidikan` ON `pendidikan`.`id_pendidikan` = `kelas`.`id_pendidikan`')
 4 SYSTEMPATH\Database\BaseBuilder.php(1649): CodeIgniter\Database\BaseConnection->query('SELECT `kelas`.*, `guru`.`nama_guru`, `pendidikan`.`nama`
FROM `kelas`
JOIN `guru` ON `guru`.`id` = `kelas`.`id_guru`
JOIN `pendidikan` ON `pendidikan`.`id_pendidikan` = `kelas`.`id_pendidikan`', [], false)
 5 SYSTEMPATH\Model.php(253): CodeIgniter\Database\BaseBuilder->get()
 6 SYSTEMPATH\BaseModel.php(676): CodeIgniter\Model->doFindAll(0, 0)
 7 APPPATH\Controllers\Kelas.php(29): CodeIgniter\BaseModel->findAll()
 8 SYSTEMPATH\CodeIgniter.php(951): App\Controllers\Kelas->index()
 9 SYSTEMPATH\CodeIgniter.php(497): CodeIgniter\CodeIgniter->runController(Object(App\Controllers\Kelas))
10 SYSTEMPATH\CodeIgniter.php(340): CodeIgniter\CodeIgniter->handleRequest(null, Object(Config\Cache), false)
11 SYSTEMPATH\Boot.php(417): CodeIgniter\CodeIgniter->run()
12 SYSTEMPATH\Boot.php(68): CodeIgniter\Boot::runCodeIgniter(Object(CodeIgniter\CodeIgniter))
13 FCPATH\index.php(59): CodeIgniter\Boot::bootWeb(Object(Config\Paths))
ERROR - 2026-05-16 14:59:09 --> Unknown column 'kelas.id_pendidikan' in 'on clause'
in SYSTEMPATH\Database\MySQLi\Connection.php on line 300.
 1 SYSTEMPATH\Database\MySQLi\Connection.php(300): mysqli->query('SELECT `kelas`.*, `guru`.`nama_guru`, `pendidikan`.`nama`
FROM `kelas`
JOIN `guru` ON `guru`.`id` = `kelas`.`id_guru`
JOIN `pendidikan` ON `pendidikan`.`id_pendidikan` = `kelas`.`id_pendidikan`', 0)
 2 SYSTEMPATH\Database\BaseConnection.php(910): CodeIgniter\Database\MySQLi\Connection->execute('SELECT `kelas`.*, `guru`.`nama_guru`, `pendidikan`.`nama`
FROM `kelas`
JOIN `guru` ON `guru`.`id` = `kelas`.`id_guru`
JOIN `pendidikan` ON `pendidikan`.`id_pendidikan` = `kelas`.`id_pendidikan`')
 3 SYSTEMPATH\Database\BaseConnection.php(827): CodeIgniter\Database\BaseConnection->simpleQuery('SELECT `kelas`.*, `guru`.`nama_guru`, `pendidikan`.`nama`
FROM `kelas`
JOIN `guru` ON `guru`.`id` = `kelas`.`id_guru`
JOIN `pendidikan` ON `pendidikan`.`id_pendidikan` = `kelas`.`id_pendidikan`')
 4 SYSTEMPATH\Database\BaseBuilder.php(1649): CodeIgniter\Database\BaseConnection->query('SELECT `kelas`.*, `guru`.`nama_guru`, `pendidikan`.`nama`
FROM `kelas`
JOIN `guru` ON `guru`.`id` = `kelas`.`id_guru`
JOIN `pendidikan` ON `pendidikan`.`id_pendidikan` = `kelas`.`id_pendidikan`', [], false)
 5 SYSTEMPATH\Model.php(253): CodeIgniter\Database\BaseBuilder->get()
 6 SYSTEMPATH\BaseModel.php(676): CodeIgniter\Model->doFindAll(0, 0)
 7 APPPATH\Controllers\Kelas.php(29): CodeIgniter\BaseModel->findAll()
 8 SYSTEMPATH\CodeIgniter.php(951): App\Controllers\Kelas->index()
 9 SYSTEMPATH\CodeIgniter.php(497): CodeIgniter\CodeIgniter->runController(Object(App\Controllers\Kelas))
10 SYSTEMPATH\CodeIgniter.php(340): CodeIgniter\CodeIgniter->handleRequest(null, Object(Config\Cache), false)
11 SYSTEMPATH\Boot.php(417): CodeIgniter\CodeIgniter->run()
12 SYSTEMPATH\Boot.php(68): CodeIgniter\Boot::runCodeIgniter(Object(CodeIgniter\CodeIgniter))
13 FCPATH\index.php(59): CodeIgniter\Boot::bootWeb(Object(Config\Paths))
CRITICAL - 2026-05-16 14:59:09 --> CodeIgniter\Database\Exceptions\DatabaseException: Unknown column 'kelas.id_pendidikan' in 'on clause'
[Method: GET, Route: kelas]
in SYSTEMPATH\Database\BaseConnection.php on line 865.
 1 SYSTEMPATH\Database\BaseBuilder.php(1649): CodeIgniter\Database\BaseConnection->query('SELECT `kelas`.*, `guru`.`nama_guru`, `pendidikan`.`nama`
FROM `kelas`
JOIN `guru` ON `guru`.`id` = `kelas`.`id_guru`
JOIN `pendidikan` ON `pendidikan`.`id_pendidikan` = `kelas`.`id_pendidikan`', [], false)
 2 SYSTEMPATH\Model.php(253): CodeIgniter\Database\BaseBuilder->get()
 3 SYSTEMPATH\BaseModel.php(676): CodeIgniter\Model->doFindAll(0, 0)
 4 APPPATH\Controllers\Kelas.php(29): CodeIgniter\BaseModel->findAll()
 5 SYSTEMPATH\CodeIgniter.php(951): App\Controllers\Kelas->index()
 6 SYSTEMPATH\CodeIgniter.php(497): CodeIgniter\CodeIgniter->runController(Object(App\Controllers\Kelas))
 7 SYSTEMPATH\CodeIgniter.php(340): CodeIgniter\CodeIgniter->handleRequest(null, Object(Config\Cache), false)
 8 SYSTEMPATH\Boot.php(417): CodeIgniter\CodeIgniter->run()
 9 SYSTEMPATH\Boot.php(68): CodeIgniter\Boot::runCodeIgniter(Object(CodeIgniter\CodeIgniter))
10 FCPATH\index.php(59): CodeIgniter\Boot::bootWeb(Object(Config\Paths))
CRITICAL - 2026-05-16 14:59:09 --> [Caused by] CodeIgniter\Database\Exceptions\DatabaseException: Unknown column 'kelas.id_pendidikan' in 'on clause'
in SYSTEMPATH\Database\MySQLi\Connection.php on line 310.
 1 SYSTEMPATH\Database\BaseConnection.php(910): CodeIgniter\Database\MySQLi\Connection->execute('SELECT `kelas`.*, `guru`.`nama_guru`, `pendidikan`.`nama`
FROM `kelas`
JOIN `guru` ON `guru`.`id` = `kelas`.`id_guru`
JOIN `pendidikan` ON `pendidikan`.`id_pendidikan` = `kelas`.`id_pendidikan`')
 2 SYSTEMPATH\Database\BaseConnection.php(827): CodeIgniter\Database\BaseConnection->simpleQuery('SELECT `kelas`.*, `guru`.`nama_guru`, `pendidikan`.`nama`
FROM `kelas`
JOIN `guru` ON `guru`.`id` = `kelas`.`id_guru`
JOIN `pendidikan` ON `pendidikan`.`id_pendidikan` = `kelas`.`id_pendidikan`')
 3 SYSTEMPATH\Database\BaseBuilder.php(1649): CodeIgniter\Database\BaseConnection->query('SELECT `kelas`.*, `guru`.`nama_guru`, `pendidikan`.`nama`
FROM `kelas`
JOIN `guru` ON `guru`.`id` = `kelas`.`id_guru`
JOIN `pendidikan` ON `pendidikan`.`id_pendidikan` = `kelas`.`id_pendidikan`', [], false)
 4 SYSTEMPATH\Model.php(253): CodeIgniter\Database\BaseBuilder->get()
 5 SYSTEMPATH\BaseModel.php(676): CodeIgniter\Model->doFindAll(0, 0)
 6 APPPATH\Controllers\Kelas.php(29): CodeIgniter\BaseModel->findAll()
 7 SYSTEMPATH\CodeIgniter.php(951): App\Controllers\Kelas->index()
 8 SYSTEMPATH\CodeIgniter.php(497): CodeIgniter\CodeIgniter->runController(Object(App\Controllers\Kelas))
 9 SYSTEMPATH\CodeIgniter.php(340): CodeIgniter\CodeIgniter->handleRequest(null, Object(Config\Cache), false)
10 SYSTEMPATH\Boot.php(417): CodeIgniter\CodeIgniter->run()
11 SYSTEMPATH\Boot.php(68): CodeIgniter\Boot::runCodeIgniter(Object(CodeIgniter\CodeIgniter))
12 FCPATH\index.php(59): CodeIgniter\Boot::bootWeb(Object(Config\Paths))
CRITICAL - 2026-05-16 14:59:09 --> [Caused by] mysqli_sql_exception: Unknown column 'kelas.id_pendidikan' in 'on clause'
in SYSTEMPATH\Database\MySQLi\Connection.php on line 300.
 1 SYSTEMPATH\Database\MySQLi\Connection.php(300): mysqli->query('SELECT `kelas`.*, `guru`.`nama_guru`, `pendidikan`.`nama`
FROM `kelas`
JOIN `guru` ON `guru`.`id` = `kelas`.`id_guru`
JOIN `pendidikan` ON `pendidikan`.`id_pendidikan` = `kelas`.`id_pendidikan`', 0)
 2 SYSTEMPATH\Database\BaseConnection.php(910): CodeIgniter\Database\MySQLi\Connection->execute('SELECT `kelas`.*, `guru`.`nama_guru`, `pendidikan`.`nama`
FROM `kelas`
JOIN `guru` ON `guru`.`id` = `kelas`.`id_guru`
JOIN `pendidikan` ON `pendidikan`.`id_pendidikan` = `kelas`.`id_pendidikan`')
 3 SYSTEMPATH\Database\BaseConnection.php(827): CodeIgniter\Database\BaseConnection->simpleQuery('SELECT `kelas`.*, `guru`.`nama_guru`, `pendidikan`.`nama`
FROM `kelas`
JOIN `guru` ON `guru`.`id` = `kelas`.`id_guru`
JOIN `pendidikan` ON `pendidikan`.`id_pendidikan` = `kelas`.`id_pendidikan`')
 4 SYSTEMPATH\Database\BaseBuilder.php(1649): CodeIgniter\Database\BaseConnection->query('SELECT `kelas`.*, `guru`.`nama_guru`, `pendidikan`.`nama`
FROM `kelas`
JOIN `guru` ON `guru`.`id` = `kelas`.`id_guru`
JOIN `pendidikan` ON `pendidikan`.`id_pendidikan` = `kelas`.`id_pendidikan`', [], false)
 5 SYSTEMPATH\Model.php(253): CodeIgniter\Database\BaseBuilder->get()
 6 SYSTEMPATH\BaseModel.php(676): CodeIgniter\Model->doFindAll(0, 0)
 7 APPPATH\Controllers\Kelas.php(29): CodeIgniter\BaseModel->findAll()
 8 SYSTEMPATH\CodeIgniter.php(951): App\Controllers\Kelas->index()
 9 SYSTEMPATH\CodeIgniter.php(497): CodeIgniter\CodeIgniter->runController(Object(App\Controllers\Kelas))
10 SYSTEMPATH\CodeIgniter.php(340): CodeIgniter\CodeIgniter->handleRequest(null, Object(Config\Cache), false)
11 SYSTEMPATH\Boot.php(417): CodeIgniter\CodeIgniter->run()
12 SYSTEMPATH\Boot.php(68): CodeIgniter\Boot::runCodeIgniter(Object(CodeIgniter\CodeIgniter))
13 FCPATH\index.php(59): CodeIgniter\Boot::bootWeb(Object(Config\Paths))
ERROR - 2026-05-16 14:59:10 --> Unknown column 'kelas.id_pendidikan' in 'on clause'
in SYSTEMPATH\Database\MySQLi\Connection.php on line 300.
 1 SYSTEMPATH\Database\MySQLi\Connection.php(300): mysqli->query('SELECT `kelas`.*, `guru`.`nama_guru`, `pendidikan`.`nama`
FROM `kelas`
JOIN `guru` ON `guru`.`id` = `kelas`.`id_guru`
JOIN `pendidikan` ON `pendidikan`.`id_pendidikan` = `kelas`.`id_pendidikan`', 0)
 2 SYSTEMPATH\Database\BaseConnection.php(910): CodeIgniter\Database\MySQLi\Connection->execute('SELECT `kelas`.*, `guru`.`nama_guru`, `pendidikan`.`nama`
FROM `kelas`
JOIN `guru` ON `guru`.`id` = `kelas`.`id_guru`
JOIN `pendidikan` ON `pendidikan`.`id_pendidikan` = `kelas`.`id_pendidikan`')
 3 SYSTEMPATH\Database\BaseConnection.php(827): CodeIgniter\Database\BaseConnection->simpleQuery('SELECT `kelas`.*, `guru`.`nama_guru`, `pendidikan`.`nama`
FROM `kelas`
JOIN `guru` ON `guru`.`id` = `kelas`.`id_guru`
JOIN `pendidikan` ON `pendidikan`.`id_pendidikan` = `kelas`.`id_pendidikan`')
 4 SYSTEMPATH\Database\BaseBuilder.php(1649): CodeIgniter\Database\BaseConnection->query('SELECT `kelas`.*, `guru`.`nama_guru`, `pendidikan`.`nama`
FROM `kelas`
JOIN `guru` ON `guru`.`id` = `kelas`.`id_guru`
JOIN `pendidikan` ON `pendidikan`.`id_pendidikan` = `kelas`.`id_pendidikan`', [], false)
 5 SYSTEMPATH\Model.php(253): CodeIgniter\Database\BaseBuilder->get()
 6 SYSTEMPATH\BaseModel.php(676): CodeIgniter\Model->doFindAll(0, 0)
 7 APPPATH\Controllers\Kelas.php(29): CodeIgniter\BaseModel->findAll()
 8 SYSTEMPATH\CodeIgniter.php(951): App\Controllers\Kelas->index()
 9 SYSTEMPATH\CodeIgniter.php(497): CodeIgniter\CodeIgniter->runController(Object(App\Controllers\Kelas))
10 SYSTEMPATH\CodeIgniter.php(340): CodeIgniter\CodeIgniter->handleRequest(null, Object(Config\Cache), false)
11 SYSTEMPATH\Boot.php(417): CodeIgniter\CodeIgniter->run()
12 SYSTEMPATH\Boot.php(68): CodeIgniter\Boot::runCodeIgniter(Object(CodeIgniter\CodeIgniter))
13 FCPATH\index.php(59): CodeIgniter\Boot::bootWeb(Object(Config\Paths))
CRITICAL - 2026-05-16 14:59:10 --> CodeIgniter\Database\Exceptions\DatabaseException: Unknown column 'kelas.id_pendidikan' in 'on clause'
[Method: GET, Route: kelas]
in SYSTEMPATH\Database\BaseConnection.php on line 865.
 1 SYSTEMPATH\Database\BaseBuilder.php(1649): CodeIgniter\Database\BaseConnection->query('SELECT `kelas`.*, `guru`.`nama_guru`, `pendidikan`.`nama`
FROM `kelas`
JOIN `guru` ON `guru`.`id` = `kelas`.`id_guru`
JOIN `pendidikan` ON `pendidikan`.`id_pendidikan` = `kelas`.`id_pendidikan`', [], false)
 2 SYSTEMPATH\Model.php(253): CodeIgniter\Database\BaseBuilder->get()
 3 SYSTEMPATH\BaseModel.php(676): CodeIgniter\Model->doFindAll(0, 0)
 4 APPPATH\Controllers\Kelas.php(29): CodeIgniter\BaseModel->findAll()
 5 SYSTEMPATH\CodeIgniter.php(951): App\Controllers\Kelas->index()
 6 SYSTEMPATH\CodeIgniter.php(497): CodeIgniter\CodeIgniter->runController(Object(App\Controllers\Kelas))
 7 SYSTEMPATH\CodeIgniter.php(340): CodeIgniter\CodeIgniter->handleRequest(null, Object(Config\Cache), false)
 8 SYSTEMPATH\Boot.php(417): CodeIgniter\CodeIgniter->run()
 9 SYSTEMPATH\Boot.php(68): CodeIgniter\Boot::runCodeIgniter(Object(CodeIgniter\CodeIgniter))
10 FCPATH\index.php(59): CodeIgniter\Boot::bootWeb(Object(Config\Paths))
CRITICAL - 2026-05-16 14:59:10 --> [Caused by] CodeIgniter\Database\Exceptions\DatabaseException: Unknown column 'kelas.id_pendidikan' in 'on clause'
in SYSTEMPATH\Database\MySQLi\Connection.php on line 310.
 1 SYSTEMPATH\Database\BaseConnection.php(910): CodeIgniter\Database\MySQLi\Connection->execute('SELECT `kelas`.*, `guru`.`nama_guru`, `pendidikan`.`nama`
FROM `kelas`
JOIN `guru` ON `guru`.`id` = `kelas`.`id_guru`
JOIN `pendidikan` ON `pendidikan`.`id_pendidikan` = `kelas`.`id_pendidikan`')
 2 SYSTEMPATH\Database\BaseConnection.php(827): CodeIgniter\Database\BaseConnection->simpleQuery('SELECT `kelas`.*, `guru`.`nama_guru`, `pendidikan`.`nama`
FROM `kelas`
JOIN `guru` ON `guru`.`id` = `kelas`.`id_guru`
JOIN `pendidikan` ON `pendidikan`.`id_pendidikan` = `kelas`.`id_pendidikan`')
 3 SYSTEMPATH\Database\BaseBuilder.php(1649): CodeIgniter\Database\BaseConnection->query('SELECT `kelas`.*, `guru`.`nama_guru`, `pendidikan`.`nama`
FROM `kelas`
JOIN `guru` ON `guru`.`id` = `kelas`.`id_guru`
JOIN `pendidikan` ON `pendidikan`.`id_pendidikan` = `kelas`.`id_pendidikan`', [], false)
 4 SYSTEMPATH\Model.php(253): CodeIgniter\Database\BaseBuilder->get()
 5 SYSTEMPATH\BaseModel.php(676): CodeIgniter\Model->doFindAll(0, 0)
 6 APPPATH\Controllers\Kelas.php(29): CodeIgniter\BaseModel->findAll()
 7 SYSTEMPATH\CodeIgniter.php(951): App\Controllers\Kelas->index()
 8 SYSTEMPATH\CodeIgniter.php(497): CodeIgniter\CodeIgniter->runController(Object(App\Controllers\Kelas))
 9 SYSTEMPATH\CodeIgniter.php(340): CodeIgniter\CodeIgniter->handleRequest(null, Object(Config\Cache), false)
10 SYSTEMPATH\Boot.php(417): CodeIgniter\CodeIgniter->run()
11 SYSTEMPATH\Boot.php(68): CodeIgniter\Boot::runCodeIgniter(Object(CodeIgniter\CodeIgniter))
12 FCPATH\index.php(59): CodeIgniter\Boot::bootWeb(Object(Config\Paths))
CRITICAL - 2026-05-16 14:59:10 --> [Caused by] mysqli_sql_exception: Unknown column 'kelas.id_pendidikan' in 'on clause'
in SYSTEMPATH\Database\MySQLi\Connection.php on line 300.
 1 SYSTEMPATH\Database\MySQLi\Connection.php(300): mysqli->query('SELECT `kelas`.*, `guru`.`nama_guru`, `pendidikan`.`nama`
FROM `kelas`
JOIN `guru` ON `guru`.`id` = `kelas`.`id_guru`
JOIN `pendidikan` ON `pendidikan`.`id_pendidikan` = `kelas`.`id_pendidikan`', 0)
 2 SYSTEMPATH\Database\BaseConnection.php(910): CodeIgniter\Database\MySQLi\Connection->execute('SELECT `kelas`.*, `guru`.`nama_guru`, `pendidikan`.`nama`
FROM `kelas`
JOIN `guru` ON `guru`.`id` = `kelas`.`id_guru`
JOIN `pendidikan` ON `pendidikan`.`id_pendidikan` = `kelas`.`id_pendidikan`')
 3 SYSTEMPATH\Database\BaseConnection.php(827): CodeIgniter\Database\BaseConnection->simpleQuery('SELECT `kelas`.*, `guru`.`nama_guru`, `pendidikan`.`nama`
FROM `kelas`
JOIN `guru` ON `guru`.`id` = `kelas`.`id_guru`
JOIN `pendidikan` ON `pendidikan`.`id_pendidikan` = `kelas`.`id_pendidikan`')
 4 SYSTEMPATH\Database\BaseBuilder.php(1649): CodeIgniter\Database\BaseConnection->query('SELECT `kelas`.*, `guru`.`nama_guru`, `pendidikan`.`nama`
FROM `kelas`
JOIN `guru` ON `guru`.`id` = `kelas`.`id_guru`
JOIN `pendidikan` ON `pendidikan`.`id_pendidikan` = `kelas`.`id_pendidikan`', [], false)
 5 SYSTEMPATH\Model.php(253): CodeIgniter\Database\BaseBuilder->get()
 6 SYSTEMPATH\BaseModel.php(676): CodeIgniter\Model->doFindAll(0, 0)
 7 APPPATH\Controllers\Kelas.php(29): CodeIgniter\BaseModel->findAll()
 8 SYSTEMPATH\CodeIgniter.php(951): App\Controllers\Kelas->index()
 9 SYSTEMPATH\CodeIgniter.php(497): CodeIgniter\CodeIgniter->runController(Object(App\Controllers\Kelas))
10 SYSTEMPATH\CodeIgniter.php(340): CodeIgniter\CodeIgniter->handleRequest(null, Object(Config\Cache), false)
11 SYSTEMPATH\Boot.php(417): CodeIgniter\CodeIgniter->run()
12 SYSTEMPATH\Boot.php(68): CodeIgniter\Boot::runCodeIgniter(Object(CodeIgniter\CodeIgniter))
13 FCPATH\index.php(59): CodeIgniter\Boot::bootWeb(Object(Config\Paths))
ERROR - 2026-05-16 14:59:10 --> Unknown column 'kelas.id_pendidikan' in 'on clause'
in SYSTEMPATH\Database\MySQLi\Connection.php on line 300.
 1 SYSTEMPATH\Database\MySQLi\Connection.php(300): mysqli->query('SELECT `kelas`.*, `guru`.`nama_guru`, `pendidikan`.`nama`
FROM `kelas`
JOIN `guru` ON `guru`.`id` = `kelas`.`id_guru`
JOIN `pendidikan` ON `pendidikan`.`id_pendidikan` = `kelas`.`id_pendidikan`', 0)
 2 SYSTEMPATH\Database\BaseConnection.php(910): CodeIgniter\Database\MySQLi\Connection->execute('SELECT `kelas`.*, `guru`.`nama_guru`, `pendidikan`.`nama`
FROM `kelas`
JOIN `guru` ON `guru`.`id` = `kelas`.`id_guru`
JOIN `pendidikan` ON `pendidikan`.`id_pendidikan` = `kelas`.`id_pendidikan`')
 3 SYSTEMPATH\Database\BaseConnection.php(827): CodeIgniter\Database\BaseConnection->simpleQuery('SELECT `kelas`.*, `guru`.`nama_guru`, `pendidikan`.`nama`
FROM `kelas`
JOIN `guru` ON `guru`.`id` = `kelas`.`id_guru`
JOIN `pendidikan` ON `pendidikan`.`id_pendidikan` = `kelas`.`id_pendidikan`')
 4 SYSTEMPATH\Database\BaseBuilder.php(1649): CodeIgniter\Database\BaseConnection->query('SELECT `kelas`.*, `guru`.`nama_guru`, `pendidikan`.`nama`
FROM `kelas`
JOIN `guru` ON `guru`.`id` = `kelas`.`id_guru`
JOIN `pendidikan` ON `pendidikan`.`id_pendidikan` = `kelas`.`id_pendidikan`', [], false)
 5 SYSTEMPATH\Model.php(253): CodeIgniter\Database\BaseBuilder->get()
 6 SYSTEMPATH\BaseModel.php(676): CodeIgniter\Model->doFindAll(0, 0)
 7 APPPATH\Controllers\Kelas.php(29): CodeIgniter\BaseModel->findAll()
 8 SYSTEMPATH\CodeIgniter.php(951): App\Controllers\Kelas->index()
 9 SYSTEMPATH\CodeIgniter.php(497): CodeIgniter\CodeIgniter->runController(Object(App\Controllers\Kelas))
10 SYSTEMPATH\CodeIgniter.php(340): CodeIgniter\CodeIgniter->handleRequest(null, Object(Config\Cache), false)
11 SYSTEMPATH\Boot.php(417): CodeIgniter\CodeIgniter->run()
12 SYSTEMPATH\Boot.php(68): CodeIgniter\Boot::runCodeIgniter(Object(CodeIgniter\CodeIgniter))
13 FCPATH\index.php(59): CodeIgniter\Boot::bootWeb(Object(Config\Paths))
CRITICAL - 2026-05-16 14:59:10 --> CodeIgniter\Database\Exceptions\DatabaseException: Unknown column 'kelas.id_pendidikan' in 'on clause'
[Method: GET, Route: kelas]
in SYSTEMPATH\Database\BaseConnection.php on line 865.
 1 SYSTEMPATH\Database\BaseBuilder.php(1649): CodeIgniter\Database\BaseConnection->query('SELECT `kelas`.*, `guru`.`nama_guru`, `pendidikan`.`nama`
FROM `kelas`
JOIN `guru` ON `guru`.`id` = `kelas`.`id_guru`
JOIN `pendidikan` ON `pendidikan`.`id_pendidikan` = `kelas`.`id_pendidikan`', [], false)
 2 SYSTEMPATH\Model.php(253): CodeIgniter\Database\BaseBuilder->get()
 3 SYSTEMPATH\BaseModel.php(676): CodeIgniter\Model->doFindAll(0, 0)
 4 APPPATH\Controllers\Kelas.php(29): CodeIgniter\BaseModel->findAll()
 5 SYSTEMPATH\CodeIgniter.php(951): App\Controllers\Kelas->index()
 6 SYSTEMPATH\CodeIgniter.php(497): CodeIgniter\CodeIgniter->runController(Object(App\Controllers\Kelas))
 7 SYSTEMPATH\CodeIgniter.php(340): CodeIgniter\CodeIgniter->handleRequest(null, Object(Config\Cache), false)
 8 SYSTEMPATH\Boot.php(417): CodeIgniter\CodeIgniter->run()
 9 SYSTEMPATH\Boot.php(68): CodeIgniter\Boot::runCodeIgniter(Object(CodeIgniter\CodeIgniter))
10 FCPATH\index.php(59): CodeIgniter\Boot::bootWeb(Object(Config\Paths))
CRITICAL - 2026-05-16 14:59:10 --> [Caused by] CodeIgniter\Database\Exceptions\DatabaseException: Unknown column 'kelas.id_pendidikan' in 'on clause'
in SYSTEMPATH\Database\MySQLi\Connection.php on line 310.
 1 SYSTEMPATH\Database\BaseConnection.php(910): CodeIgniter\Database\MySQLi\Connection->execute('SELECT `kelas`.*, `guru`.`nama_guru`, `pendidikan`.`nama`
FROM `kelas`
JOIN `guru` ON `guru`.`id` = `kelas`.`id_guru`
JOIN `pendidikan` ON `pendidikan`.`id_pendidikan` = `kelas`.`id_pendidikan`')
 2 SYSTEMPATH\Database\BaseConnection.php(827): CodeIgniter\Database\BaseConnection->simpleQuery('SELECT `kelas`.*, `guru`.`nama_guru`, `pendidikan`.`nama`
FROM `kelas`
JOIN `guru` ON `guru`.`id` = `kelas`.`id_guru`
JOIN `pendidikan` ON `pendidikan`.`id_pendidikan` = `kelas`.`id_pendidikan`')
 3 SYSTEMPATH\Database\BaseBuilder.php(1649): CodeIgniter\Database\BaseConnection->query('SELECT `kelas`.*, `guru`.`nama_guru`, `pendidikan`.`nama`
FROM `kelas`
JOIN `guru` ON `guru`.`id` = `kelas`.`id_guru`
JOIN `pendidikan` ON `pendidikan`.`id_pendidikan` = `kelas`.`id_pendidikan`', [], false)
 4 SYSTEMPATH\Model.php(253): CodeIgniter\Database\BaseBuilder->get()
 5 SYSTEMPATH\BaseModel.php(676): CodeIgniter\Model->doFindAll(0, 0)
 6 APPPATH\Controllers\Kelas.php(29): CodeIgniter\BaseModel->findAll()
 7 SYSTEMPATH\CodeIgniter.php(951): App\Controllers\Kelas->index()
 8 SYSTEMPATH\CodeIgniter.php(497): CodeIgniter\CodeIgniter->runController(Object(App\Controllers\Kelas))
 9 SYSTEMPATH\CodeIgniter.php(340): CodeIgniter\CodeIgniter->handleRequest(null, Object(Config\Cache), false)
10 SYSTEMPATH\Boot.php(417): CodeIgniter\CodeIgniter->run()
11 SYSTEMPATH\Boot.php(68): CodeIgniter\Boot::runCodeIgniter(Object(CodeIgniter\CodeIgniter))
12 FCPATH\index.php(59): CodeIgniter\Boot::bootWeb(Object(Config\Paths))
CRITICAL - 2026-05-16 14:59:10 --> [Caused by] mysqli_sql_exception: Unknown column 'kelas.id_pendidikan' in 'on clause'
in SYSTEMPATH\Database\MySQLi\Connection.php on line 300.
 1 SYSTEMPATH\Database\MySQLi\Connection.php(300): mysqli->query('SELECT `kelas`.*, `guru`.`nama_guru`, `pendidikan`.`nama`
FROM `kelas`
JOIN `guru` ON `guru`.`id` = `kelas`.`id_guru`
JOIN `pendidikan` ON `pendidikan`.`id_pendidikan` = `kelas`.`id_pendidikan`', 0)
 2 SYSTEMPATH\Database\BaseConnection.php(910): CodeIgniter\Database\MySQLi\Connection->execute('SELECT `kelas`.*, `guru`.`nama_guru`, `pendidikan`.`nama`
FROM `kelas`
JOIN `guru` ON `guru`.`id` = `kelas`.`id_guru`
JOIN `pendidikan` ON `pendidikan`.`id_pendidikan` = `kelas`.`id_pendidikan`')
 3 SYSTEMPATH\Database\BaseConnection.php(827): CodeIgniter\Database\BaseConnection->simpleQuery('SELECT `kelas`.*, `guru`.`nama_guru`, `pendidikan`.`nama`
FROM `kelas`
JOIN `guru` ON `guru`.`id` = `kelas`.`id_guru`
JOIN `pendidikan` ON `pendidikan`.`id_pendidikan` = `kelas`.`id_pendidikan`')
 4 SYSTEMPATH\Database\BaseBuilder.php(1649): CodeIgniter\Database\BaseConnection->query('SELECT `kelas`.*, `guru`.`nama_guru`, `pendidikan`.`nama`
FROM `kelas`
JOIN `guru` ON `guru`.`id` = `kelas`.`id_guru`
JOIN `pendidikan` ON `pendidikan`.`id_pendidikan` = `kelas`.`id_pendidikan`', [], false)
 5 SYSTEMPATH\Model.php(253): CodeIgniter\Database\BaseBuilder->get()
 6 SYSTEMPATH\BaseModel.php(676): CodeIgniter\Model->doFindAll(0, 0)
 7 APPPATH\Controllers\Kelas.php(29): CodeIgniter\BaseModel->findAll()
 8 SYSTEMPATH\CodeIgniter.php(951): App\Controllers\Kelas->index()
 9 SYSTEMPATH\CodeIgniter.php(497): CodeIgniter\CodeIgniter->runController(Object(App\Controllers\Kelas))
10 SYSTEMPATH\CodeIgniter.php(340): CodeIgniter\CodeIgniter->handleRequest(null, Object(Config\Cache), false)
11 SYSTEMPATH\Boot.php(417): CodeIgniter\CodeIgniter->run()
12 SYSTEMPATH\Boot.php(68): CodeIgniter\Boot::runCodeIgniter(Object(CodeIgniter\CodeIgniter))
13 FCPATH\index.php(59): CodeIgniter\Boot::bootWeb(Object(Config\Paths))
ERROR - 2026-05-16 14:59:10 --> Unknown column 'kelas.id_pendidikan' in 'on clause'
in SYSTEMPATH\Database\MySQLi\Connection.php on line 300.
 1 SYSTEMPATH\Database\MySQLi\Connection.php(300): mysqli->query('SELECT `kelas`.*, `guru`.`nama_guru`, `pendidikan`.`nama`
FROM `kelas`
JOIN `guru` ON `guru`.`id` = `kelas`.`id_guru`
JOIN `pendidikan` ON `pendidikan`.`id_pendidikan` = `kelas`.`id_pendidikan`', 0)
 2 SYSTEMPATH\Database\BaseConnection.php(910): CodeIgniter\Database\MySQLi\Connection->execute('SELECT `kelas`.*, `guru`.`nama_guru`, `pendidikan`.`nama`
FROM `kelas`
JOIN `guru` ON `guru`.`id` = `kelas`.`id_guru`
JOIN `pendidikan` ON `pendidikan`.`id_pendidikan` = `kelas`.`id_pendidikan`')
 3 SYSTEMPATH\Database\BaseConnection.php(827): CodeIgniter\Database\BaseConnection->simpleQuery('SELECT `kelas`.*, `guru`.`nama_guru`, `pendidikan`.`nama`
FROM `kelas`
JOIN `guru` ON `guru`.`id` = `kelas`.`id_guru`
JOIN `pendidikan` ON `pendidikan`.`id_pendidikan` = `kelas`.`id_pendidikan`')
 4 SYSTEMPATH\Database\BaseBuilder.php(1649): CodeIgniter\Database\BaseConnection->query('SELECT `kelas`.*, `guru`.`nama_guru`, `pendidikan`.`nama`
FROM `kelas`
JOIN `guru` ON `guru`.`id` = `kelas`.`id_guru`
JOIN `pendidikan` ON `pendidikan`.`id_pendidikan` = `kelas`.`id_pendidikan`', [], false)
 5 SYSTEMPATH\Model.php(253): CodeIgniter\Database\BaseBuilder->get()
 6 SYSTEMPATH\BaseModel.php(676): CodeIgniter\Model->doFindAll(0, 0)
 7 APPPATH\Controllers\Kelas.php(29): CodeIgniter\BaseModel->findAll()
 8 SYSTEMPATH\CodeIgniter.php(951): App\Controllers\Kelas->index()
 9 SYSTEMPATH\CodeIgniter.php(497): CodeIgniter\CodeIgniter->runController(Object(App\Controllers\Kelas))
10 SYSTEMPATH\CodeIgniter.php(340): CodeIgniter\CodeIgniter->handleRequest(null, Object(Config\Cache), false)
11 SYSTEMPATH\Boot.php(417): CodeIgniter\CodeIgniter->run()
12 SYSTEMPATH\Boot.php(68): CodeIgniter\Boot::runCodeIgniter(Object(CodeIgniter\CodeIgniter))
13 FCPATH\index.php(59): CodeIgniter\Boot::bootWeb(Object(Config\Paths))
CRITICAL - 2026-05-16 14:59:10 --> CodeIgniter\Database\Exceptions\DatabaseException: Unknown column 'kelas.id_pendidikan' in 'on clause'
[Method: GET, Route: kelas]
in SYSTEMPATH\Database\BaseConnection.php on line 865.
 1 SYSTEMPATH\Database\BaseBuilder.php(1649): CodeIgniter\Database\BaseConnection->query('SELECT `kelas`.*, `guru`.`nama_guru`, `pendidikan`.`nama`
FROM `kelas`
JOIN `guru` ON `guru`.`id` = `kelas`.`id_guru`
JOIN `pendidikan` ON `pendidikan`.`id_pendidikan` = `kelas`.`id_pendidikan`', [], false)
 2 SYSTEMPATH\Model.php(253): CodeIgniter\Database\BaseBuilder->get()
 3 SYSTEMPATH\BaseModel.php(676): CodeIgniter\Model->doFindAll(0, 0)
 4 APPPATH\Controllers\Kelas.php(29): CodeIgniter\BaseModel->findAll()
 5 SYSTEMPATH\CodeIgniter.php(951): App\Controllers\Kelas->index()
 6 SYSTEMPATH\CodeIgniter.php(497): CodeIgniter\CodeIgniter->runController(Object(App\Controllers\Kelas))
 7 SYSTEMPATH\CodeIgniter.php(340): CodeIgniter\CodeIgniter->handleRequest(null, Object(Config\Cache), false)
 8 SYSTEMPATH\Boot.php(417): CodeIgniter\CodeIgniter->run()
 9 SYSTEMPATH\Boot.php(68): CodeIgniter\Boot::runCodeIgniter(Object(CodeIgniter\CodeIgniter))
10 FCPATH\index.php(59): CodeIgniter\Boot::bootWeb(Object(Config\Paths))
CRITICAL - 2026-05-16 14:59:10 --> [Caused by] CodeIgniter\Database\Exceptions\DatabaseException: Unknown column 'kelas.id_pendidikan' in 'on clause'
in SYSTEMPATH\Database\MySQLi\Connection.php on line 310.
 1 SYSTEMPATH\Database\BaseConnection.php(910): CodeIgniter\Database\MySQLi\Connection->execute('SELECT `kelas`.*, `guru`.`nama_guru`, `pendidikan`.`nama`
FROM `kelas`
JOIN `guru` ON `guru`.`id` = `kelas`.`id_guru`
JOIN `pendidikan` ON `pendidikan`.`id_pendidikan` = `kelas`.`id_pendidikan`')
 2 SYSTEMPATH\Database\BaseConnection.php(827): CodeIgniter\Database\BaseConnection->simpleQuery('SELECT `kelas`.*, `guru`.`nama_guru`, `pendidikan`.`nama`
FROM `kelas`
JOIN `guru` ON `guru`.`id` = `kelas`.`id_guru`
JOIN `pendidikan` ON `pendidikan`.`id_pendidikan` = `kelas`.`id_pendidikan`')
 3 SYSTEMPATH\Database\BaseBuilder.php(1649): CodeIgniter\Database\BaseConnection->query('SELECT `kelas`.*, `guru`.`nama_guru`, `pendidikan`.`nama`
FROM `kelas`
JOIN `guru` ON `guru`.`id` = `kelas`.`id_guru`
JOIN `pendidikan` ON `pendidikan`.`id_pendidikan` = `kelas`.`id_pendidikan`', [], false)
 4 SYSTEMPATH\Model.php(253): CodeIgniter\Database\BaseBuilder->get()
 5 SYSTEMPATH\BaseModel.php(676): CodeIgniter\Model->doFindAll(0, 0)
 6 APPPATH\Controllers\Kelas.php(29): CodeIgniter\BaseModel->findAll()
 7 SYSTEMPATH\CodeIgniter.php(951): App\Controllers\Kelas->index()
 8 SYSTEMPATH\CodeIgniter.php(497): CodeIgniter\CodeIgniter->runController(Object(App\Controllers\Kelas))
 9 SYSTEMPATH\CodeIgniter.php(340): CodeIgniter\CodeIgniter->handleRequest(null, Object(Config\Cache), false)
10 SYSTEMPATH\Boot.php(417): CodeIgniter\CodeIgniter->run()
11 SYSTEMPATH\Boot.php(68): CodeIgniter\Boot::runCodeIgniter(Object(CodeIgniter\CodeIgniter))
12 FCPATH\index.php(59): CodeIgniter\Boot::bootWeb(Object(Config\Paths))
CRITICAL - 2026-05-16 14:59:10 --> [Caused by] mysqli_sql_exception: Unknown column 'kelas.id_pendidikan' in 'on clause'
in SYSTEMPATH\Database\MySQLi\Connection.php on line 300.
 1 SYSTEMPATH\Database\MySQLi\Connection.php(300): mysqli->query('SELECT `kelas`.*, `guru`.`nama_guru`, `pendidikan`.`nama`
FROM `kelas`
JOIN `guru` ON `guru`.`id` = `kelas`.`id_guru`
JOIN `pendidikan` ON `pendidikan`.`id_pendidikan` = `kelas`.`id_pendidikan`', 0)
 2 SYSTEMPATH\Database\BaseConnection.php(910): CodeIgniter\Database\MySQLi\Connection->execute('SELECT `kelas`.*, `guru`.`nama_guru`, `pendidikan`.`nama`
FROM `kelas`
JOIN `guru` ON `guru`.`id` = `kelas`.`id_guru`
JOIN `pendidikan` ON `pendidikan`.`id_pendidikan` = `kelas`.`id_pendidikan`')
 3 SYSTEMPATH\Database\BaseConnection.php(827): CodeIgniter\Database\BaseConnection->simpleQuery('SELECT `kelas`.*, `guru`.`nama_guru`, `pendidikan`.`nama`
FROM `kelas`
JOIN `guru` ON `guru`.`id` = `kelas`.`id_guru`
JOIN `pendidikan` ON `pendidikan`.`id_pendidikan` = `kelas`.`id_pendidikan`')
 4 SYSTEMPATH\Database\BaseBuilder.php(1649): CodeIgniter\Database\BaseConnection->query('SELECT `kelas`.*, `guru`.`nama_guru`, `pendidikan`.`nama`
FROM `kelas`
JOIN `guru` ON `guru`.`id` = `kelas`.`id_guru`
JOIN `pendidikan` ON `pendidikan`.`id_pendidikan` = `kelas`.`id_pendidikan`', [], false)
 5 SYSTEMPATH\Model.php(253): CodeIgniter\Database\BaseBuilder->get()
 6 SYSTEMPATH\BaseModel.php(676): CodeIgniter\Model->doFindAll(0, 0)
 7 APPPATH\Controllers\Kelas.php(29): CodeIgniter\BaseModel->findAll()
 8 SYSTEMPATH\CodeIgniter.php(951): App\Controllers\Kelas->index()
 9 SYSTEMPATH\CodeIgniter.php(497): CodeIgniter\CodeIgniter->runController(Object(App\Controllers\Kelas))
10 SYSTEMPATH\CodeIgniter.php(340): CodeIgniter\CodeIgniter->handleRequest(null, Object(Config\Cache), false)
11 SYSTEMPATH\Boot.php(417): CodeIgniter\CodeIgniter->run()
12 SYSTEMPATH\Boot.php(68): CodeIgniter\Boot::runCodeIgniter(Object(CodeIgniter\CodeIgniter))
13 FCPATH\index.php(59): CodeIgniter\Boot::bootWeb(Object(Config\Paths))
ERROR - 2026-05-16 14:59:10 --> Unknown column 'kelas.id_pendidikan' in 'on clause'
in SYSTEMPATH\Database\MySQLi\Connection.php on line 300.
 1 SYSTEMPATH\Database\MySQLi\Connection.php(300): mysqli->query('SELECT `kelas`.*, `guru`.`nama_guru`, `pendidikan`.`nama`
FROM `kelas`
JOIN `guru` ON `guru`.`id` = `kelas`.`id_guru`
JOIN `pendidikan` ON `pendidikan`.`id_pendidikan` = `kelas`.`id_pendidikan`', 0)
 2 SYSTEMPATH\Database\BaseConnection.php(910): CodeIgniter\Database\MySQLi\Connection->execute('SELECT `kelas`.*, `guru`.`nama_guru`, `pendidikan`.`nama`
FROM `kelas`
JOIN `guru` ON `guru`.`id` = `kelas`.`id_guru`
JOIN `pendidikan` ON `pendidikan`.`id_pendidikan` = `kelas`.`id_pendidikan`')
 3 SYSTEMPATH\Database\BaseConnection.php(827): CodeIgniter\Database\BaseConnection->simpleQuery('SELECT `kelas`.*, `guru`.`nama_guru`, `pendidikan`.`nama`
FROM `kelas`
JOIN `guru` ON `guru`.`id` = `kelas`.`id_guru`
JOIN `pendidikan` ON `pendidikan`.`id_pendidikan` = `kelas`.`id_pendidikan`')
 4 SYSTEMPATH\Database\BaseBuilder.php(1649): CodeIgniter\Database\BaseConnection->query('SELECT `kelas`.*, `guru`.`nama_guru`, `pendidikan`.`nama`
FROM `kelas`
JOIN `guru` ON `guru`.`id` = `kelas`.`id_guru`
JOIN `pendidikan` ON `pendidikan`.`id_pendidikan` = `kelas`.`id_pendidikan`', [], false)
 5 SYSTEMPATH\Model.php(253): CodeIgniter\Database\BaseBuilder->get()
 6 SYSTEMPATH\BaseModel.php(676): CodeIgniter\Model->doFindAll(0, 0)
 7 APPPATH\Controllers\Kelas.php(29): CodeIgniter\BaseModel->findAll()
 8 SYSTEMPATH\CodeIgniter.php(951): App\Controllers\Kelas->index()
 9 SYSTEMPATH\CodeIgniter.php(497): CodeIgniter\CodeIgniter->runController(Object(App\Controllers\Kelas))
10 SYSTEMPATH\CodeIgniter.php(340): CodeIgniter\CodeIgniter->handleRequest(null, Object(Config\Cache), false)
11 SYSTEMPATH\Boot.php(417): CodeIgniter\CodeIgniter->run()
12 SYSTEMPATH\Boot.php(68): CodeIgniter\Boot::runCodeIgniter(Object(CodeIgniter\CodeIgniter))
13 FCPATH\index.php(59): CodeIgniter\Boot::bootWeb(Object(Config\Paths))
CRITICAL - 2026-05-16 14:59:10 --> CodeIgniter\Database\Exceptions\DatabaseException: Unknown column 'kelas.id_pendidikan' in 'on clause'
[Method: GET, Route: kelas]
in SYSTEMPATH\Database\BaseConnection.php on line 865.
 1 SYSTEMPATH\Database\BaseBuilder.php(1649): CodeIgniter\Database\BaseConnection->query('SELECT `kelas`.*, `guru`.`nama_guru`, `pendidikan`.`nama`
FROM `kelas`
JOIN `guru` ON `guru`.`id` = `kelas`.`id_guru`
JOIN `pendidikan` ON `pendidikan`.`id_pendidikan` = `kelas`.`id_pendidikan`', [], false)
 2 SYSTEMPATH\Model.php(253): CodeIgniter\Database\BaseBuilder->get()
 3 SYSTEMPATH\BaseModel.php(676): CodeIgniter\Model->doFindAll(0, 0)
 4 APPPATH\Controllers\Kelas.php(29): CodeIgniter\BaseModel->findAll()
 5 SYSTEMPATH\CodeIgniter.php(951): App\Controllers\Kelas->index()
 6 SYSTEMPATH\CodeIgniter.php(497): CodeIgniter\CodeIgniter->runController(Object(App\Controllers\Kelas))
 7 SYSTEMPATH\CodeIgniter.php(340): CodeIgniter\CodeIgniter->handleRequest(null, Object(Config\Cache), false)
 8 SYSTEMPATH\Boot.php(417): CodeIgniter\CodeIgniter->run()
 9 SYSTEMPATH\Boot.php(68): CodeIgniter\Boot::runCodeIgniter(Object(CodeIgniter\CodeIgniter))
10 FCPATH\index.php(59): CodeIgniter\Boot::bootWeb(Object(Config\Paths))
CRITICAL - 2026-05-16 14:59:10 --> [Caused by] CodeIgniter\Database\Exceptions\DatabaseException: Unknown column 'kelas.id_pendidikan' in 'on clause'
in SYSTEMPATH\Database\MySQLi\Connection.php on line 310.
 1 SYSTEMPATH\Database\BaseConnection.php(910): CodeIgniter\Database\MySQLi\Connection->execute('SELECT `kelas`.*, `guru`.`nama_guru`, `pendidikan`.`nama`
FROM `kelas`
JOIN `guru` ON `guru`.`id` = `kelas`.`id_guru`
JOIN `pendidikan` ON `pendidikan`.`id_pendidikan` = `kelas`.`id_pendidikan`')
 2 SYSTEMPATH\Database\BaseConnection.php(827): CodeIgniter\Database\BaseConnection->simpleQuery('SELECT `kelas`.*, `guru`.`nama_guru`, `pendidikan`.`nama`
FROM `kelas`
JOIN `guru` ON `guru`.`id` = `kelas`.`id_guru`
JOIN `pendidikan` ON `pendidikan`.`id_pendidikan` = `kelas`.`id_pendidikan`')
 3 SYSTEMPATH\Database\BaseBuilder.php(1649): CodeIgniter\Database\BaseConnection->query('SELECT `kelas`.*, `guru`.`nama_guru`, `pendidikan`.`nama`
FROM `kelas`
JOIN `guru` ON `guru`.`id` = `kelas`.`id_guru`
JOIN `pendidikan` ON `pendidikan`.`id_pendidikan` = `kelas`.`id_pendidikan`', [], false)
 4 SYSTEMPATH\Model.php(253): CodeIgniter\Database\BaseBuilder->get()
 5 SYSTEMPATH\BaseModel.php(676): CodeIgniter\Model->doFindAll(0, 0)
 6 APPPATH\Controllers\Kelas.php(29): CodeIgniter\BaseModel->findAll()
 7 SYSTEMPATH\CodeIgniter.php(951): App\Controllers\Kelas->index()
 8 SYSTEMPATH\CodeIgniter.php(497): CodeIgniter\CodeIgniter->runController(Object(App\Controllers\Kelas))
 9 SYSTEMPATH\CodeIgniter.php(340): CodeIgniter\CodeIgniter->handleRequest(null, Object(Config\Cache), false)
10 SYSTEMPATH\Boot.php(417): CodeIgniter\CodeIgniter->run()
11 SYSTEMPATH\Boot.php(68): CodeIgniter\Boot::runCodeIgniter(Object(CodeIgniter\CodeIgniter))
12 FCPATH\index.php(59): CodeIgniter\Boot::bootWeb(Object(Config\Paths))
CRITICAL - 2026-05-16 14:59:10 --> [Caused by] mysqli_sql_exception: Unknown column 'kelas.id_pendidikan' in 'on clause'
in SYSTEMPATH\Database\MySQLi\Connection.php on line 300.
 1 SYSTEMPATH\Database\MySQLi\Connection.php(300): mysqli->query('SELECT `kelas`.*, `guru`.`nama_guru`, `pendidikan`.`nama`
FROM `kelas`
JOIN `guru` ON `guru`.`id` = `kelas`.`id_guru`
JOIN `pendidikan` ON `pendidikan`.`id_pendidikan` = `kelas`.`id_pendidikan`', 0)
 2 SYSTEMPATH\Database\BaseConnection.php(910): CodeIgniter\Database\MySQLi\Connection->execute('SELECT `kelas`.*, `guru`.`nama_guru`, `pendidikan`.`nama`
FROM `kelas`
JOIN `guru` ON `guru`.`id` = `kelas`.`id_guru`
JOIN `pendidikan` ON `pendidikan`.`id_pendidikan` = `kelas`.`id_pendidikan`')
 3 SYSTEMPATH\Database\BaseConnection.php(827): CodeIgniter\Database\BaseConnection->simpleQuery('SELECT `kelas`.*, `guru`.`nama_guru`, `pendidikan`.`nama`
FROM `kelas`
JOIN `guru` ON `guru`.`id` = `kelas`.`id_guru`
JOIN `pendidikan` ON `pendidikan`.`id_pendidikan` = `kelas`.`id_pendidikan`')
 4 SYSTEMPATH\Database\BaseBuilder.php(1649): CodeIgniter\Database\BaseConnection->query('SELECT `kelas`.*, `guru`.`nama_guru`, `pendidikan`.`nama`
FROM `kelas`
JOIN `guru` ON `guru`.`id` = `kelas`.`id_guru`
JOIN `pendidikan` ON `pendidikan`.`id_pendidikan` = `kelas`.`id_pendidikan`', [], false)
 5 SYSTEMPATH\Model.php(253): CodeIgniter\Database\BaseBuilder->get()
 6 SYSTEMPATH\BaseModel.php(676): CodeIgniter\Model->doFindAll(0, 0)
 7 APPPATH\Controllers\Kelas.php(29): CodeIgniter\BaseModel->findAll()
 8 SYSTEMPATH\CodeIgniter.php(951): App\Controllers\Kelas->index()
 9 SYSTEMPATH\CodeIgniter.php(497): CodeIgniter\CodeIgniter->runController(Object(App\Controllers\Kelas))
10 SYSTEMPATH\CodeIgniter.php(340): CodeIgniter\CodeIgniter->handleRequest(null, Object(Config\Cache), false)
11 SYSTEMPATH\Boot.php(417): CodeIgniter\CodeIgniter->run()
12 SYSTEMPATH\Boot.php(68): CodeIgniter\Boot::runCodeIgniter(Object(CodeIgniter\CodeIgniter))
13 FCPATH\index.php(59): CodeIgniter\Boot::bootWeb(Object(Config\Paths))
ERROR - 2026-05-16 14:59:10 --> Unknown column 'kelas.id_pendidikan' in 'on clause'
in SYSTEMPATH\Database\MySQLi\Connection.php on line 300.
 1 SYSTEMPATH\Database\MySQLi\Connection.php(300): mysqli->query('SELECT `kelas`.*, `guru`.`nama_guru`, `pendidikan`.`nama`
FROM `kelas`
JOIN `guru` ON `guru`.`id` = `kelas`.`id_guru`
JOIN `pendidikan` ON `pendidikan`.`id_pendidikan` = `kelas`.`id_pendidikan`', 0)
 2 SYSTEMPATH\Database\BaseConnection.php(910): CodeIgniter\Database\MySQLi\Connection->execute('SELECT `kelas`.*, `guru`.`nama_guru`, `pendidikan`.`nama`
FROM `kelas`
JOIN `guru` ON `guru`.`id` = `kelas`.`id_guru`
JOIN `pendidikan` ON `pendidikan`.`id_pendidikan` = `kelas`.`id_pendidikan`')
 3 SYSTEMPATH\Database\BaseConnection.php(827): CodeIgniter\Database\BaseConnection->simpleQuery('SELECT `kelas`.*, `guru`.`nama_guru`, `pendidikan`.`nama`
FROM `kelas`
JOIN `guru` ON `guru`.`id` = `kelas`.`id_guru`
JOIN `pendidikan` ON `pendidikan`.`id_pendidikan` = `kelas`.`id_pendidikan`')
 4 SYSTEMPATH\Database\BaseBuilder.php(1649): CodeIgniter\Database\BaseConnection->query('SELECT `kelas`.*, `guru`.`nama_guru`, `pendidikan`.`nama`
FROM `kelas`
JOIN `guru` ON `guru`.`id` = `kelas`.`id_guru`
JOIN `pendidikan` ON `pendidikan`.`id_pendidikan` = `kelas`.`id_pendidikan`', [], false)
 5 SYSTEMPATH\Model.php(253): CodeIgniter\Database\BaseBuilder->get()
 6 SYSTEMPATH\BaseModel.php(676): CodeIgniter\Model->doFindAll(0, 0)
 7 APPPATH\Controllers\Kelas.php(29): CodeIgniter\BaseModel->findAll()
 8 SYSTEMPATH\CodeIgniter.php(951): App\Controllers\Kelas->index()
 9 SYSTEMPATH\CodeIgniter.php(497): CodeIgniter\CodeIgniter->runController(Object(App\Controllers\Kelas))
10 SYSTEMPATH\CodeIgniter.php(340): CodeIgniter\CodeIgniter->handleRequest(null, Object(Config\Cache), false)
11 SYSTEMPATH\Boot.php(417): CodeIgniter\CodeIgniter->run()
12 SYSTEMPATH\Boot.php(68): CodeIgniter\Boot::runCodeIgniter(Object(CodeIgniter\CodeIgniter))
13 FCPATH\index.php(59): CodeIgniter\Boot::bootWeb(Object(Config\Paths))
CRITICAL - 2026-05-16 14:59:10 --> CodeIgniter\Database\Exceptions\DatabaseException: Unknown column 'kelas.id_pendidikan' in 'on clause'
[Method: GET, Route: kelas]
in SYSTEMPATH\Database\BaseConnection.php on line 865.
 1 SYSTEMPATH\Database\BaseBuilder.php(1649): CodeIgniter\Database\BaseConnection->query('SELECT `kelas`.*, `guru`.`nama_guru`, `pendidikan`.`nama`
FROM `kelas`
JOIN `guru` ON `guru`.`id` = `kelas`.`id_guru`
JOIN `pendidikan` ON `pendidikan`.`id_pendidikan` = `kelas`.`id_pendidikan`', [], false)
 2 SYSTEMPATH\Model.php(253): CodeIgniter\Database\BaseBuilder->get()
 3 SYSTEMPATH\BaseModel.php(676): CodeIgniter\Model->doFindAll(0, 0)
 4 APPPATH\Controllers\Kelas.php(29): CodeIgniter\BaseModel->findAll()
 5 SYSTEMPATH\CodeIgniter.php(951): App\Controllers\Kelas->index()
 6 SYSTEMPATH\CodeIgniter.php(497): CodeIgniter\CodeIgniter->runController(Object(App\Controllers\Kelas))
 7 SYSTEMPATH\CodeIgniter.php(340): CodeIgniter\CodeIgniter->handleRequest(null, Object(Config\Cache), false)
 8 SYSTEMPATH\Boot.php(417): CodeIgniter\CodeIgniter->run()
 9 SYSTEMPATH\Boot.php(68): CodeIgniter\Boot::runCodeIgniter(Object(CodeIgniter\CodeIgniter))
10 FCPATH\index.php(59): CodeIgniter\Boot::bootWeb(Object(Config\Paths))
CRITICAL - 2026-05-16 14:59:10 --> [Caused by] CodeIgniter\Database\Exceptions\DatabaseException: Unknown column 'kelas.id_pendidikan' in 'on clause'
in SYSTEMPATH\Database\MySQLi\Connection.php on line 310.
 1 SYSTEMPATH\Database\BaseConnection.php(910): CodeIgniter\Database\MySQLi\Connection->execute('SELECT `kelas`.*, `guru`.`nama_guru`, `pendidikan`.`nama`
FROM `kelas`
JOIN `guru` ON `guru`.`id` = `kelas`.`id_guru`
JOIN `pendidikan` ON `pendidikan`.`id_pendidikan` = `kelas`.`id_pendidikan`')
 2 SYSTEMPATH\Database\BaseConnection.php(827): CodeIgniter\Database\BaseConnection->simpleQuery('SELECT `kelas`.*, `guru`.`nama_guru`, `pendidikan`.`nama`
FROM `kelas`
JOIN `guru` ON `guru`.`id` = `kelas`.`id_guru`
JOIN `pendidikan` ON `pendidikan`.`id_pendidikan` = `kelas`.`id_pendidikan`')
 3 SYSTEMPATH\Database\BaseBuilder.php(1649): CodeIgniter\Database\BaseConnection->query('SELECT `kelas`.*, `guru`.`nama_guru`, `pendidikan`.`nama`
FROM `kelas`
JOIN `guru` ON `guru`.`id` = `kelas`.`id_guru`
JOIN `pendidikan` ON `pendidikan`.`id_pendidikan` = `kelas`.`id_pendidikan`', [], false)
 4 SYSTEMPATH\Model.php(253): CodeIgniter\Database\BaseBuilder->get()
 5 SYSTEMPATH\BaseModel.php(676): CodeIgniter\Model->doFindAll(0, 0)
 6 APPPATH\Controllers\Kelas.php(29): CodeIgniter\BaseModel->findAll()
 7 SYSTEMPATH\CodeIgniter.php(951): App\Controllers\Kelas->index()
 8 SYSTEMPATH\CodeIgniter.php(497): CodeIgniter\CodeIgniter->runController(Object(App\Controllers\Kelas))
 9 SYSTEMPATH\CodeIgniter.php(340): CodeIgniter\CodeIgniter->handleRequest(null, Object(Config\Cache), false)
10 SYSTEMPATH\Boot.php(417): CodeIgniter\CodeIgniter->run()
11 SYSTEMPATH\Boot.php(68): CodeIgniter\Boot::runCodeIgniter(Object(CodeIgniter\CodeIgniter))
12 FCPATH\index.php(59): CodeIgniter\Boot::bootWeb(Object(Config\Paths))
CRITICAL - 2026-05-16 14:59:10 --> [Caused by] mysqli_sql_exception: Unknown column 'kelas.id_pendidikan' in 'on clause'
in SYSTEMPATH\Database\MySQLi\Connection.php on line 300.
 1 SYSTEMPATH\Database\MySQLi\Connection.php(300): mysqli->query('SELECT `kelas`.*, `guru`.`nama_guru`, `pendidikan`.`nama`
FROM `kelas`
JOIN `guru` ON `guru`.`id` = `kelas`.`id_guru`
JOIN `pendidikan` ON `pendidikan`.`id_pendidikan` = `kelas`.`id_pendidikan`', 0)
 2 SYSTEMPATH\Database\BaseConnection.php(910): CodeIgniter\Database\MySQLi\Connection->execute('SELECT `kelas`.*, `guru`.`nama_guru`, `pendidikan`.`nama`
FROM `kelas`
JOIN `guru` ON `guru`.`id` = `kelas`.`id_guru`
JOIN `pendidikan` ON `pendidikan`.`id_pendidikan` = `kelas`.`id_pendidikan`')
 3 SYSTEMPATH\Database\BaseConnection.php(827): CodeIgniter\Database\BaseConnection->simpleQuery('SELECT `kelas`.*, `guru`.`nama_guru`, `pendidikan`.`nama`
FROM `kelas`
JOIN `guru` ON `guru`.`id` = `kelas`.`id_guru`
JOIN `pendidikan` ON `pendidikan`.`id_pendidikan` = `kelas`.`id_pendidikan`')
 4 SYSTEMPATH\Database\BaseBuilder.php(1649): CodeIgniter\Database\BaseConnection->query('SELECT `kelas`.*, `guru`.`nama_guru`, `pendidikan`.`nama`
FROM `kelas`
JOIN `guru` ON `guru`.`id` = `kelas`.`id_guru`
JOIN `pendidikan` ON `pendidikan`.`id_pendidikan` = `kelas`.`id_pendidikan`', [], false)
 5 SYSTEMPATH\Model.php(253): CodeIgniter\Database\BaseBuilder->get()
 6 SYSTEMPATH\BaseModel.php(676): CodeIgniter\Model->doFindAll(0, 0)
 7 APPPATH\Controllers\Kelas.php(29): CodeIgniter\BaseModel->findAll()
 8 SYSTEMPATH\CodeIgniter.php(951): App\Controllers\Kelas->index()
 9 SYSTEMPATH\CodeIgniter.php(497): CodeIgniter\CodeIgniter->runController(Object(App\Controllers\Kelas))
10 SYSTEMPATH\CodeIgniter.php(340): CodeIgniter\CodeIgniter->handleRequest(null, Object(Config\Cache), false)
11 SYSTEMPATH\Boot.php(417): CodeIgniter\CodeIgniter->run()
12 SYSTEMPATH\Boot.php(68): CodeIgniter\Boot::runCodeIgniter(Object(CodeIgniter\CodeIgniter))
13 FCPATH\index.php(59): CodeIgniter\Boot::bootWeb(Object(Config\Paths))
ERROR - 2026-05-16 14:59:10 --> Unknown column 'kelas.id_pendidikan' in 'on clause'
in SYSTEMPATH\Database\MySQLi\Connection.php on line 300.
 1 SYSTEMPATH\Database\MySQLi\Connection.php(300): mysqli->query('SELECT `kelas`.*, `guru`.`nama_guru`, `pendidikan`.`nama`
FROM `kelas`
JOIN `guru` ON `guru`.`id` = `kelas`.`id_guru`
JOIN `pendidikan` ON `pendidikan`.`id_pendidikan` = `kelas`.`id_pendidikan`', 0)
 2 SYSTEMPATH\Database\BaseConnection.php(910): CodeIgniter\Database\MySQLi\Connection->execute('SELECT `kelas`.*, `guru`.`nama_guru`, `pendidikan`.`nama`
FROM `kelas`
JOIN `guru` ON `guru`.`id` = `kelas`.`id_guru`
JOIN `pendidikan` ON `pendidikan`.`id_pendidikan` = `kelas`.`id_pendidikan`')
 3 SYSTEMPATH\Database\BaseConnection.php(827): CodeIgniter\Database\BaseConnection->simpleQuery('SELECT `kelas`.*, `guru`.`nama_guru`, `pendidikan`.`nama`
FROM `kelas`
JOIN `guru` ON `guru`.`id` = `kelas`.`id_guru`
JOIN `pendidikan` ON `pendidikan`.`id_pendidikan` = `kelas`.`id_pendidikan`')
 4 SYSTEMPATH\Database\BaseBuilder.php(1649): CodeIgniter\Database\BaseConnection->query('SELECT `kelas`.*, `guru`.`nama_guru`, `pendidikan`.`nama`
FROM `kelas`
JOIN `guru` ON `guru`.`id` = `kelas`.`id_guru`
JOIN `pendidikan` ON `pendidikan`.`id_pendidikan` = `kelas`.`id_pendidikan`', [], false)
 5 SYSTEMPATH\Model.php(253): CodeIgniter\Database\BaseBuilder->get()
 6 SYSTEMPATH\BaseModel.php(676): CodeIgniter\Model->doFindAll(0, 0)
 7 APPPATH\Controllers\Kelas.php(29): CodeIgniter\BaseModel->findAll()
 8 SYSTEMPATH\CodeIgniter.php(951): App\Controllers\Kelas->index()
 9 SYSTEMPATH\CodeIgniter.php(497): CodeIgniter\CodeIgniter->runController(Object(App\Controllers\Kelas))
10 SYSTEMPATH\CodeIgniter.php(340): CodeIgniter\CodeIgniter->handleRequest(null, Object(Config\Cache), false)
11 SYSTEMPATH\Boot.php(417): CodeIgniter\CodeIgniter->run()
12 SYSTEMPATH\Boot.php(68): CodeIgniter\Boot::runCodeIgniter(Object(CodeIgniter\CodeIgniter))
13 FCPATH\index.php(59): CodeIgniter\Boot::bootWeb(Object(Config\Paths))
CRITICAL - 2026-05-16 14:59:10 --> CodeIgniter\Database\Exceptions\DatabaseException: Unknown column 'kelas.id_pendidikan' in 'on clause'
[Method: GET, Route: kelas]
in SYSTEMPATH\Database\BaseConnection.php on line 865.
 1 SYSTEMPATH\Database\BaseBuilder.php(1649): CodeIgniter\Database\BaseConnection->query('SELECT `kelas`.*, `guru`.`nama_guru`, `pendidikan`.`nama`
FROM `kelas`
JOIN `guru` ON `guru`.`id` = `kelas`.`id_guru`
JOIN `pendidikan` ON `pendidikan`.`id_pendidikan` = `kelas`.`id_pendidikan`', [], false)
 2 SYSTEMPATH\Model.php(253): CodeIgniter\Database\BaseBuilder->get()
 3 SYSTEMPATH\BaseModel.php(676): CodeIgniter\Model->doFindAll(0, 0)
 4 APPPATH\Controllers\Kelas.php(29): CodeIgniter\BaseModel->findAll()
 5 SYSTEMPATH\CodeIgniter.php(951): App\Controllers\Kelas->index()
 6 SYSTEMPATH\CodeIgniter.php(497): CodeIgniter\CodeIgniter->runController(Object(App\Controllers\Kelas))
 7 SYSTEMPATH\CodeIgniter.php(340): CodeIgniter\CodeIgniter->handleRequest(null, Object(Config\Cache), false)
 8 SYSTEMPATH\Boot.php(417): CodeIgniter\CodeIgniter->run()
 9 SYSTEMPATH\Boot.php(68): CodeIgniter\Boot::runCodeIgniter(Object(CodeIgniter\CodeIgniter))
10 FCPATH\index.php(59): CodeIgniter\Boot::bootWeb(Object(Config\Paths))
CRITICAL - 2026-05-16 14:59:10 --> [Caused by] CodeIgniter\Database\Exceptions\DatabaseException: Unknown column 'kelas.id_pendidikan' in 'on clause'
in SYSTEMPATH\Database\MySQLi\Connection.php on line 310.
 1 SYSTEMPATH\Database\BaseConnection.php(910): CodeIgniter\Database\MySQLi\Connection->execute('SELECT `kelas`.*, `guru`.`nama_guru`, `pendidikan`.`nama`
FROM `kelas`
JOIN `guru` ON `guru`.`id` = `kelas`.`id_guru`
JOIN `pendidikan` ON `pendidikan`.`id_pendidikan` = `kelas`.`id_pendidikan`')
 2 SYSTEMPATH\Database\BaseConnection.php(827): CodeIgniter\Database\BaseConnection->simpleQuery('SELECT `kelas`.*, `guru`.`nama_guru`, `pendidikan`.`nama`
FROM `kelas`
JOIN `guru` ON `guru`.`id` = `kelas`.`id_guru`
JOIN `pendidikan` ON `pendidikan`.`id_pendidikan` = `kelas`.`id_pendidikan`')
 3 SYSTEMPATH\Database\BaseBuilder.php(1649): CodeIgniter\Database\BaseConnection->query('SELECT `kelas`.*, `guru`.`nama_guru`, `pendidikan`.`nama`
FROM `kelas`
JOIN `guru` ON `guru`.`id` = `kelas`.`id_guru`
JOIN `pendidikan` ON `pendidikan`.`id_pendidikan` = `kelas`.`id_pendidikan`', [], false)
 4 SYSTEMPATH\Model.php(253): CodeIgniter\Database\BaseBuilder->get()
 5 SYSTEMPATH\BaseModel.php(676): CodeIgniter\Model->doFindAll(0, 0)
 6 APPPATH\Controllers\Kelas.php(29): CodeIgniter\BaseModel->findAll()
 7 SYSTEMPATH\CodeIgniter.php(951): App\Controllers\Kelas->index()
 8 SYSTEMPATH\CodeIgniter.php(497): CodeIgniter\CodeIgniter->runController(Object(App\Controllers\Kelas))
 9 SYSTEMPATH\CodeIgniter.php(340): CodeIgniter\CodeIgniter->handleRequest(null, Object(Config\Cache), false)
10 SYSTEMPATH\Boot.php(417): CodeIgniter\CodeIgniter->run()
11 SYSTEMPATH\Boot.php(68): CodeIgniter\Boot::runCodeIgniter(Object(CodeIgniter\CodeIgniter))
12 FCPATH\index.php(59): CodeIgniter\Boot::bootWeb(Object(Config\Paths))
CRITICAL - 2026-05-16 14:59:10 --> [Caused by] mysqli_sql_exception: Unknown column 'kelas.id_pendidikan' in 'on clause'
in SYSTEMPATH\Database\MySQLi\Connection.php on line 300.
 1 SYSTEMPATH\Database\MySQLi\Connection.php(300): mysqli->query('SELECT `kelas`.*, `guru`.`nama_guru`, `pendidikan`.`nama`
FROM `kelas`
JOIN `guru` ON `guru`.`id` = `kelas`.`id_guru`
JOIN `pendidikan` ON `pendidikan`.`id_pendidikan` = `kelas`.`id_pendidikan`', 0)
 2 SYSTEMPATH\Database\BaseConnection.php(910): CodeIgniter\Database\MySQLi\Connection->execute('SELECT `kelas`.*, `guru`.`nama_guru`, `pendidikan`.`nama`
FROM `kelas`
JOIN `guru` ON `guru`.`id` = `kelas`.`id_guru`
JOIN `pendidikan` ON `pendidikan`.`id_pendidikan` = `kelas`.`id_pendidikan`')
 3 SYSTEMPATH\Database\BaseConnection.php(827): CodeIgniter\Database\BaseConnection->simpleQuery('SELECT `kelas`.*, `guru`.`nama_guru`, `pendidikan`.`nama`
FROM `kelas`
JOIN `guru` ON `guru`.`id` = `kelas`.`id_guru`
JOIN `pendidikan` ON `pendidikan`.`id_pendidikan` = `kelas`.`id_pendidikan`')
 4 SYSTEMPATH\Database\BaseBuilder.php(1649): CodeIgniter\Database\BaseConnection->query('SELECT `kelas`.*, `guru`.`nama_guru`, `pendidikan`.`nama`
FROM `kelas`
JOIN `guru` ON `guru`.`id` = `kelas`.`id_guru`
JOIN `pendidikan` ON `pendidikan`.`id_pendidikan` = `kelas`.`id_pendidikan`', [], false)
 5 SYSTEMPATH\Model.php(253): CodeIgniter\Database\BaseBuilder->get()
 6 SYSTEMPATH\BaseModel.php(676): CodeIgniter\Model->doFindAll(0, 0)
 7 APPPATH\Controllers\Kelas.php(29): CodeIgniter\BaseModel->findAll()
 8 SYSTEMPATH\CodeIgniter.php(951): App\Controllers\Kelas->index()
 9 SYSTEMPATH\CodeIgniter.php(497): CodeIgniter\CodeIgniter->runController(Object(App\Controllers\Kelas))
10 SYSTEMPATH\CodeIgniter.php(340): CodeIgniter\CodeIgniter->handleRequest(null, Object(Config\Cache), false)
11 SYSTEMPATH\Boot.php(417): CodeIgniter\CodeIgniter->run()
12 SYSTEMPATH\Boot.php(68): CodeIgniter\Boot::runCodeIgniter(Object(CodeIgniter\CodeIgniter))
13 FCPATH\index.php(59): CodeIgniter\Boot::bootWeb(Object(Config\Paths))
ERROR - 2026-05-16 14:59:11 --> Unknown column 'kelas.id_pendidikan' in 'on clause'
in SYSTEMPATH\Database\MySQLi\Connection.php on line 300.
 1 SYSTEMPATH\Database\MySQLi\Connection.php(300): mysqli->query('SELECT `kelas`.*, `guru`.`nama_guru`, `pendidikan`.`nama`
FROM `kelas`
JOIN `guru` ON `guru`.`id` = `kelas`.`id_guru`
JOIN `pendidikan` ON `pendidikan`.`id_pendidikan` = `kelas`.`id_pendidikan`', 0)
 2 SYSTEMPATH\Database\BaseConnection.php(910): CodeIgniter\Database\MySQLi\Connection->execute('SELECT `kelas`.*, `guru`.`nama_guru`, `pendidikan`.`nama`
FROM `kelas`
JOIN `guru` ON `guru`.`id` = `kelas`.`id_guru`
JOIN `pendidikan` ON `pendidikan`.`id_pendidikan` = `kelas`.`id_pendidikan`')
 3 SYSTEMPATH\Database\BaseConnection.php(827): CodeIgniter\Database\BaseConnection->simpleQuery('SELECT `kelas`.*, `guru`.`nama_guru`, `pendidikan`.`nama`
FROM `kelas`
JOIN `guru` ON `guru`.`id` = `kelas`.`id_guru`
JOIN `pendidikan` ON `pendidikan`.`id_pendidikan` = `kelas`.`id_pendidikan`')
 4 SYSTEMPATH\Database\BaseBuilder.php(1649): CodeIgniter\Database\BaseConnection->query('SELECT `kelas`.*, `guru`.`nama_guru`, `pendidikan`.`nama`
FROM `kelas`
JOIN `guru` ON `guru`.`id` = `kelas`.`id_guru`
JOIN `pendidikan` ON `pendidikan`.`id_pendidikan` = `kelas`.`id_pendidikan`', [], false)
 5 SYSTEMPATH\Model.php(253): CodeIgniter\Database\BaseBuilder->get()
 6 SYSTEMPATH\BaseModel.php(676): CodeIgniter\Model->doFindAll(0, 0)
 7 APPPATH\Controllers\Kelas.php(29): CodeIgniter\BaseModel->findAll()
 8 SYSTEMPATH\CodeIgniter.php(951): App\Controllers\Kelas->index()
 9 SYSTEMPATH\CodeIgniter.php(497): CodeIgniter\CodeIgniter->runController(Object(App\Controllers\Kelas))
10 SYSTEMPATH\CodeIgniter.php(340): CodeIgniter\CodeIgniter->handleRequest(null, Object(Config\Cache), false)
11 SYSTEMPATH\Boot.php(417): CodeIgniter\CodeIgniter->run()
12 SYSTEMPATH\Boot.php(68): CodeIgniter\Boot::runCodeIgniter(Object(CodeIgniter\CodeIgniter))
13 FCPATH\index.php(59): CodeIgniter\Boot::bootWeb(Object(Config\Paths))
CRITICAL - 2026-05-16 14:59:11 --> CodeIgniter\Database\Exceptions\DatabaseException: Unknown column 'kelas.id_pendidikan' in 'on clause'
[Method: GET, Route: kelas]
in SYSTEMPATH\Database\BaseConnection.php on line 865.
 1 SYSTEMPATH\Database\BaseBuilder.php(1649): CodeIgniter\Database\BaseConnection->query('SELECT `kelas`.*, `guru`.`nama_guru`, `pendidikan`.`nama`
FROM `kelas`
JOIN `guru` ON `guru`.`id` = `kelas`.`id_guru`
JOIN `pendidikan` ON `pendidikan`.`id_pendidikan` = `kelas`.`id_pendidikan`', [], false)
 2 SYSTEMPATH\Model.php(253): CodeIgniter\Database\BaseBuilder->get()
 3 SYSTEMPATH\BaseModel.php(676): CodeIgniter\Model->doFindAll(0, 0)
 4 APPPATH\Controllers\Kelas.php(29): CodeIgniter\BaseModel->findAll()
 5 SYSTEMPATH\CodeIgniter.php(951): App\Controllers\Kelas->index()
 6 SYSTEMPATH\CodeIgniter.php(497): CodeIgniter\CodeIgniter->runController(Object(App\Controllers\Kelas))
 7 SYSTEMPATH\CodeIgniter.php(340): CodeIgniter\CodeIgniter->handleRequest(null, Object(Config\Cache), false)
 8 SYSTEMPATH\Boot.php(417): CodeIgniter\CodeIgniter->run()
 9 SYSTEMPATH\Boot.php(68): CodeIgniter\Boot::runCodeIgniter(Object(CodeIgniter\CodeIgniter))
10 FCPATH\index.php(59): CodeIgniter\Boot::bootWeb(Object(Config\Paths))
CRITICAL - 2026-05-16 14:59:11 --> [Caused by] CodeIgniter\Database\Exceptions\DatabaseException: Unknown column 'kelas.id_pendidikan' in 'on clause'
in SYSTEMPATH\Database\MySQLi\Connection.php on line 310.
 1 SYSTEMPATH\Database\BaseConnection.php(910): CodeIgniter\Database\MySQLi\Connection->execute('SELECT `kelas`.*, `guru`.`nama_guru`, `pendidikan`.`nama`
FROM `kelas`
JOIN `guru` ON `guru`.`id` = `kelas`.`id_guru`
JOIN `pendidikan` ON `pendidikan`.`id_pendidikan` = `kelas`.`id_pendidikan`')
 2 SYSTEMPATH\Database\BaseConnection.php(827): CodeIgniter\Database\BaseConnection->simpleQuery('SELECT `kelas`.*, `guru`.`nama_guru`, `pendidikan`.`nama`
FROM `kelas`
JOIN `guru` ON `guru`.`id` = `kelas`.`id_guru`
JOIN `pendidikan` ON `pendidikan`.`id_pendidikan` = `kelas`.`id_pendidikan`')
 3 SYSTEMPATH\Database\BaseBuilder.php(1649): CodeIgniter\Database\BaseConnection->query('SELECT `kelas`.*, `guru`.`nama_guru`, `pendidikan`.`nama`
FROM `kelas`
JOIN `guru` ON `guru`.`id` = `kelas`.`id_guru`
JOIN `pendidikan` ON `pendidikan`.`id_pendidikan` = `kelas`.`id_pendidikan`', [], false)
 4 SYSTEMPATH\Model.php(253): CodeIgniter\Database\BaseBuilder->get()
 5 SYSTEMPATH\BaseModel.php(676): CodeIgniter\Model->doFindAll(0, 0)
 6 APPPATH\Controllers\Kelas.php(29): CodeIgniter\BaseModel->findAll()
 7 SYSTEMPATH\CodeIgniter.php(951): App\Controllers\Kelas->index()
 8 SYSTEMPATH\CodeIgniter.php(497): CodeIgniter\CodeIgniter->runController(Object(App\Controllers\Kelas))
 9 SYSTEMPATH\CodeIgniter.php(340): CodeIgniter\CodeIgniter->handleRequest(null, Object(Config\Cache), false)
10 SYSTEMPATH\Boot.php(417): CodeIgniter\CodeIgniter->run()
11 SYSTEMPATH\Boot.php(68): CodeIgniter\Boot::runCodeIgniter(Object(CodeIgniter\CodeIgniter))
12 FCPATH\index.php(59): CodeIgniter\Boot::bootWeb(Object(Config\Paths))
CRITICAL - 2026-05-16 14:59:11 --> [Caused by] mysqli_sql_exception: Unknown column 'kelas.id_pendidikan' in 'on clause'
in SYSTEMPATH\Database\MySQLi\Connection.php on line 300.
 1 SYSTEMPATH\Database\MySQLi\Connection.php(300): mysqli->query('SELECT `kelas`.*, `guru`.`nama_guru`, `pendidikan`.`nama`
FROM `kelas`
JOIN `guru` ON `guru`.`id` = `kelas`.`id_guru`
JOIN `pendidikan` ON `pendidikan`.`id_pendidikan` = `kelas`.`id_pendidikan`', 0)
 2 SYSTEMPATH\Database\BaseConnection.php(910): CodeIgniter\Database\MySQLi\Connection->execute('SELECT `kelas`.*, `guru`.`nama_guru`, `pendidikan`.`nama`
FROM `kelas`
JOIN `guru` ON `guru`.`id` = `kelas`.`id_guru`
JOIN `pendidikan` ON `pendidikan`.`id_pendidikan` = `kelas`.`id_pendidikan`')
 3 SYSTEMPATH\Database\BaseConnection.php(827): CodeIgniter\Database\BaseConnection->simpleQuery('SELECT `kelas`.*, `guru`.`nama_guru`, `pendidikan`.`nama`
FROM `kelas`
JOIN `guru` ON `guru`.`id` = `kelas`.`id_guru`
JOIN `pendidikan` ON `pendidikan`.`id_pendidikan` = `kelas`.`id_pendidikan`')
 4 SYSTEMPATH\Database\BaseBuilder.php(1649): CodeIgniter\Database\BaseConnection->query('SELECT `kelas`.*, `guru`.`nama_guru`, `pendidikan`.`nama`
FROM `kelas`
JOIN `guru` ON `guru`.`id` = `kelas`.`id_guru`
JOIN `pendidikan` ON `pendidikan`.`id_pendidikan` = `kelas`.`id_pendidikan`', [], false)
 5 SYSTEMPATH\Model.php(253): CodeIgniter\Database\BaseBuilder->get()
 6 SYSTEMPATH\BaseModel.php(676): CodeIgniter\Model->doFindAll(0, 0)
 7 APPPATH\Controllers\Kelas.php(29): CodeIgniter\BaseModel->findAll()
 8 SYSTEMPATH\CodeIgniter.php(951): App\Controllers\Kelas->index()
 9 SYSTEMPATH\CodeIgniter.php(497): CodeIgniter\CodeIgniter->runController(Object(App\Controllers\Kelas))
10 SYSTEMPATH\CodeIgniter.php(340): CodeIgniter\CodeIgniter->handleRequest(null, Object(Config\Cache), false)
11 SYSTEMPATH\Boot.php(417): CodeIgniter\CodeIgniter->run()
12 SYSTEMPATH\Boot.php(68): CodeIgniter\Boot::runCodeIgniter(Object(CodeIgniter\CodeIgniter))
13 FCPATH\index.php(59): CodeIgniter\Boot::bootWeb(Object(Config\Paths))
ERROR - 2026-05-16 14:59:11 --> Unknown column 'kelas.id_pendidikan' in 'on clause'
in SYSTEMPATH\Database\MySQLi\Connection.php on line 300.
 1 SYSTEMPATH\Database\MySQLi\Connection.php(300): mysqli->query('SELECT `kelas`.*, `guru`.`nama_guru`, `pendidikan`.`nama`
FROM `kelas`
JOIN `guru` ON `guru`.`id` = `kelas`.`id_guru`
JOIN `pendidikan` ON `pendidikan`.`id_pendidikan` = `kelas`.`id_pendidikan`', 0)
 2 SYSTEMPATH\Database\BaseConnection.php(910): CodeIgniter\Database\MySQLi\Connection->execute('SELECT `kelas`.*, `guru`.`nama_guru`, `pendidikan`.`nama`
FROM `kelas`
JOIN `guru` ON `guru`.`id` = `kelas`.`id_guru`
JOIN `pendidikan` ON `pendidikan`.`id_pendidikan` = `kelas`.`id_pendidikan`')
 3 SYSTEMPATH\Database\BaseConnection.php(827): CodeIgniter\Database\BaseConnection->simpleQuery('SELECT `kelas`.*, `guru`.`nama_guru`, `pendidikan`.`nama`
FROM `kelas`
JOIN `guru` ON `guru`.`id` = `kelas`.`id_guru`
JOIN `pendidikan` ON `pendidikan`.`id_pendidikan` = `kelas`.`id_pendidikan`')
 4 SYSTEMPATH\Database\BaseBuilder.php(1649): CodeIgniter\Database\BaseConnection->query('SELECT `kelas`.*, `guru`.`nama_guru`, `pendidikan`.`nama`
FROM `kelas`
JOIN `guru` ON `guru`.`id` = `kelas`.`id_guru`
JOIN `pendidikan` ON `pendidikan`.`id_pendidikan` = `kelas`.`id_pendidikan`', [], false)
 5 SYSTEMPATH\Model.php(253): CodeIgniter\Database\BaseBuilder->get()
 6 SYSTEMPATH\BaseModel.php(676): CodeIgniter\Model->doFindAll(0, 0)
 7 APPPATH\Controllers\Kelas.php(29): CodeIgniter\BaseModel->findAll()
 8 SYSTEMPATH\CodeIgniter.php(951): App\Controllers\Kelas->index()
 9 SYSTEMPATH\CodeIgniter.php(497): CodeIgniter\CodeIgniter->runController(Object(App\Controllers\Kelas))
10 SYSTEMPATH\CodeIgniter.php(340): CodeIgniter\CodeIgniter->handleRequest(null, Object(Config\Cache), false)
11 SYSTEMPATH\Boot.php(417): CodeIgniter\CodeIgniter->run()
12 SYSTEMPATH\Boot.php(68): CodeIgniter\Boot::runCodeIgniter(Object(CodeIgniter\CodeIgniter))
13 FCPATH\index.php(59): CodeIgniter\Boot::bootWeb(Object(Config\Paths))
CRITICAL - 2026-05-16 14:59:11 --> CodeIgniter\Database\Exceptions\DatabaseException: Unknown column 'kelas.id_pendidikan' in 'on clause'
[Method: GET, Route: kelas]
in SYSTEMPATH\Database\BaseConnection.php on line 865.
 1 SYSTEMPATH\Database\BaseBuilder.php(1649): CodeIgniter\Database\BaseConnection->query('SELECT `kelas`.*, `guru`.`nama_guru`, `pendidikan`.`nama`
FROM `kelas`
JOIN `guru` ON `guru`.`id` = `kelas`.`id_guru`
JOIN `pendidikan` ON `pendidikan`.`id_pendidikan` = `kelas`.`id_pendidikan`', [], false)
 2 SYSTEMPATH\Model.php(253): CodeIgniter\Database\BaseBuilder->get()
 3 SYSTEMPATH\BaseModel.php(676): CodeIgniter\Model->doFindAll(0, 0)
 4 APPPATH\Controllers\Kelas.php(29): CodeIgniter\BaseModel->findAll()
 5 SYSTEMPATH\CodeIgniter.php(951): App\Controllers\Kelas->index()
 6 SYSTEMPATH\CodeIgniter.php(497): CodeIgniter\CodeIgniter->runController(Object(App\Controllers\Kelas))
 7 SYSTEMPATH\CodeIgniter.php(340): CodeIgniter\CodeIgniter->handleRequest(null, Object(Config\Cache), false)
 8 SYSTEMPATH\Boot.php(417): CodeIgniter\CodeIgniter->run()
 9 SYSTEMPATH\Boot.php(68): CodeIgniter\Boot::runCodeIgniter(Object(CodeIgniter\CodeIgniter))
10 FCPATH\index.php(59): CodeIgniter\Boot::bootWeb(Object(Config\Paths))
CRITICAL - 2026-05-16 14:59:11 --> [Caused by] CodeIgniter\Database\Exceptions\DatabaseException: Unknown column 'kelas.id_pendidikan' in 'on clause'
in SYSTEMPATH\Database\MySQLi\Connection.php on line 310.
 1 SYSTEMPATH\Database\BaseConnection.php(910): CodeIgniter\Database\MySQLi\Connection->execute('SELECT `kelas`.*, `guru`.`nama_guru`, `pendidikan`.`nama`
FROM `kelas`
JOIN `guru` ON `guru`.`id` = `kelas`.`id_guru`
JOIN `pendidikan` ON `pendidikan`.`id_pendidikan` = `kelas`.`id_pendidikan`')
 2 SYSTEMPATH\Database\BaseConnection.php(827): CodeIgniter\Database\BaseConnection->simpleQuery('SELECT `kelas`.*, `guru`.`nama_guru`, `pendidikan`.`nama`
FROM `kelas`
JOIN `guru` ON `guru`.`id` = `kelas`.`id_guru`
JOIN `pendidikan` ON `pendidikan`.`id_pendidikan` = `kelas`.`id_pendidikan`')
 3 SYSTEMPATH\Database\BaseBuilder.php(1649): CodeIgniter\Database\BaseConnection->query('SELECT `kelas`.*, `guru`.`nama_guru`, `pendidikan`.`nama`
FROM `kelas`
JOIN `guru` ON `guru`.`id` = `kelas`.`id_guru`
JOIN `pendidikan` ON `pendidikan`.`id_pendidikan` = `kelas`.`id_pendidikan`', [], false)
 4 SYSTEMPATH\Model.php(253): CodeIgniter\Database\BaseBuilder->get()
 5 SYSTEMPATH\BaseModel.php(676): CodeIgniter\Model->doFindAll(0, 0)
 6 APPPATH\Controllers\Kelas.php(29): CodeIgniter\BaseModel->findAll()
 7 SYSTEMPATH\CodeIgniter.php(951): App\Controllers\Kelas->index()
 8 SYSTEMPATH\CodeIgniter.php(497): CodeIgniter\CodeIgniter->runController(Object(App\Controllers\Kelas))
 9 SYSTEMPATH\CodeIgniter.php(340): CodeIgniter\CodeIgniter->handleRequest(null, Object(Config\Cache), false)
10 SYSTEMPATH\Boot.php(417): CodeIgniter\CodeIgniter->run()
11 SYSTEMPATH\Boot.php(68): CodeIgniter\Boot::runCodeIgniter(Object(CodeIgniter\CodeIgniter))
12 FCPATH\index.php(59): CodeIgniter\Boot::bootWeb(Object(Config\Paths))
CRITICAL - 2026-05-16 14:59:11 --> [Caused by] mysqli_sql_exception: Unknown column 'kelas.id_pendidikan' in 'on clause'
in SYSTEMPATH\Database\MySQLi\Connection.php on line 300.
 1 SYSTEMPATH\Database\MySQLi\Connection.php(300): mysqli->query('SELECT `kelas`.*, `guru`.`nama_guru`, `pendidikan`.`nama`
FROM `kelas`
JOIN `guru` ON `guru`.`id` = `kelas`.`id_guru`
JOIN `pendidikan` ON `pendidikan`.`id_pendidikan` = `kelas`.`id_pendidikan`', 0)
 2 SYSTEMPATH\Database\BaseConnection.php(910): CodeIgniter\Database\MySQLi\Connection->execute('SELECT `kelas`.*, `guru`.`nama_guru`, `pendidikan`.`nama`
FROM `kelas`
JOIN `guru` ON `guru`.`id` = `kelas`.`id_guru`
JOIN `pendidikan` ON `pendidikan`.`id_pendidikan` = `kelas`.`id_pendidikan`')
 3 SYSTEMPATH\Database\BaseConnection.php(827): CodeIgniter\Database\BaseConnection->simpleQuery('SELECT `kelas`.*, `guru`.`nama_guru`, `pendidikan`.`nama`
FROM `kelas`
JOIN `guru` ON `guru`.`id` = `kelas`.`id_guru`
JOIN `pendidikan` ON `pendidikan`.`id_pendidikan` = `kelas`.`id_pendidikan`')
 4 SYSTEMPATH\Database\BaseBuilder.php(1649): CodeIgniter\Database\BaseConnection->query('SELECT `kelas`.*, `guru`.`nama_guru`, `pendidikan`.`nama`
FROM `kelas`
JOIN `guru` ON `guru`.`id` = `kelas`.`id_guru`
JOIN `pendidikan` ON `pendidikan`.`id_pendidikan` = `kelas`.`id_pendidikan`', [], false)
 5 SYSTEMPATH\Model.php(253): CodeIgniter\Database\BaseBuilder->get()
 6 SYSTEMPATH\BaseModel.php(676): CodeIgniter\Model->doFindAll(0, 0)
 7 APPPATH\Controllers\Kelas.php(29): CodeIgniter\BaseModel->findAll()
 8 SYSTEMPATH\CodeIgniter.php(951): App\Controllers\Kelas->index()
 9 SYSTEMPATH\CodeIgniter.php(497): CodeIgniter\CodeIgniter->runController(Object(App\Controllers\Kelas))
10 SYSTEMPATH\CodeIgniter.php(340): CodeIgniter\CodeIgniter->handleRequest(null, Object(Config\Cache), false)
11 SYSTEMPATH\Boot.php(417): CodeIgniter\CodeIgniter->run()
12 SYSTEMPATH\Boot.php(68): CodeIgniter\Boot::runCodeIgniter(Object(CodeIgniter\CodeIgniter))
13 FCPATH\index.php(59): CodeIgniter\Boot::bootWeb(Object(Config\Paths))
ERROR - 2026-05-16 14:59:11 --> Unknown column 'kelas.id_pendidikan' in 'on clause'
in SYSTEMPATH\Database\MySQLi\Connection.php on line 300.
 1 SYSTEMPATH\Database\MySQLi\Connection.php(300): mysqli->query('SELECT `kelas`.*, `guru`.`nama_guru`, `pendidikan`.`nama`
FROM `kelas`
JOIN `guru` ON `guru`.`id` = `kelas`.`id_guru`
JOIN `pendidikan` ON `pendidikan`.`id_pendidikan` = `kelas`.`id_pendidikan`', 0)
 2 SYSTEMPATH\Database\BaseConnection.php(910): CodeIgniter\Database\MySQLi\Connection->execute('SELECT `kelas`.*, `guru`.`nama_guru`, `pendidikan`.`nama`
FROM `kelas`
JOIN `guru` ON `guru`.`id` = `kelas`.`id_guru`
JOIN `pendidikan` ON `pendidikan`.`id_pendidikan` = `kelas`.`id_pendidikan`')
 3 SYSTEMPATH\Database\BaseConnection.php(827): CodeIgniter\Database\BaseConnection->simpleQuery('SELECT `kelas`.*, `guru`.`nama_guru`, `pendidikan`.`nama`
FROM `kelas`
JOIN `guru` ON `guru`.`id` = `kelas`.`id_guru`
JOIN `pendidikan` ON `pendidikan`.`id_pendidikan` = `kelas`.`id_pendidikan`')
 4 SYSTEMPATH\Database\BaseBuilder.php(1649): CodeIgniter\Database\BaseConnection->query('SELECT `kelas`.*, `guru`.`nama_guru`, `pendidikan`.`nama`
FROM `kelas`
JOIN `guru` ON `guru`.`id` = `kelas`.`id_guru`
JOIN `pendidikan` ON `pendidikan`.`id_pendidikan` = `kelas`.`id_pendidikan`', [], false)
 5 SYSTEMPATH\Model.php(253): CodeIgniter\Database\BaseBuilder->get()
 6 SYSTEMPATH\BaseModel.php(676): CodeIgniter\Model->doFindAll(0, 0)
 7 APPPATH\Controllers\Kelas.php(29): CodeIgniter\BaseModel->findAll()
 8 SYSTEMPATH\CodeIgniter.php(951): App\Controllers\Kelas->index()
 9 SYSTEMPATH\CodeIgniter.php(497): CodeIgniter\CodeIgniter->runController(Object(App\Controllers\Kelas))
10 SYSTEMPATH\CodeIgniter.php(340): CodeIgniter\CodeIgniter->handleRequest(null, Object(Config\Cache), false)
11 SYSTEMPATH\Boot.php(417): CodeIgniter\CodeIgniter->run()
12 SYSTEMPATH\Boot.php(68): CodeIgniter\Boot::runCodeIgniter(Object(CodeIgniter\CodeIgniter))
13 FCPATH\index.php(59): CodeIgniter\Boot::bootWeb(Object(Config\Paths))
CRITICAL - 2026-05-16 14:59:11 --> CodeIgniter\Database\Exceptions\DatabaseException: Unknown column 'kelas.id_pendidikan' in 'on clause'
[Method: GET, Route: kelas]
in SYSTEMPATH\Database\BaseConnection.php on line 865.
 1 SYSTEMPATH\Database\BaseBuilder.php(1649): CodeIgniter\Database\BaseConnection->query('SELECT `kelas`.*, `guru`.`nama_guru`, `pendidikan`.`nama`
FROM `kelas`
JOIN `guru` ON `guru`.`id` = `kelas`.`id_guru`
JOIN `pendidikan` ON `pendidikan`.`id_pendidikan` = `kelas`.`id_pendidikan`', [], false)
 2 SYSTEMPATH\Model.php(253): CodeIgniter\Database\BaseBuilder->get()
 3 SYSTEMPATH\BaseModel.php(676): CodeIgniter\Model->doFindAll(0, 0)
 4 APPPATH\Controllers\Kelas.php(29): CodeIgniter\BaseModel->findAll()
 5 SYSTEMPATH\CodeIgniter.php(951): App\Controllers\Kelas->index()
 6 SYSTEMPATH\CodeIgniter.php(497): CodeIgniter\CodeIgniter->runController(Object(App\Controllers\Kelas))
 7 SYSTEMPATH\CodeIgniter.php(340): CodeIgniter\CodeIgniter->handleRequest(null, Object(Config\Cache), false)
 8 SYSTEMPATH\Boot.php(417): CodeIgniter\CodeIgniter->run()
 9 SYSTEMPATH\Boot.php(68): CodeIgniter\Boot::runCodeIgniter(Object(CodeIgniter\CodeIgniter))
10 FCPATH\index.php(59): CodeIgniter\Boot::bootWeb(Object(Config\Paths))
CRITICAL - 2026-05-16 14:59:11 --> [Caused by] CodeIgniter\Database\Exceptions\DatabaseException: Unknown column 'kelas.id_pendidikan' in 'on clause'
in SYSTEMPATH\Database\MySQLi\Connection.php on line 310.
 1 SYSTEMPATH\Database\BaseConnection.php(910): CodeIgniter\Database\MySQLi\Connection->execute('SELECT `kelas`.*, `guru`.`nama_guru`, `pendidikan`.`nama`
FROM `kelas`
JOIN `guru` ON `guru`.`id` = `kelas`.`id_guru`
JOIN `pendidikan` ON `pendidikan`.`id_pendidikan` = `kelas`.`id_pendidikan`')
 2 SYSTEMPATH\Database\BaseConnection.php(827): CodeIgniter\Database\BaseConnection->simpleQuery('SELECT `kelas`.*, `guru`.`nama_guru`, `pendidikan`.`nama`
FROM `kelas`
JOIN `guru` ON `guru`.`id` = `kelas`.`id_guru`
JOIN `pendidikan` ON `pendidikan`.`id_pendidikan` = `kelas`.`id_pendidikan`')
 3 SYSTEMPATH\Database\BaseBuilder.php(1649): CodeIgniter\Database\BaseConnection->query('SELECT `kelas`.*, `guru`.`nama_guru`, `pendidikan`.`nama`
FROM `kelas`
JOIN `guru` ON `guru`.`id` = `kelas`.`id_guru`
JOIN `pendidikan` ON `pendidikan`.`id_pendidikan` = `kelas`.`id_pendidikan`', [], false)
 4 SYSTEMPATH\Model.php(253): CodeIgniter\Database\BaseBuilder->get()
 5 SYSTEMPATH\BaseModel.php(676): CodeIgniter\Model->doFindAll(0, 0)
 6 APPPATH\Controllers\Kelas.php(29): CodeIgniter\BaseModel->findAll()
 7 SYSTEMPATH\CodeIgniter.php(951): App\Controllers\Kelas->index()
 8 SYSTEMPATH\CodeIgniter.php(497): CodeIgniter\CodeIgniter->runController(Object(App\Controllers\Kelas))
 9 SYSTEMPATH\CodeIgniter.php(340): CodeIgniter\CodeIgniter->handleRequest(null, Object(Config\Cache), false)
10 SYSTEMPATH\Boot.php(417): CodeIgniter\CodeIgniter->run()
11 SYSTEMPATH\Boot.php(68): CodeIgniter\Boot::runCodeIgniter(Object(CodeIgniter\CodeIgniter))
12 FCPATH\index.php(59): CodeIgniter\Boot::bootWeb(Object(Config\Paths))
CRITICAL - 2026-05-16 14:59:11 --> [Caused by] mysqli_sql_exception: Unknown column 'kelas.id_pendidikan' in 'on clause'
in SYSTEMPATH\Database\MySQLi\Connection.php on line 300.
 1 SYSTEMPATH\Database\MySQLi\Connection.php(300): mysqli->query('SELECT `kelas`.*, `guru`.`nama_guru`, `pendidikan`.`nama`
FROM `kelas`
JOIN `guru` ON `guru`.`id` = `kelas`.`id_guru`
JOIN `pendidikan` ON `pendidikan`.`id_pendidikan` = `kelas`.`id_pendidikan`', 0)
 2 SYSTEMPATH\Database\BaseConnection.php(910): CodeIgniter\Database\MySQLi\Connection->execute('SELECT `kelas`.*, `guru`.`nama_guru`, `pendidikan`.`nama`
FROM `kelas`
JOIN `guru` ON `guru`.`id` = `kelas`.`id_guru`
JOIN `pendidikan` ON `pendidikan`.`id_pendidikan` = `kelas`.`id_pendidikan`')
 3 SYSTEMPATH\Database\BaseConnection.php(827): CodeIgniter\Database\BaseConnection->simpleQuery('SELECT `kelas`.*, `guru`.`nama_guru`, `pendidikan`.`nama`
FROM `kelas`
JOIN `guru` ON `guru`.`id` = `kelas`.`id_guru`
JOIN `pendidikan` ON `pendidikan`.`id_pendidikan` = `kelas`.`id_pendidikan`')
 4 SYSTEMPATH\Database\BaseBuilder.php(1649): CodeIgniter\Database\BaseConnection->query('SELECT `kelas`.*, `guru`.`nama_guru`, `pendidikan`.`nama`
FROM `kelas`
JOIN `guru` ON `guru`.`id` = `kelas`.`id_guru`
JOIN `pendidikan` ON `pendidikan`.`id_pendidikan` = `kelas`.`id_pendidikan`', [], false)
 5 SYSTEMPATH\Model.php(253): CodeIgniter\Database\BaseBuilder->get()
 6 SYSTEMPATH\BaseModel.php(676): CodeIgniter\Model->doFindAll(0, 0)
 7 APPPATH\Controllers\Kelas.php(29): CodeIgniter\BaseModel->findAll()
 8 SYSTEMPATH\CodeIgniter.php(951): App\Controllers\Kelas->index()
 9 SYSTEMPATH\CodeIgniter.php(497): CodeIgniter\CodeIgniter->runController(Object(App\Controllers\Kelas))
10 SYSTEMPATH\CodeIgniter.php(340): CodeIgniter\CodeIgniter->handleRequest(null, Object(Config\Cache), false)
11 SYSTEMPATH\Boot.php(417): CodeIgniter\CodeIgniter->run()
12 SYSTEMPATH\Boot.php(68): CodeIgniter\Boot::runCodeIgniter(Object(CodeIgniter\CodeIgniter))
13 FCPATH\index.php(59): CodeIgniter\Boot::bootWeb(Object(Config\Paths))
ERROR - 2026-05-16 14:59:24 --> Unknown column 'kelas.id_pendidikan' in 'on clause'
in SYSTEMPATH\Database\MySQLi\Connection.php on line 300.
 1 SYSTEMPATH\Database\MySQLi\Connection.php(300): mysqli->query('SELECT `kelas`.*, `guru`.`nama_guru`, `pendidikan`.`nama`
FROM `kelas`
JOIN `guru` ON `guru`.`id` = `kelas`.`id_guru`
JOIN `pendidikan` ON `pendidikan`.`id_pendidikan` = `kelas`.`id_pendidikan`', 0)
 2 SYSTEMPATH\Database\BaseConnection.php(910): CodeIgniter\Database\MySQLi\Connection->execute('SELECT `kelas`.*, `guru`.`nama_guru`, `pendidikan`.`nama`
FROM `kelas`
JOIN `guru` ON `guru`.`id` = `kelas`.`id_guru`
JOIN `pendidikan` ON `pendidikan`.`id_pendidikan` = `kelas`.`id_pendidikan`')
 3 SYSTEMPATH\Database\BaseConnection.php(827): CodeIgniter\Database\BaseConnection->simpleQuery('SELECT `kelas`.*, `guru`.`nama_guru`, `pendidikan`.`nama`
FROM `kelas`
JOIN `guru` ON `guru`.`id` = `kelas`.`id_guru`
JOIN `pendidikan` ON `pendidikan`.`id_pendidikan` = `kelas`.`id_pendidikan`')
 4 SYSTEMPATH\Database\BaseBuilder.php(1649): CodeIgniter\Database\BaseConnection->query('SELECT `kelas`.*, `guru`.`nama_guru`, `pendidikan`.`nama`
FROM `kelas`
JOIN `guru` ON `guru`.`id` = `kelas`.`id_guru`
JOIN `pendidikan` ON `pendidikan`.`id_pendidikan` = `kelas`.`id_pendidikan`', [], false)
 5 SYSTEMPATH\Model.php(253): CodeIgniter\Database\BaseBuilder->get()
 6 SYSTEMPATH\BaseModel.php(676): CodeIgniter\Model->doFindAll(0, 0)
 7 APPPATH\Controllers\Kelas.php(29): CodeIgniter\BaseModel->findAll()
 8 SYSTEMPATH\CodeIgniter.php(951): App\Controllers\Kelas->index()
 9 SYSTEMPATH\CodeIgniter.php(497): CodeIgniter\CodeIgniter->runController(Object(App\Controllers\Kelas))
10 SYSTEMPATH\CodeIgniter.php(340): CodeIgniter\CodeIgniter->handleRequest(null, Object(Config\Cache), false)
11 SYSTEMPATH\Boot.php(417): CodeIgniter\CodeIgniter->run()
12 SYSTEMPATH\Boot.php(68): CodeIgniter\Boot::runCodeIgniter(Object(CodeIgniter\CodeIgniter))
13 FCPATH\index.php(59): CodeIgniter\Boot::bootWeb(Object(Config\Paths))
CRITICAL - 2026-05-16 14:59:24 --> CodeIgniter\Database\Exceptions\DatabaseException: Unknown column 'kelas.id_pendidikan' in 'on clause'
[Method: GET, Route: kelas]
in SYSTEMPATH\Database\BaseConnection.php on line 865.
 1 SYSTEMPATH\Database\BaseBuilder.php(1649): CodeIgniter\Database\BaseConnection->query('SELECT `kelas`.*, `guru`.`nama_guru`, `pendidikan`.`nama`
FROM `kelas`
JOIN `guru` ON `guru`.`id` = `kelas`.`id_guru`
JOIN `pendidikan` ON `pendidikan`.`id_pendidikan` = `kelas`.`id_pendidikan`', [], false)
 2 SYSTEMPATH\Model.php(253): CodeIgniter\Database\BaseBuilder->get()
 3 SYSTEMPATH\BaseModel.php(676): CodeIgniter\Model->doFindAll(0, 0)
 4 APPPATH\Controllers\Kelas.php(29): CodeIgniter\BaseModel->findAll()
 5 SYSTEMPATH\CodeIgniter.php(951): App\Controllers\Kelas->index()
 6 SYSTEMPATH\CodeIgniter.php(497): CodeIgniter\CodeIgniter->runController(Object(App\Controllers\Kelas))
 7 SYSTEMPATH\CodeIgniter.php(340): CodeIgniter\CodeIgniter->handleRequest(null, Object(Config\Cache), false)
 8 SYSTEMPATH\Boot.php(417): CodeIgniter\CodeIgniter->run()
 9 SYSTEMPATH\Boot.php(68): CodeIgniter\Boot::runCodeIgniter(Object(CodeIgniter\CodeIgniter))
10 FCPATH\index.php(59): CodeIgniter\Boot::bootWeb(Object(Config\Paths))
CRITICAL - 2026-05-16 14:59:24 --> [Caused by] CodeIgniter\Database\Exceptions\DatabaseException: Unknown column 'kelas.id_pendidikan' in 'on clause'
in SYSTEMPATH\Database\MySQLi\Connection.php on line 310.
 1 SYSTEMPATH\Database\BaseConnection.php(910): CodeIgniter\Database\MySQLi\Connection->execute('SELECT `kelas`.*, `guru`.`nama_guru`, `pendidikan`.`nama`
FROM `kelas`
JOIN `guru` ON `guru`.`id` = `kelas`.`id_guru`
JOIN `pendidikan` ON `pendidikan`.`id_pendidikan` = `kelas`.`id_pendidikan`')
 2 SYSTEMPATH\Database\BaseConnection.php(827): CodeIgniter\Database\BaseConnection->simpleQuery('SELECT `kelas`.*, `guru`.`nama_guru`, `pendidikan`.`nama`
FROM `kelas`
JOIN `guru` ON `guru`.`id` = `kelas`.`id_guru`
JOIN `pendidikan` ON `pendidikan`.`id_pendidikan` = `kelas`.`id_pendidikan`')
 3 SYSTEMPATH\Database\BaseBuilder.php(1649): CodeIgniter\Database\BaseConnection->query('SELECT `kelas`.*, `guru`.`nama_guru`, `pendidikan`.`nama`
FROM `kelas`
JOIN `guru` ON `guru`.`id` = `kelas`.`id_guru`
JOIN `pendidikan` ON `pendidikan`.`id_pendidikan` = `kelas`.`id_pendidikan`', [], false)
 4 SYSTEMPATH\Model.php(253): CodeIgniter\Database\BaseBuilder->get()
 5 SYSTEMPATH\BaseModel.php(676): CodeIgniter\Model->doFindAll(0, 0)
 6 APPPATH\Controllers\Kelas.php(29): CodeIgniter\BaseModel->findAll()
 7 SYSTEMPATH\CodeIgniter.php(951): App\Controllers\Kelas->index()
 8 SYSTEMPATH\CodeIgniter.php(497): CodeIgniter\CodeIgniter->runController(Object(App\Controllers\Kelas))
 9 SYSTEMPATH\CodeIgniter.php(340): CodeIgniter\CodeIgniter->handleRequest(null, Object(Config\Cache), false)
10 SYSTEMPATH\Boot.php(417): CodeIgniter\CodeIgniter->run()
11 SYSTEMPATH\Boot.php(68): CodeIgniter\Boot::runCodeIgniter(Object(CodeIgniter\CodeIgniter))
12 FCPATH\index.php(59): CodeIgniter\Boot::bootWeb(Object(Config\Paths))
CRITICAL - 2026-05-16 14:59:24 --> [Caused by] mysqli_sql_exception: Unknown column 'kelas.id_pendidikan' in 'on clause'
in SYSTEMPATH\Database\MySQLi\Connection.php on line 300.
 1 SYSTEMPATH\Database\MySQLi\Connection.php(300): mysqli->query('SELECT `kelas`.*, `guru`.`nama_guru`, `pendidikan`.`nama`
FROM `kelas`
JOIN `guru` ON `guru`.`id` = `kelas`.`id_guru`
JOIN `pendidikan` ON `pendidikan`.`id_pendidikan` = `kelas`.`id_pendidikan`', 0)
 2 SYSTEMPATH\Database\BaseConnection.php(910): CodeIgniter\Database\MySQLi\Connection->execute('SELECT `kelas`.*, `guru`.`nama_guru`, `pendidikan`.`nama`
FROM `kelas`
JOIN `guru` ON `guru`.`id` = `kelas`.`id_guru`
JOIN `pendidikan` ON `pendidikan`.`id_pendidikan` = `kelas`.`id_pendidikan`')
 3 SYSTEMPATH\Database\BaseConnection.php(827): CodeIgniter\Database\BaseConnection->simpleQuery('SELECT `kelas`.*, `guru`.`nama_guru`, `pendidikan`.`nama`
FROM `kelas`
JOIN `guru` ON `guru`.`id` = `kelas`.`id_guru`
JOIN `pendidikan` ON `pendidikan`.`id_pendidikan` = `kelas`.`id_pendidikan`')
 4 SYSTEMPATH\Database\BaseBuilder.php(1649): CodeIgniter\Database\BaseConnection->query('SELECT `kelas`.*, `guru`.`nama_guru`, `pendidikan`.`nama`
FROM `kelas`
JOIN `guru` ON `guru`.`id` = `kelas`.`id_guru`
JOIN `pendidikan` ON `pendidikan`.`id_pendidikan` = `kelas`.`id_pendidikan`', [], false)
 5 SYSTEMPATH\Model.php(253): CodeIgniter\Database\BaseBuilder->get()
 6 SYSTEMPATH\BaseModel.php(676): CodeIgniter\Model->doFindAll(0, 0)
 7 APPPATH\Controllers\Kelas.php(29): CodeIgniter\BaseModel->findAll()
 8 SYSTEMPATH\CodeIgniter.php(951): App\Controllers\Kelas->index()
 9 SYSTEMPATH\CodeIgniter.php(497): CodeIgniter\CodeIgniter->runController(Object(App\Controllers\Kelas))
10 SYSTEMPATH\CodeIgniter.php(340): CodeIgniter\CodeIgniter->handleRequest(null, Object(Config\Cache), false)
11 SYSTEMPATH\Boot.php(417): CodeIgniter\CodeIgniter->run()
12 SYSTEMPATH\Boot.php(68): CodeIgniter\Boot::runCodeIgniter(Object(CodeIgniter\CodeIgniter))
13 FCPATH\index.php(59): CodeIgniter\Boot::bootWeb(Object(Config\Paths))
ERROR - 2026-05-16 15:00:30 --> Unknown column 'kelas.id_pendidikan' in 'on clause'
in SYSTEMPATH\Database\MySQLi\Connection.php on line 300.
 1 SYSTEMPATH\Database\MySQLi\Connection.php(300): mysqli->query('SELECT `kelas`.*, `guru`.`nama_guru`, `pendidikan`.`nama`
FROM `kelas`
JOIN `guru` ON `guru`.`id` = `kelas`.`id_guru`
JOIN `pendidikan` ON `pendidikan`.`id_pendidikan` = `kelas`.`id_pendidikan`', 0)
 2 SYSTEMPATH\Database\BaseConnection.php(910): CodeIgniter\Database\MySQLi\Connection->execute('SELECT `kelas`.*, `guru`.`nama_guru`, `pendidikan`.`nama`
FROM `kelas`
JOIN `guru` ON `guru`.`id` = `kelas`.`id_guru`
JOIN `pendidikan` ON `pendidikan`.`id_pendidikan` = `kelas`.`id_pendidikan`')
 3 SYSTEMPATH\Database\BaseConnection.php(827): CodeIgniter\Database\BaseConnection->simpleQuery('SELECT `kelas`.*, `guru`.`nama_guru`, `pendidikan`.`nama`
FROM `kelas`
JOIN `guru` ON `guru`.`id` = `kelas`.`id_guru`
JOIN `pendidikan` ON `pendidikan`.`id_pendidikan` = `kelas`.`id_pendidikan`')
 4 SYSTEMPATH\Database\BaseBuilder.php(1649): CodeIgniter\Database\BaseConnection->query('SELECT `kelas`.*, `guru`.`nama_guru`, `pendidikan`.`nama`
FROM `kelas`
JOIN `guru` ON `guru`.`id` = `kelas`.`id_guru`
JOIN `pendidikan` ON `pendidikan`.`id_pendidikan` = `kelas`.`id_pendidikan`', [], false)
 5 SYSTEMPATH\Model.php(253): CodeIgniter\Database\BaseBuilder->get()
 6 SYSTEMPATH\BaseModel.php(676): CodeIgniter\Model->doFindAll(0, 0)
 7 APPPATH\Controllers\Kelas.php(29): CodeIgniter\BaseModel->findAll()
 8 SYSTEMPATH\CodeIgniter.php(951): App\Controllers\Kelas->index()
 9 SYSTEMPATH\CodeIgniter.php(497): CodeIgniter\CodeIgniter->runController(Object(App\Controllers\Kelas))
10 SYSTEMPATH\CodeIgniter.php(340): CodeIgniter\CodeIgniter->handleRequest(null, Object(Config\Cache), false)
11 SYSTEMPATH\Boot.php(417): CodeIgniter\CodeIgniter->run()
12 SYSTEMPATH\Boot.php(68): CodeIgniter\Boot::runCodeIgniter(Object(CodeIgniter\CodeIgniter))
13 FCPATH\index.php(59): CodeIgniter\Boot::bootWeb(Object(Config\Paths))
CRITICAL - 2026-05-16 15:00:30 --> CodeIgniter\Database\Exceptions\DatabaseException: Unknown column 'kelas.id_pendidikan' in 'on clause'
[Method: GET, Route: kelas]
in SYSTEMPATH\Database\BaseConnection.php on line 865.
 1 SYSTEMPATH\Database\BaseBuilder.php(1649): CodeIgniter\Database\BaseConnection->query('SELECT `kelas`.*, `guru`.`nama_guru`, `pendidikan`.`nama`
FROM `kelas`
JOIN `guru` ON `guru`.`id` = `kelas`.`id_guru`
JOIN `pendidikan` ON `pendidikan`.`id_pendidikan` = `kelas`.`id_pendidikan`', [], false)
 2 SYSTEMPATH\Model.php(253): CodeIgniter\Database\BaseBuilder->get()
 3 SYSTEMPATH\BaseModel.php(676): CodeIgniter\Model->doFindAll(0, 0)
 4 APPPATH\Controllers\Kelas.php(29): CodeIgniter\BaseModel->findAll()
 5 SYSTEMPATH\CodeIgniter.php(951): App\Controllers\Kelas->index()
 6 SYSTEMPATH\CodeIgniter.php(497): CodeIgniter\CodeIgniter->runController(Object(App\Controllers\Kelas))
 7 SYSTEMPATH\CodeIgniter.php(340): CodeIgniter\CodeIgniter->handleRequest(null, Object(Config\Cache), false)
 8 SYSTEMPATH\Boot.php(417): CodeIgniter\CodeIgniter->run()
 9 SYSTEMPATH\Boot.php(68): CodeIgniter\Boot::runCodeIgniter(Object(CodeIgniter\CodeIgniter))
10 FCPATH\index.php(59): CodeIgniter\Boot::bootWeb(Object(Config\Paths))
CRITICAL - 2026-05-16 15:00:30 --> [Caused by] CodeIgniter\Database\Exceptions\DatabaseException: Unknown column 'kelas.id_pendidikan' in 'on clause'
in SYSTEMPATH\Database\MySQLi\Connection.php on line 310.
 1 SYSTEMPATH\Database\BaseConnection.php(910): CodeIgniter\Database\MySQLi\Connection->execute('SELECT `kelas`.*, `guru`.`nama_guru`, `pendidikan`.`nama`
FROM `kelas`
JOIN `guru` ON `guru`.`id` = `kelas`.`id_guru`
JOIN `pendidikan` ON `pendidikan`.`id_pendidikan` = `kelas`.`id_pendidikan`')
 2 SYSTEMPATH\Database\BaseConnection.php(827): CodeIgniter\Database\BaseConnection->simpleQuery('SELECT `kelas`.*, `guru`.`nama_guru`, `pendidikan`.`nama`
FROM `kelas`
JOIN `guru` ON `guru`.`id` = `kelas`.`id_guru`
JOIN `pendidikan` ON `pendidikan`.`id_pendidikan` = `kelas`.`id_pendidikan`')
 3 SYSTEMPATH\Database\BaseBuilder.php(1649): CodeIgniter\Database\BaseConnection->query('SELECT `kelas`.*, `guru`.`nama_guru`, `pendidikan`.`nama`
FROM `kelas`
JOIN `guru` ON `guru`.`id` = `kelas`.`id_guru`
JOIN `pendidikan` ON `pendidikan`.`id_pendidikan` = `kelas`.`id_pendidikan`', [], false)
 4 SYSTEMPATH\Model.php(253): CodeIgniter\Database\BaseBuilder->get()
 5 SYSTEMPATH\BaseModel.php(676): CodeIgniter\Model->doFindAll(0, 0)
 6 APPPATH\Controllers\Kelas.php(29): CodeIgniter\BaseModel->findAll()
 7 SYSTEMPATH\CodeIgniter.php(951): App\Controllers\Kelas->index()
 8 SYSTEMPATH\CodeIgniter.php(497): CodeIgniter\CodeIgniter->runController(Object(App\Controllers\Kelas))
 9 SYSTEMPATH\CodeIgniter.php(340): CodeIgniter\CodeIgniter->handleRequest(null, Object(Config\Cache), false)
10 SYSTEMPATH\Boot.php(417): CodeIgniter\CodeIgniter->run()
11 SYSTEMPATH\Boot.php(68): CodeIgniter\Boot::runCodeIgniter(Object(CodeIgniter\CodeIgniter))
12 FCPATH\index.php(59): CodeIgniter\Boot::bootWeb(Object(Config\Paths))
CRITICAL - 2026-05-16 15:00:30 --> [Caused by] mysqli_sql_exception: Unknown column 'kelas.id_pendidikan' in 'on clause'
in SYSTEMPATH\Database\MySQLi\Connection.php on line 300.
 1 SYSTEMPATH\Database\MySQLi\Connection.php(300): mysqli->query('SELECT `kelas`.*, `guru`.`nama_guru`, `pendidikan`.`nama`
FROM `kelas`
JOIN `guru` ON `guru`.`id` = `kelas`.`id_guru`
JOIN `pendidikan` ON `pendidikan`.`id_pendidikan` = `kelas`.`id_pendidikan`', 0)
 2 SYSTEMPATH\Database\BaseConnection.php(910): CodeIgniter\Database\MySQLi\Connection->execute('SELECT `kelas`.*, `guru`.`nama_guru`, `pendidikan`.`nama`
FROM `kelas`
JOIN `guru` ON `guru`.`id` = `kelas`.`id_guru`
JOIN `pendidikan` ON `pendidikan`.`id_pendidikan` = `kelas`.`id_pendidikan`')
 3 SYSTEMPATH\Database\BaseConnection.php(827): CodeIgniter\Database\BaseConnection->simpleQuery('SELECT `kelas`.*, `guru`.`nama_guru`, `pendidikan`.`nama`
FROM `kelas`
JOIN `guru` ON `guru`.`id` = `kelas`.`id_guru`
JOIN `pendidikan` ON `pendidikan`.`id_pendidikan` = `kelas`.`id_pendidikan`')
 4 SYSTEMPATH\Database\BaseBuilder.php(1649): CodeIgniter\Database\BaseConnection->query('SELECT `kelas`.*, `guru`.`nama_guru`, `pendidikan`.`nama`
FROM `kelas`
JOIN `guru` ON `guru`.`id` = `kelas`.`id_guru`
JOIN `pendidikan` ON `pendidikan`.`id_pendidikan` = `kelas`.`id_pendidikan`', [], false)
 5 SYSTEMPATH\Model.php(253): CodeIgniter\Database\BaseBuilder->get()
 6 SYSTEMPATH\BaseModel.php(676): CodeIgniter\Model->doFindAll(0, 0)
 7 APPPATH\Controllers\Kelas.php(29): CodeIgniter\BaseModel->findAll()
 8 SYSTEMPATH\CodeIgniter.php(951): App\Controllers\Kelas->index()
 9 SYSTEMPATH\CodeIgniter.php(497): CodeIgniter\CodeIgniter->runController(Object(App\Controllers\Kelas))
10 SYSTEMPATH\CodeIgniter.php(340): CodeIgniter\CodeIgniter->handleRequest(null, Object(Config\Cache), false)
11 SYSTEMPATH\Boot.php(417): CodeIgniter\CodeIgniter->run()
12 SYSTEMPATH\Boot.php(68): CodeIgniter\Boot::runCodeIgniter(Object(CodeIgniter\CodeIgniter))
13 FCPATH\index.php(59): CodeIgniter\Boot::bootWeb(Object(Config\Paths))
ERROR - 2026-05-16 15:00:31 --> Unknown column 'kelas.id_pendidikan' in 'on clause'
in SYSTEMPATH\Database\MySQLi\Connection.php on line 300.
 1 SYSTEMPATH\Database\MySQLi\Connection.php(300): mysqli->query('SELECT `kelas`.*, `guru`.`nama_guru`, `pendidikan`.`nama`
FROM `kelas`
JOIN `guru` ON `guru`.`id` = `kelas`.`id_guru`
JOIN `pendidikan` ON `pendidikan`.`id_pendidikan` = `kelas`.`id_pendidikan`', 0)
 2 SYSTEMPATH\Database\BaseConnection.php(910): CodeIgniter\Database\MySQLi\Connection->execute('SELECT `kelas`.*, `guru`.`nama_guru`, `pendidikan`.`nama`
FROM `kelas`
JOIN `guru` ON `guru`.`id` = `kelas`.`id_guru`
JOIN `pendidikan` ON `pendidikan`.`id_pendidikan` = `kelas`.`id_pendidikan`')
 3 SYSTEMPATH\Database\BaseConnection.php(827): CodeIgniter\Database\BaseConnection->simpleQuery('SELECT `kelas`.*, `guru`.`nama_guru`, `pendidikan`.`nama`
FROM `kelas`
JOIN `guru` ON `guru`.`id` = `kelas`.`id_guru`
JOIN `pendidikan` ON `pendidikan`.`id_pendidikan` = `kelas`.`id_pendidikan`')
 4 SYSTEMPATH\Database\BaseBuilder.php(1649): CodeIgniter\Database\BaseConnection->query('SELECT `kelas`.*, `guru`.`nama_guru`, `pendidikan`.`nama`
FROM `kelas`
JOIN `guru` ON `guru`.`id` = `kelas`.`id_guru`
JOIN `pendidikan` ON `pendidikan`.`id_pendidikan` = `kelas`.`id_pendidikan`', [], false)
 5 SYSTEMPATH\Model.php(253): CodeIgniter\Database\BaseBuilder->get()
 6 SYSTEMPATH\BaseModel.php(676): CodeIgniter\Model->doFindAll(0, 0)
 7 APPPATH\Controllers\Kelas.php(29): CodeIgniter\BaseModel->findAll()
 8 SYSTEMPATH\CodeIgniter.php(951): App\Controllers\Kelas->index()
 9 SYSTEMPATH\CodeIgniter.php(497): CodeIgniter\CodeIgniter->runController(Object(App\Controllers\Kelas))
10 SYSTEMPATH\CodeIgniter.php(340): CodeIgniter\CodeIgniter->handleRequest(null, Object(Config\Cache), false)
11 SYSTEMPATH\Boot.php(417): CodeIgniter\CodeIgniter->run()
12 SYSTEMPATH\Boot.php(68): CodeIgniter\Boot::runCodeIgniter(Object(CodeIgniter\CodeIgniter))
13 FCPATH\index.php(59): CodeIgniter\Boot::bootWeb(Object(Config\Paths))
CRITICAL - 2026-05-16 15:00:31 --> CodeIgniter\Database\Exceptions\DatabaseException: Unknown column 'kelas.id_pendidikan' in 'on clause'
[Method: GET, Route: kelas]
in SYSTEMPATH\Database\BaseConnection.php on line 865.
 1 SYSTEMPATH\Database\BaseBuilder.php(1649): CodeIgniter\Database\BaseConnection->query('SELECT `kelas`.*, `guru`.`nama_guru`, `pendidikan`.`nama`
FROM `kelas`
JOIN `guru` ON `guru`.`id` = `kelas`.`id_guru`
JOIN `pendidikan` ON `pendidikan`.`id_pendidikan` = `kelas`.`id_pendidikan`', [], false)
 2 SYSTEMPATH\Model.php(253): CodeIgniter\Database\BaseBuilder->get()
 3 SYSTEMPATH\BaseModel.php(676): CodeIgniter\Model->doFindAll(0, 0)
 4 APPPATH\Controllers\Kelas.php(29): CodeIgniter\BaseModel->findAll()
 5 SYSTEMPATH\CodeIgniter.php(951): App\Controllers\Kelas->index()
 6 SYSTEMPATH\CodeIgniter.php(497): CodeIgniter\CodeIgniter->runController(Object(App\Controllers\Kelas))
 7 SYSTEMPATH\CodeIgniter.php(340): CodeIgniter\CodeIgniter->handleRequest(null, Object(Config\Cache), false)
 8 SYSTEMPATH\Boot.php(417): CodeIgniter\CodeIgniter->run()
 9 SYSTEMPATH\Boot.php(68): CodeIgniter\Boot::runCodeIgniter(Object(CodeIgniter\CodeIgniter))
10 FCPATH\index.php(59): CodeIgniter\Boot::bootWeb(Object(Config\Paths))
CRITICAL - 2026-05-16 15:00:31 --> [Caused by] CodeIgniter\Database\Exceptions\DatabaseException: Unknown column 'kelas.id_pendidikan' in 'on clause'
in SYSTEMPATH\Database\MySQLi\Connection.php on line 310.
 1 SYSTEMPATH\Database\BaseConnection.php(910): CodeIgniter\Database\MySQLi\Connection->execute('SELECT `kelas`.*, `guru`.`nama_guru`, `pendidikan`.`nama`
FROM `kelas`
JOIN `guru` ON `guru`.`id` = `kelas`.`id_guru`
JOIN `pendidikan` ON `pendidikan`.`id_pendidikan` = `kelas`.`id_pendidikan`')
 2 SYSTEMPATH\Database\BaseConnection.php(827): CodeIgniter\Database\BaseConnection->simpleQuery('SELECT `kelas`.*, `guru`.`nama_guru`, `pendidikan`.`nama`
FROM `kelas`
JOIN `guru` ON `guru`.`id` = `kelas`.`id_guru`
JOIN `pendidikan` ON `pendidikan`.`id_pendidikan` = `kelas`.`id_pendidikan`')
 3 SYSTEMPATH\Database\BaseBuilder.php(1649): CodeIgniter\Database\BaseConnection->query('SELECT `kelas`.*, `guru`.`nama_guru`, `pendidikan`.`nama`
FROM `kelas`
JOIN `guru` ON `guru`.`id` = `kelas`.`id_guru`
JOIN `pendidikan` ON `pendidikan`.`id_pendidikan` = `kelas`.`id_pendidikan`', [], false)
 4 SYSTEMPATH\Model.php(253): CodeIgniter\Database\BaseBuilder->get()
 5 SYSTEMPATH\BaseModel.php(676): CodeIgniter\Model->doFindAll(0, 0)
 6 APPPATH\Controllers\Kelas.php(29): CodeIgniter\BaseModel->findAll()
 7 SYSTEMPATH\CodeIgniter.php(951): App\Controllers\Kelas->index()
 8 SYSTEMPATH\CodeIgniter.php(497): CodeIgniter\CodeIgniter->runController(Object(App\Controllers\Kelas))
 9 SYSTEMPATH\CodeIgniter.php(340): CodeIgniter\CodeIgniter->handleRequest(null, Object(Config\Cache), false)
10 SYSTEMPATH\Boot.php(417): CodeIgniter\CodeIgniter->run()
11 SYSTEMPATH\Boot.php(68): CodeIgniter\Boot::runCodeIgniter(Object(CodeIgniter\CodeIgniter))
12 FCPATH\index.php(59): CodeIgniter\Boot::bootWeb(Object(Config\Paths))
CRITICAL - 2026-05-16 15:00:31 --> [Caused by] mysqli_sql_exception: Unknown column 'kelas.id_pendidikan' in 'on clause'
in SYSTEMPATH\Database\MySQLi\Connection.php on line 300.
 1 SYSTEMPATH\Database\MySQLi\Connection.php(300): mysqli->query('SELECT `kelas`.*, `guru`.`nama_guru`, `pendidikan`.`nama`
FROM `kelas`
JOIN `guru` ON `guru`.`id` = `kelas`.`id_guru`
JOIN `pendidikan` ON `pendidikan`.`id_pendidikan` = `kelas`.`id_pendidikan`', 0)
 2 SYSTEMPATH\Database\BaseConnection.php(910): CodeIgniter\Database\MySQLi\Connection->execute('SELECT `kelas`.*, `guru`.`nama_guru`, `pendidikan`.`nama`
FROM `kelas`
JOIN `guru` ON `guru`.`id` = `kelas`.`id_guru`
JOIN `pendidikan` ON `pendidikan`.`id_pendidikan` = `kelas`.`id_pendidikan`')
 3 SYSTEMPATH\Database\BaseConnection.php(827): CodeIgniter\Database\BaseConnection->simpleQuery('SELECT `kelas`.*, `guru`.`nama_guru`, `pendidikan`.`nama`
FROM `kelas`
JOIN `guru` ON `guru`.`id` = `kelas`.`id_guru`
JOIN `pendidikan` ON `pendidikan`.`id_pendidikan` = `kelas`.`id_pendidikan`')
 4 SYSTEMPATH\Database\BaseBuilder.php(1649): CodeIgniter\Database\BaseConnection->query('SELECT `kelas`.*, `guru`.`nama_guru`, `pendidikan`.`nama`
FROM `kelas`
JOIN `guru` ON `guru`.`id` = `kelas`.`id_guru`
JOIN `pendidikan` ON `pendidikan`.`id_pendidikan` = `kelas`.`id_pendidikan`', [], false)
 5 SYSTEMPATH\Model.php(253): CodeIgniter\Database\BaseBuilder->get()
 6 SYSTEMPATH\BaseModel.php(676): CodeIgniter\Model->doFindAll(0, 0)
 7 APPPATH\Controllers\Kelas.php(29): CodeIgniter\BaseModel->findAll()
 8 SYSTEMPATH\CodeIgniter.php(951): App\Controllers\Kelas->index()
 9 SYSTEMPATH\CodeIgniter.php(497): CodeIgniter\CodeIgniter->runController(Object(App\Controllers\Kelas))
10 SYSTEMPATH\CodeIgniter.php(340): CodeIgniter\CodeIgniter->handleRequest(null, Object(Config\Cache), false)
11 SYSTEMPATH\Boot.php(417): CodeIgniter\CodeIgniter->run()
12 SYSTEMPATH\Boot.php(68): CodeIgniter\Boot::runCodeIgniter(Object(CodeIgniter\CodeIgniter))
13 FCPATH\index.php(59): CodeIgniter\Boot::bootWeb(Object(Config\Paths))
ERROR - 2026-05-16 15:00:32 --> Unknown column 'kelas.id_pendidikan' in 'on clause'
in SYSTEMPATH\Database\MySQLi\Connection.php on line 300.
 1 SYSTEMPATH\Database\MySQLi\Connection.php(300): mysqli->query('SELECT `kelas`.*, `guru`.`nama_guru`, `pendidikan`.`nama`
FROM `kelas`
JOIN `guru` ON `guru`.`id` = `kelas`.`id_guru`
JOIN `pendidikan` ON `pendidikan`.`id_pendidikan` = `kelas`.`id_pendidikan`', 0)
 2 SYSTEMPATH\Database\BaseConnection.php(910): CodeIgniter\Database\MySQLi\Connection->execute('SELECT `kelas`.*, `guru`.`nama_guru`, `pendidikan`.`nama`
FROM `kelas`
JOIN `guru` ON `guru`.`id` = `kelas`.`id_guru`
JOIN `pendidikan` ON `pendidikan`.`id_pendidikan` = `kelas`.`id_pendidikan`')
 3 SYSTEMPATH\Database\BaseConnection.php(827): CodeIgniter\Database\BaseConnection->simpleQuery('SELECT `kelas`.*, `guru`.`nama_guru`, `pendidikan`.`nama`
FROM `kelas`
JOIN `guru` ON `guru`.`id` = `kelas`.`id_guru`
JOIN `pendidikan` ON `pendidikan`.`id_pendidikan` = `kelas`.`id_pendidikan`')
 4 SYSTEMPATH\Database\BaseBuilder.php(1649): CodeIgniter\Database\BaseConnection->query('SELECT `kelas`.*, `guru`.`nama_guru`, `pendidikan`.`nama`
FROM `kelas`
JOIN `guru` ON `guru`.`id` = `kelas`.`id_guru`
JOIN `pendidikan` ON `pendidikan`.`id_pendidikan` = `kelas`.`id_pendidikan`', [], false)
 5 SYSTEMPATH\Model.php(253): CodeIgniter\Database\BaseBuilder->get()
 6 SYSTEMPATH\BaseModel.php(676): CodeIgniter\Model->doFindAll(0, 0)
 7 APPPATH\Controllers\Kelas.php(29): CodeIgniter\BaseModel->findAll()
 8 SYSTEMPATH\CodeIgniter.php(951): App\Controllers\Kelas->index()
 9 SYSTEMPATH\CodeIgniter.php(497): CodeIgniter\CodeIgniter->runController(Object(App\Controllers\Kelas))
10 SYSTEMPATH\CodeIgniter.php(340): CodeIgniter\CodeIgniter->handleRequest(null, Object(Config\Cache), false)
11 SYSTEMPATH\Boot.php(417): CodeIgniter\CodeIgniter->run()
12 SYSTEMPATH\Boot.php(68): CodeIgniter\Boot::runCodeIgniter(Object(CodeIgniter\CodeIgniter))
13 FCPATH\index.php(59): CodeIgniter\Boot::bootWeb(Object(Config\Paths))
CRITICAL - 2026-05-16 15:00:32 --> CodeIgniter\Database\Exceptions\DatabaseException: Unknown column 'kelas.id_pendidikan' in 'on clause'
[Method: GET, Route: kelas]
in SYSTEMPATH\Database\BaseConnection.php on line 865.
 1 SYSTEMPATH\Database\BaseBuilder.php(1649): CodeIgniter\Database\BaseConnection->query('SELECT `kelas`.*, `guru`.`nama_guru`, `pendidikan`.`nama`
FROM `kelas`
JOIN `guru` ON `guru`.`id` = `kelas`.`id_guru`
JOIN `pendidikan` ON `pendidikan`.`id_pendidikan` = `kelas`.`id_pendidikan`', [], false)
 2 SYSTEMPATH\Model.php(253): CodeIgniter\Database\BaseBuilder->get()
 3 SYSTEMPATH\BaseModel.php(676): CodeIgniter\Model->doFindAll(0, 0)
 4 APPPATH\Controllers\Kelas.php(29): CodeIgniter\BaseModel->findAll()
 5 SYSTEMPATH\CodeIgniter.php(951): App\Controllers\Kelas->index()
 6 SYSTEMPATH\CodeIgniter.php(497): CodeIgniter\CodeIgniter->runController(Object(App\Controllers\Kelas))
 7 SYSTEMPATH\CodeIgniter.php(340): CodeIgniter\CodeIgniter->handleRequest(null, Object(Config\Cache), false)
 8 SYSTEMPATH\Boot.php(417): CodeIgniter\CodeIgniter->run()
 9 SYSTEMPATH\Boot.php(68): CodeIgniter\Boot::runCodeIgniter(Object(CodeIgniter\CodeIgniter))
10 FCPATH\index.php(59): CodeIgniter\Boot::bootWeb(Object(Config\Paths))
CRITICAL - 2026-05-16 15:00:32 --> [Caused by] CodeIgniter\Database\Exceptions\DatabaseException: Unknown column 'kelas.id_pendidikan' in 'on clause'
in SYSTEMPATH\Database\MySQLi\Connection.php on line 310.
 1 SYSTEMPATH\Database\BaseConnection.php(910): CodeIgniter\Database\MySQLi\Connection->execute('SELECT `kelas`.*, `guru`.`nama_guru`, `pendidikan`.`nama`
FROM `kelas`
JOIN `guru` ON `guru`.`id` = `kelas`.`id_guru`
JOIN `pendidikan` ON `pendidikan`.`id_pendidikan` = `kelas`.`id_pendidikan`')
 2 SYSTEMPATH\Database\BaseConnection.php(827): CodeIgniter\Database\BaseConnection->simpleQuery('SELECT `kelas`.*, `guru`.`nama_guru`, `pendidikan`.`nama`
FROM `kelas`
JOIN `guru` ON `guru`.`id` = `kelas`.`id_guru`
JOIN `pendidikan` ON `pendidikan`.`id_pendidikan` = `kelas`.`id_pendidikan`')
 3 SYSTEMPATH\Database\BaseBuilder.php(1649): CodeIgniter\Database\BaseConnection->query('SELECT `kelas`.*, `guru`.`nama_guru`, `pendidikan`.`nama`
FROM `kelas`
JOIN `guru` ON `guru`.`id` = `kelas`.`id_guru`
JOIN `pendidikan` ON `pendidikan`.`id_pendidikan` = `kelas`.`id_pendidikan`', [], false)
 4 SYSTEMPATH\Model.php(253): CodeIgniter\Database\BaseBuilder->get()
 5 SYSTEMPATH\BaseModel.php(676): CodeIgniter\Model->doFindAll(0, 0)
 6 APPPATH\Controllers\Kelas.php(29): CodeIgniter\BaseModel->findAll()
 7 SYSTEMPATH\CodeIgniter.php(951): App\Controllers\Kelas->index()
 8 SYSTEMPATH\CodeIgniter.php(497): CodeIgniter\CodeIgniter->runController(Object(App\Controllers\Kelas))
 9 SYSTEMPATH\CodeIgniter.php(340): CodeIgniter\CodeIgniter->handleRequest(null, Object(Config\Cache), false)
10 SYSTEMPATH\Boot.php(417): CodeIgniter\CodeIgniter->run()
11 SYSTEMPATH\Boot.php(68): CodeIgniter\Boot::runCodeIgniter(Object(CodeIgniter\CodeIgniter))
12 FCPATH\index.php(59): CodeIgniter\Boot::bootWeb(Object(Config\Paths))
CRITICAL - 2026-05-16 15:00:32 --> [Caused by] mysqli_sql_exception: Unknown column 'kelas.id_pendidikan' in 'on clause'
in SYSTEMPATH\Database\MySQLi\Connection.php on line 300.
 1 SYSTEMPATH\Database\MySQLi\Connection.php(300): mysqli->query('SELECT `kelas`.*, `guru`.`nama_guru`, `pendidikan`.`nama`
FROM `kelas`
JOIN `guru` ON `guru`.`id` = `kelas`.`id_guru`
JOIN `pendidikan` ON `pendidikan`.`id_pendidikan` = `kelas`.`id_pendidikan`', 0)
 2 SYSTEMPATH\Database\BaseConnection.php(910): CodeIgniter\Database\MySQLi\Connection->execute('SELECT `kelas`.*, `guru`.`nama_guru`, `pendidikan`.`nama`
FROM `kelas`
JOIN `guru` ON `guru`.`id` = `kelas`.`id_guru`
JOIN `pendidikan` ON `pendidikan`.`id_pendidikan` = `kelas`.`id_pendidikan`')
 3 SYSTEMPATH\Database\BaseConnection.php(827): CodeIgniter\Database\BaseConnection->simpleQuery('SELECT `kelas`.*, `guru`.`nama_guru`, `pendidikan`.`nama`
FROM `kelas`
JOIN `guru` ON `guru`.`id` = `kelas`.`id_guru`
JOIN `pendidikan` ON `pendidikan`.`id_pendidikan` = `kelas`.`id_pendidikan`')
 4 SYSTEMPATH\Database\BaseBuilder.php(1649): CodeIgniter\Database\BaseConnection->query('SELECT `kelas`.*, `guru`.`nama_guru`, `pendidikan`.`nama`
FROM `kelas`
JOIN `guru` ON `guru`.`id` = `kelas`.`id_guru`
JOIN `pendidikan` ON `pendidikan`.`id_pendidikan` = `kelas`.`id_pendidikan`', [], false)
 5 SYSTEMPATH\Model.php(253): CodeIgniter\Database\BaseBuilder->get()
 6 SYSTEMPATH\BaseModel.php(676): CodeIgniter\Model->doFindAll(0, 0)
 7 APPPATH\Controllers\Kelas.php(29): CodeIgniter\BaseModel->findAll()
 8 SYSTEMPATH\CodeIgniter.php(951): App\Controllers\Kelas->index()
 9 SYSTEMPATH\CodeIgniter.php(497): CodeIgniter\CodeIgniter->runController(Object(App\Controllers\Kelas))
10 SYSTEMPATH\CodeIgniter.php(340): CodeIgniter\CodeIgniter->handleRequest(null, Object(Config\Cache), false)
11 SYSTEMPATH\Boot.php(417): CodeIgniter\CodeIgniter->run()
12 SYSTEMPATH\Boot.php(68): CodeIgniter\Boot::runCodeIgniter(Object(CodeIgniter\CodeIgniter))
13 FCPATH\index.php(59): CodeIgniter\Boot::bootWeb(Object(Config\Paths))
ERROR - 2026-05-16 15:00:55 --> Unknown column 'kelas.id_pendidikan' in 'on clause'
in SYSTEMPATH\Database\MySQLi\Connection.php on line 300.
 1 SYSTEMPATH\Database\MySQLi\Connection.php(300): mysqli->query('SELECT `kelas`.*, `guru`.`nama_guru`, `pendidikan`.`nama`
FROM `kelas`
JOIN `guru` ON `guru`.`id` = `kelas`.`id_guru`
JOIN `pendidikan` ON `pendidikan`.`id_pendidikan` = `kelas`.`id_pendidikan`', 0)
 2 SYSTEMPATH\Database\BaseConnection.php(910): CodeIgniter\Database\MySQLi\Connection->execute('SELECT `kelas`.*, `guru`.`nama_guru`, `pendidikan`.`nama`
FROM `kelas`
JOIN `guru` ON `guru`.`id` = `kelas`.`id_guru`
JOIN `pendidikan` ON `pendidikan`.`id_pendidikan` = `kelas`.`id_pendidikan`')
 3 SYSTEMPATH\Database\BaseConnection.php(827): CodeIgniter\Database\BaseConnection->simpleQuery('SELECT `kelas`.*, `guru`.`nama_guru`, `pendidikan`.`nama`
FROM `kelas`
JOIN `guru` ON `guru`.`id` = `kelas`.`id_guru`
JOIN `pendidikan` ON `pendidikan`.`id_pendidikan` = `kelas`.`id_pendidikan`')
 4 SYSTEMPATH\Database\BaseBuilder.php(1649): CodeIgniter\Database\BaseConnection->query('SELECT `kelas`.*, `guru`.`nama_guru`, `pendidikan`.`nama`
FROM `kelas`
JOIN `guru` ON `guru`.`id` = `kelas`.`id_guru`
JOIN `pendidikan` ON `pendidikan`.`id_pendidikan` = `kelas`.`id_pendidikan`', [], false)
 5 SYSTEMPATH\Model.php(253): CodeIgniter\Database\BaseBuilder->get()
 6 SYSTEMPATH\BaseModel.php(676): CodeIgniter\Model->doFindAll(0, 0)
 7 APPPATH\Controllers\Kelas.php(29): CodeIgniter\BaseModel->findAll()
 8 SYSTEMPATH\CodeIgniter.php(951): App\Controllers\Kelas->index()
 9 SYSTEMPATH\CodeIgniter.php(497): CodeIgniter\CodeIgniter->runController(Object(App\Controllers\Kelas))
10 SYSTEMPATH\CodeIgniter.php(340): CodeIgniter\CodeIgniter->handleRequest(null, Object(Config\Cache), false)
11 SYSTEMPATH\Boot.php(417): CodeIgniter\CodeIgniter->run()
12 SYSTEMPATH\Boot.php(68): CodeIgniter\Boot::runCodeIgniter(Object(CodeIgniter\CodeIgniter))
13 FCPATH\index.php(59): CodeIgniter\Boot::bootWeb(Object(Config\Paths))
CRITICAL - 2026-05-16 15:00:55 --> CodeIgniter\Database\Exceptions\DatabaseException: Unknown column 'kelas.id_pendidikan' in 'on clause'
[Method: GET, Route: kelas]
in SYSTEMPATH\Database\BaseConnection.php on line 865.
 1 SYSTEMPATH\Database\BaseBuilder.php(1649): CodeIgniter\Database\BaseConnection->query('SELECT `kelas`.*, `guru`.`nama_guru`, `pendidikan`.`nama`
FROM `kelas`
JOIN `guru` ON `guru`.`id` = `kelas`.`id_guru`
JOIN `pendidikan` ON `pendidikan`.`id_pendidikan` = `kelas`.`id_pendidikan`', [], false)
 2 SYSTEMPATH\Model.php(253): CodeIgniter\Database\BaseBuilder->get()
 3 SYSTEMPATH\BaseModel.php(676): CodeIgniter\Model->doFindAll(0, 0)
 4 APPPATH\Controllers\Kelas.php(29): CodeIgniter\BaseModel->findAll()
 5 SYSTEMPATH\CodeIgniter.php(951): App\Controllers\Kelas->index()
 6 SYSTEMPATH\CodeIgniter.php(497): CodeIgniter\CodeIgniter->runController(Object(App\Controllers\Kelas))
 7 SYSTEMPATH\CodeIgniter.php(340): CodeIgniter\CodeIgniter->handleRequest(null, Object(Config\Cache), false)
 8 SYSTEMPATH\Boot.php(417): CodeIgniter\CodeIgniter->run()
 9 SYSTEMPATH\Boot.php(68): CodeIgniter\Boot::runCodeIgniter(Object(CodeIgniter\CodeIgniter))
10 FCPATH\index.php(59): CodeIgniter\Boot::bootWeb(Object(Config\Paths))
CRITICAL - 2026-05-16 15:00:55 --> [Caused by] CodeIgniter\Database\Exceptions\DatabaseException: Unknown column 'kelas.id_pendidikan' in 'on clause'
in SYSTEMPATH\Database\MySQLi\Connection.php on line 310.
 1 SYSTEMPATH\Database\BaseConnection.php(910): CodeIgniter\Database\MySQLi\Connection->execute('SELECT `kelas`.*, `guru`.`nama_guru`, `pendidikan`.`nama`
FROM `kelas`
JOIN `guru` ON `guru`.`id` = `kelas`.`id_guru`
JOIN `pendidikan` ON `pendidikan`.`id_pendidikan` = `kelas`.`id_pendidikan`')
 2 SYSTEMPATH\Database\BaseConnection.php(827): CodeIgniter\Database\BaseConnection->simpleQuery('SELECT `kelas`.*, `guru`.`nama_guru`, `pendidikan`.`nama`
FROM `kelas`
JOIN `guru` ON `guru`.`id` = `kelas`.`id_guru`
JOIN `pendidikan` ON `pendidikan`.`id_pendidikan` = `kelas`.`id_pendidikan`')
 3 SYSTEMPATH\Database\BaseBuilder.php(1649): CodeIgniter\Database\BaseConnection->query('SELECT `kelas`.*, `guru`.`nama_guru`, `pendidikan`.`nama`
FROM `kelas`
JOIN `guru` ON `guru`.`id` = `kelas`.`id_guru`
JOIN `pendidikan` ON `pendidikan`.`id_pendidikan` = `kelas`.`id_pendidikan`', [], false)
 4 SYSTEMPATH\Model.php(253): CodeIgniter\Database\BaseBuilder->get()
 5 SYSTEMPATH\BaseModel.php(676): CodeIgniter\Model->doFindAll(0, 0)
 6 APPPATH\Controllers\Kelas.php(29): CodeIgniter\BaseModel->findAll()
 7 SYSTEMPATH\CodeIgniter.php(951): App\Controllers\Kelas->index()
 8 SYSTEMPATH\CodeIgniter.php(497): CodeIgniter\CodeIgniter->runController(Object(App\Controllers\Kelas))
 9 SYSTEMPATH\CodeIgniter.php(340): CodeIgniter\CodeIgniter->handleRequest(null, Object(Config\Cache), false)
10 SYSTEMPATH\Boot.php(417): CodeIgniter\CodeIgniter->run()
11 SYSTEMPATH\Boot.php(68): CodeIgniter\Boot::runCodeIgniter(Object(CodeIgniter\CodeIgniter))
12 FCPATH\index.php(59): CodeIgniter\Boot::bootWeb(Object(Config\Paths))
CRITICAL - 2026-05-16 15:00:55 --> [Caused by] mysqli_sql_exception: Unknown column 'kelas.id_pendidikan' in 'on clause'
in SYSTEMPATH\Database\MySQLi\Connection.php on line 300.
 1 SYSTEMPATH\Database\MySQLi\Connection.php(300): mysqli->query('SELECT `kelas`.*, `guru`.`nama_guru`, `pendidikan`.`nama`
FROM `kelas`
JOIN `guru` ON `guru`.`id` = `kelas`.`id_guru`
JOIN `pendidikan` ON `pendidikan`.`id_pendidikan` = `kelas`.`id_pendidikan`', 0)
 2 SYSTEMPATH\Database\BaseConnection.php(910): CodeIgniter\Database\MySQLi\Connection->execute('SELECT `kelas`.*, `guru`.`nama_guru`, `pendidikan`.`nama`
FROM `kelas`
JOIN `guru` ON `guru`.`id` = `kelas`.`id_guru`
JOIN `pendidikan` ON `pendidikan`.`id_pendidikan` = `kelas`.`id_pendidikan`')
 3 SYSTEMPATH\Database\BaseConnection.php(827): CodeIgniter\Database\BaseConnection->simpleQuery('SELECT `kelas`.*, `guru`.`nama_guru`, `pendidikan`.`nama`
FROM `kelas`
JOIN `guru` ON `guru`.`id` = `kelas`.`id_guru`
JOIN `pendidikan` ON `pendidikan`.`id_pendidikan` = `kelas`.`id_pendidikan`')
 4 SYSTEMPATH\Database\BaseBuilder.php(1649): CodeIgniter\Database\BaseConnection->query('SELECT `kelas`.*, `guru`.`nama_guru`, `pendidikan`.`nama`
FROM `kelas`
JOIN `guru` ON `guru`.`id` = `kelas`.`id_guru`
JOIN `pendidikan` ON `pendidikan`.`id_pendidikan` = `kelas`.`id_pendidikan`', [], false)
 5 SYSTEMPATH\Model.php(253): CodeIgniter\Database\BaseBuilder->get()
 6 SYSTEMPATH\BaseModel.php(676): CodeIgniter\Model->doFindAll(0, 0)
 7 APPPATH\Controllers\Kelas.php(29): CodeIgniter\BaseModel->findAll()
 8 SYSTEMPATH\CodeIgniter.php(951): App\Controllers\Kelas->index()
 9 SYSTEMPATH\CodeIgniter.php(497): CodeIgniter\CodeIgniter->runController(Object(App\Controllers\Kelas))
10 SYSTEMPATH\CodeIgniter.php(340): CodeIgniter\CodeIgniter->handleRequest(null, Object(Config\Cache), false)
11 SYSTEMPATH\Boot.php(417): CodeIgniter\CodeIgniter->run()
12 SYSTEMPATH\Boot.php(68): CodeIgniter\Boot::runCodeIgniter(Object(CodeIgniter\CodeIgniter))
13 FCPATH\index.php(59): CodeIgniter\Boot::bootWeb(Object(Config\Paths))
ERROR - 2026-05-16 15:01:02 --> Unknown column 'kelas.id_pendidikan' in 'on clause'
in SYSTEMPATH\Database\MySQLi\Connection.php on line 300.
 1 SYSTEMPATH\Database\MySQLi\Connection.php(300): mysqli->query('SELECT `kelas`.*, `guru`.`nama_guru`, `pendidikan`.`nama`
FROM `kelas`
JOIN `guru` ON `guru`.`id` = `kelas`.`id_guru`
JOIN `pendidikan` ON `pendidikan`.`id_pendidikan` = `kelas`.`id_pendidikan`', 0)
 2 SYSTEMPATH\Database\BaseConnection.php(910): CodeIgniter\Database\MySQLi\Connection->execute('SELECT `kelas`.*, `guru`.`nama_guru`, `pendidikan`.`nama`
FROM `kelas`
JOIN `guru` ON `guru`.`id` = `kelas`.`id_guru`
JOIN `pendidikan` ON `pendidikan`.`id_pendidikan` = `kelas`.`id_pendidikan`')
 3 SYSTEMPATH\Database\BaseConnection.php(827): CodeIgniter\Database\BaseConnection->simpleQuery('SELECT `kelas`.*, `guru`.`nama_guru`, `pendidikan`.`nama`
FROM `kelas`
JOIN `guru` ON `guru`.`id` = `kelas`.`id_guru`
JOIN `pendidikan` ON `pendidikan`.`id_pendidikan` = `kelas`.`id_pendidikan`')
 4 SYSTEMPATH\Database\BaseBuilder.php(1649): CodeIgniter\Database\BaseConnection->query('SELECT `kelas`.*, `guru`.`nama_guru`, `pendidikan`.`nama`
FROM `kelas`
JOIN `guru` ON `guru`.`id` = `kelas`.`id_guru`
JOIN `pendidikan` ON `pendidikan`.`id_pendidikan` = `kelas`.`id_pendidikan`', [], false)
 5 SYSTEMPATH\Model.php(253): CodeIgniter\Database\BaseBuilder->get()
 6 SYSTEMPATH\BaseModel.php(676): CodeIgniter\Model->doFindAll(0, 0)
 7 APPPATH\Controllers\Kelas.php(29): CodeIgniter\BaseModel->findAll()
 8 SYSTEMPATH\CodeIgniter.php(951): App\Controllers\Kelas->index()
 9 SYSTEMPATH\CodeIgniter.php(497): CodeIgniter\CodeIgniter->runController(Object(App\Controllers\Kelas))
10 SYSTEMPATH\CodeIgniter.php(340): CodeIgniter\CodeIgniter->handleRequest(null, Object(Config\Cache), false)
11 SYSTEMPATH\Boot.php(417): CodeIgniter\CodeIgniter->run()
12 SYSTEMPATH\Boot.php(68): CodeIgniter\Boot::runCodeIgniter(Object(CodeIgniter\CodeIgniter))
13 FCPATH\index.php(59): CodeIgniter\Boot::bootWeb(Object(Config\Paths))
CRITICAL - 2026-05-16 15:01:02 --> CodeIgniter\Database\Exceptions\DatabaseException: Unknown column 'kelas.id_pendidikan' in 'on clause'
[Method: GET, Route: kelas]
in SYSTEMPATH\Database\BaseConnection.php on line 865.
 1 SYSTEMPATH\Database\BaseBuilder.php(1649): CodeIgniter\Database\BaseConnection->query('SELECT `kelas`.*, `guru`.`nama_guru`, `pendidikan`.`nama`
FROM `kelas`
JOIN `guru` ON `guru`.`id` = `kelas`.`id_guru`
JOIN `pendidikan` ON `pendidikan`.`id_pendidikan` = `kelas`.`id_pendidikan`', [], false)
 2 SYSTEMPATH\Model.php(253): CodeIgniter\Database\BaseBuilder->get()
 3 SYSTEMPATH\BaseModel.php(676): CodeIgniter\Model->doFindAll(0, 0)
 4 APPPATH\Controllers\Kelas.php(29): CodeIgniter\BaseModel->findAll()
 5 SYSTEMPATH\CodeIgniter.php(951): App\Controllers\Kelas->index()
 6 SYSTEMPATH\CodeIgniter.php(497): CodeIgniter\CodeIgniter->runController(Object(App\Controllers\Kelas))
 7 SYSTEMPATH\CodeIgniter.php(340): CodeIgniter\CodeIgniter->handleRequest(null, Object(Config\Cache), false)
 8 SYSTEMPATH\Boot.php(417): CodeIgniter\CodeIgniter->run()
 9 SYSTEMPATH\Boot.php(68): CodeIgniter\Boot::runCodeIgniter(Object(CodeIgniter\CodeIgniter))
10 FCPATH\index.php(59): CodeIgniter\Boot::bootWeb(Object(Config\Paths))
CRITICAL - 2026-05-16 15:01:02 --> [Caused by] CodeIgniter\Database\Exceptions\DatabaseException: Unknown column 'kelas.id_pendidikan' in 'on clause'
in SYSTEMPATH\Database\MySQLi\Connection.php on line 310.
 1 SYSTEMPATH\Database\BaseConnection.php(910): CodeIgniter\Database\MySQLi\Connection->execute('SELECT `kelas`.*, `guru`.`nama_guru`, `pendidikan`.`nama`
FROM `kelas`
JOIN `guru` ON `guru`.`id` = `kelas`.`id_guru`
JOIN `pendidikan` ON `pendidikan`.`id_pendidikan` = `kelas`.`id_pendidikan`')
 2 SYSTEMPATH\Database\BaseConnection.php(827): CodeIgniter\Database\BaseConnection->simpleQuery('SELECT `kelas`.*, `guru`.`nama_guru`, `pendidikan`.`nama`
FROM `kelas`
JOIN `guru` ON `guru`.`id` = `kelas`.`id_guru`
JOIN `pendidikan` ON `pendidikan`.`id_pendidikan` = `kelas`.`id_pendidikan`')
 3 SYSTEMPATH\Database\BaseBuilder.php(1649): CodeIgniter\Database\BaseConnection->query('SELECT `kelas`.*, `guru`.`nama_guru`, `pendidikan`.`nama`
FROM `kelas`
JOIN `guru` ON `guru`.`id` = `kelas`.`id_guru`
JOIN `pendidikan` ON `pendidikan`.`id_pendidikan` = `kelas`.`id_pendidikan`', [], false)
 4 SYSTEMPATH\Model.php(253): CodeIgniter\Database\BaseBuilder->get()
 5 SYSTEMPATH\BaseModel.php(676): CodeIgniter\Model->doFindAll(0, 0)
 6 APPPATH\Controllers\Kelas.php(29): CodeIgniter\BaseModel->findAll()
 7 SYSTEMPATH\CodeIgniter.php(951): App\Controllers\Kelas->index()
 8 SYSTEMPATH\CodeIgniter.php(497): CodeIgniter\CodeIgniter->runController(Object(App\Controllers\Kelas))
 9 SYSTEMPATH\CodeIgniter.php(340): CodeIgniter\CodeIgniter->handleRequest(null, Object(Config\Cache), false)
10 SYSTEMPATH\Boot.php(417): CodeIgniter\CodeIgniter->run()
11 SYSTEMPATH\Boot.php(68): CodeIgniter\Boot::runCodeIgniter(Object(CodeIgniter\CodeIgniter))
12 FCPATH\index.php(59): CodeIgniter\Boot::bootWeb(Object(Config\Paths))
CRITICAL - 2026-05-16 15:01:02 --> [Caused by] mysqli_sql_exception: Unknown column 'kelas.id_pendidikan' in 'on clause'
in SYSTEMPATH\Database\MySQLi\Connection.php on line 300.
 1 SYSTEMPATH\Database\MySQLi\Connection.php(300): mysqli->query('SELECT `kelas`.*, `guru`.`nama_guru`, `pendidikan`.`nama`
FROM `kelas`
JOIN `guru` ON `guru`.`id` = `kelas`.`id_guru`
JOIN `pendidikan` ON `pendidikan`.`id_pendidikan` = `kelas`.`id_pendidikan`', 0)
 2 SYSTEMPATH\Database\BaseConnection.php(910): CodeIgniter\Database\MySQLi\Connection->execute('SELECT `kelas`.*, `guru`.`nama_guru`, `pendidikan`.`nama`
FROM `kelas`
JOIN `guru` ON `guru`.`id` = `kelas`.`id_guru`
JOIN `pendidikan` ON `pendidikan`.`id_pendidikan` = `kelas`.`id_pendidikan`')
 3 SYSTEMPATH\Database\BaseConnection.php(827): CodeIgniter\Database\BaseConnection->simpleQuery('SELECT `kelas`.*, `guru`.`nama_guru`, `pendidikan`.`nama`
FROM `kelas`
JOIN `guru` ON `guru`.`id` = `kelas`.`id_guru`
JOIN `pendidikan` ON `pendidikan`.`id_pendidikan` = `kelas`.`id_pendidikan`')
 4 SYSTEMPATH\Database\BaseBuilder.php(1649): CodeIgniter\Database\BaseConnection->query('SELECT `kelas`.*, `guru`.`nama_guru`, `pendidikan`.`nama`
FROM `kelas`
JOIN `guru` ON `guru`.`id` = `kelas`.`id_guru`
JOIN `pendidikan` ON `pendidikan`.`id_pendidikan` = `kelas`.`id_pendidikan`', [], false)
 5 SYSTEMPATH\Model.php(253): CodeIgniter\Database\BaseBuilder->get()
 6 SYSTEMPATH\BaseModel.php(676): CodeIgniter\Model->doFindAll(0, 0)
 7 APPPATH\Controllers\Kelas.php(29): CodeIgniter\BaseModel->findAll()
 8 SYSTEMPATH\CodeIgniter.php(951): App\Controllers\Kelas->index()
 9 SYSTEMPATH\CodeIgniter.php(497): CodeIgniter\CodeIgniter->runController(Object(App\Controllers\Kelas))
10 SYSTEMPATH\CodeIgniter.php(340): CodeIgniter\CodeIgniter->handleRequest(null, Object(Config\Cache), false)
11 SYSTEMPATH\Boot.php(417): CodeIgniter\CodeIgniter->run()
12 SYSTEMPATH\Boot.php(68): CodeIgniter\Boot::runCodeIgniter(Object(CodeIgniter\CodeIgniter))
13 FCPATH\index.php(59): CodeIgniter\Boot::bootWeb(Object(Config\Paths))
WARNING - 2026-05-16 15:18:52 --> [DEPRECATED] Creation of dynamic property App\Controllers\Murid::$pendidikan is deprecated in APPPATH\Controllers\Murid.php on line 18.
 1 SYSTEMPATH\CodeIgniter.php(921): App\Controllers\Murid->__construct()
 2 SYSTEMPATH\CodeIgniter.php(488): CodeIgniter\CodeIgniter->createController()
 3 SYSTEMPATH\CodeIgniter.php(340): CodeIgniter\CodeIgniter->handleRequest(null, Object(Config\Cache), false)
 4 SYSTEMPATH\Boot.php(417): CodeIgniter\CodeIgniter->run()
 5 SYSTEMPATH\Boot.php(68): CodeIgniter\Boot::runCodeIgniter(Object(CodeIgniter\CodeIgniter))
 6 FCPATH\index.php(59): CodeIgniter\Boot::bootWeb(Object(Config\Paths))
WARNING - 2026-05-16 15:18:56 --> [DEPRECATED] Creation of dynamic property App\Controllers\Murid::$pendidikan is deprecated in APPPATH\Controllers\Murid.php on line 18.
 1 SYSTEMPATH\CodeIgniter.php(921): App\Controllers\Murid->__construct()
 2 SYSTEMPATH\CodeIgniter.php(488): CodeIgniter\CodeIgniter->createController()
 3 SYSTEMPATH\CodeIgniter.php(340): CodeIgniter\CodeIgniter->handleRequest(null, Object(Config\Cache), false)
 4 SYSTEMPATH\Boot.php(417): CodeIgniter\CodeIgniter->run()
 5 SYSTEMPATH\Boot.php(68): CodeIgniter\Boot::runCodeIgniter(Object(CodeIgniter\CodeIgniter))
 6 FCPATH\index.php(59): CodeIgniter\Boot::bootWeb(Object(Config\Paths))
WARNING - 2026-05-16 15:19:08 --> [DEPRECATED] Creation of dynamic property App\Controllers\Murid::$pendidikan is deprecated in APPPATH\Controllers\Murid.php on line 18.
 1 SYSTEMPATH\CodeIgniter.php(921): App\Controllers\Murid->__construct()
 2 SYSTEMPATH\CodeIgniter.php(488): CodeIgniter\CodeIgniter->createController()
 3 SYSTEMPATH\CodeIgniter.php(340): CodeIgniter\CodeIgniter->handleRequest(null, Object(Config\Cache), false)
 4 SYSTEMPATH\Boot.php(417): CodeIgniter\CodeIgniter->run()
 5 SYSTEMPATH\Boot.php(68): CodeIgniter\Boot::runCodeIgniter(Object(CodeIgniter\CodeIgniter))
 6 FCPATH\index.php(59): CodeIgniter\Boot::bootWeb(Object(Config\Paths))
WARNING - 2026-05-16 15:19:10 --> [DEPRECATED] Creation of dynamic property App\Controllers\Murid::$pendidikan is deprecated in APPPATH\Controllers\Murid.php on line 18.
 1 SYSTEMPATH\CodeIgniter.php(921): App\Controllers\Murid->__construct()
 2 SYSTEMPATH\CodeIgniter.php(488): CodeIgniter\CodeIgniter->createController()
 3 SYSTEMPATH\CodeIgniter.php(340): CodeIgniter\CodeIgniter->handleRequest(null, Object(Config\Cache), false)
 4 SYSTEMPATH\Boot.php(417): CodeIgniter\CodeIgniter->run()
 5 SYSTEMPATH\Boot.php(68): CodeIgniter\Boot::runCodeIgniter(Object(CodeIgniter\CodeIgniter))
 6 FCPATH\index.php(59): CodeIgniter\Boot::bootWeb(Object(Config\Paths))
WARNING - 2026-05-16 15:20:22 --> [DEPRECATED] Creation of dynamic property App\Controllers\Murid::$pendidikan is deprecated in APPPATH\Controllers\Murid.php on line 18.
 1 SYSTEMPATH\CodeIgniter.php(921): App\Controllers\Murid->__construct()
 2 SYSTEMPATH\CodeIgniter.php(488): CodeIgniter\CodeIgniter->createController()
 3 SYSTEMPATH\CodeIgniter.php(340): CodeIgniter\CodeIgniter->handleRequest(null, Object(Config\Cache), false)
 4 SYSTEMPATH\Boot.php(417): CodeIgniter\CodeIgniter->run()
 5 SYSTEMPATH\Boot.php(68): CodeIgniter\Boot::runCodeIgniter(Object(CodeIgniter\CodeIgniter))
 6 FCPATH\index.php(59): CodeIgniter\Boot::bootWeb(Object(Config\Paths))
WARNING - 2026-05-16 15:20:24 --> [DEPRECATED] Creation of dynamic property App\Controllers\Murid::$pendidikan is deprecated in APPPATH\Controllers\Murid.php on line 18.
 1 SYSTEMPATH\CodeIgniter.php(921): App\Controllers\Murid->__construct()
 2 SYSTEMPATH\CodeIgniter.php(488): CodeIgniter\CodeIgniter->createController()
 3 SYSTEMPATH\CodeIgniter.php(340): CodeIgniter\CodeIgniter->handleRequest(null, Object(Config\Cache), false)
 4 SYSTEMPATH\Boot.php(417): CodeIgniter\CodeIgniter->run()
 5 SYSTEMPATH\Boot.php(68): CodeIgniter\Boot::runCodeIgniter(Object(CodeIgniter\CodeIgniter))
 6 FCPATH\index.php(59): CodeIgniter\Boot::bootWeb(Object(Config\Paths))
WARNING - 2026-05-16 15:20:59 --> [DEPRECATED] Creation of dynamic property App\Controllers\Murid::$pendidikan is deprecated in APPPATH\Controllers\Murid.php on line 18.
 1 SYSTEMPATH\CodeIgniter.php(921): App\Controllers\Murid->__construct()
 2 SYSTEMPATH\CodeIgniter.php(488): CodeIgniter\CodeIgniter->createController()
 3 SYSTEMPATH\CodeIgniter.php(340): CodeIgniter\CodeIgniter->handleRequest(null, Object(Config\Cache), false)
 4 SYSTEMPATH\Boot.php(417): CodeIgniter\CodeIgniter->run()
 5 SYSTEMPATH\Boot.php(68): CodeIgniter\Boot::runCodeIgniter(Object(CodeIgniter\CodeIgniter))
 6 FCPATH\index.php(59): CodeIgniter\Boot::bootWeb(Object(Config\Paths))
WARNING - 2026-05-16 15:21:00 --> [DEPRECATED] Creation of dynamic property App\Controllers\Murid::$pendidikan is deprecated in APPPATH\Controllers\Murid.php on line 18.
 1 SYSTEMPATH\CodeIgniter.php(921): App\Controllers\Murid->__construct()
 2 SYSTEMPATH\CodeIgniter.php(488): CodeIgniter\CodeIgniter->createController()
 3 SYSTEMPATH\CodeIgniter.php(340): CodeIgniter\CodeIgniter->handleRequest(null, Object(Config\Cache), false)
 4 SYSTEMPATH\Boot.php(417): CodeIgniter\CodeIgniter->run()
 5 SYSTEMPATH\Boot.php(68): CodeIgniter\Boot::runCodeIgniter(Object(CodeIgniter\CodeIgniter))
 6 FCPATH\index.php(59): CodeIgniter\Boot::bootWeb(Object(Config\Paths))
WARNING - 2026-05-16 15:22:01 --> [DEPRECATED] Creation of dynamic property App\Controllers\Murid::$pendidikan is deprecated in APPPATH\Controllers\Murid.php on line 18.
 1 SYSTEMPATH\CodeIgniter.php(921): App\Controllers\Murid->__construct()
 2 SYSTEMPATH\CodeIgniter.php(488): CodeIgniter\CodeIgniter->createController()
 3 SYSTEMPATH\CodeIgniter.php(340): CodeIgniter\CodeIgniter->handleRequest(null, Object(Config\Cache), false)
 4 SYSTEMPATH\Boot.php(417): CodeIgniter\CodeIgniter->run()
 5 SYSTEMPATH\Boot.php(68): CodeIgniter\Boot::runCodeIgniter(Object(CodeIgniter\CodeIgniter))
 6 FCPATH\index.php(59): CodeIgniter\Boot::bootWeb(Object(Config\Paths))
WARNING - 2026-05-16 15:22:01 --> [DEPRECATED] Creation of dynamic property App\Controllers\Murid::$pendidikan is deprecated in APPPATH\Controllers\Murid.php on line 18.
 1 SYSTEMPATH\CodeIgniter.php(921): App\Controllers\Murid->__construct()
 2 SYSTEMPATH\CodeIgniter.php(488): CodeIgniter\CodeIgniter->createController()
 3 SYSTEMPATH\CodeIgniter.php(340): CodeIgniter\CodeIgniter->handleRequest(null, Object(Config\Cache), false)
 4 SYSTEMPATH\Boot.php(417): CodeIgniter\CodeIgniter->run()
 5 SYSTEMPATH\Boot.php(68): CodeIgniter\Boot::runCodeIgniter(Object(CodeIgniter\CodeIgniter))
 6 FCPATH\index.php(59): CodeIgniter\Boot::bootWeb(Object(Config\Paths))
DEBUG - 2026-05-16 15:22:18 --> Session: Class initialized using 'CodeIgniter\Session\Handlers\FileHandler' driver.
DEBUG - 2026-05-16 15:22:29 --> Session: Class initialized using 'CodeIgniter\Session\Handlers\FileHandler' driver.
DEBUG - 2026-05-16 15:26:56 --> Session: Class initialized using 'CodeIgniter\Session\Handlers\FileHandler' driver.
DEBUG - 2026-05-16 15:26:58 --> Session: Class initialized using 'CodeIgniter\Session\Handlers\FileHandler' driver.
DEBUG - 2026-05-16 15:26:58 --> Session: Class initialized using 'CodeIgniter\Session\Handlers\FileHandler' driver.
DEBUG - 2026-05-16 15:27:03 --> Session: Class initialized using 'CodeIgniter\Session\Handlers\FileHandler' driver.
DEBUG - 2026-05-16 15:27:06 --> Session: Class initialized using 'CodeIgniter\Session\Handlers\FileHandler' driver.
CRITICAL - 2026-05-16 15:28:18 --> ErrorException: Undefined variable $tanggal
[Method: GET, Route: kehadiran]
in APPPATH\Views\Kehadiran\index.php on line 33.
 1 APPPATH\Views\Kehadiran\index.php(33): CodeIgniter\Debug\Exceptions->errorHandler(2, 'Undefined variable $tanggal', 'C:\\xampp-baru\\htdocs\\tk\\app\\Views\\Kehadiran\\index.php', 33)
 2 SYSTEMPATH\View\View.php(240): include('C:\\xampp-baru\\htdocs\\tk\\app\\Views\\Kehadiran\\index.php')
 3 SYSTEMPATH\View\View.php(243): CodeIgniter\View\View->CodeIgniter\View\{closure}()
 4 SYSTEMPATH\Common.php(1250): CodeIgniter\View\View->render('Kehadiran/index', [], true)
 5 APPPATH\Controllers\Kehadiran.php(48): view('Kehadiran/index', [...])
 6 SYSTEMPATH\CodeIgniter.php(951): App\Controllers\Kehadiran->index()
 7 SYSTEMPATH\CodeIgniter.php(497): CodeIgniter\CodeIgniter->runController(Object(App\Controllers\Kehadiran))
 8 SYSTEMPATH\CodeIgniter.php(340): CodeIgniter\CodeIgniter->handleRequest(null, Object(Config\Cache), false)
 9 SYSTEMPATH\Boot.php(417): CodeIgniter\CodeIgniter->run()
10 SYSTEMPATH\Boot.php(68): CodeIgniter\Boot::runCodeIgniter(Object(CodeIgniter\CodeIgniter))
11 FCPATH\index.php(59): CodeIgniter\Boot::bootWeb(Object(Config\Paths))
DEBUG - 2026-05-16 15:30:18 --> Session: Class initialized using 'CodeIgniter\Session\Handlers\FileHandler' driver.
DEBUG - 2026-05-16 15:30:48 --> Session: Class initialized using 'CodeIgniter\Session\Handlers\FileHandler' driver.
DEBUG - 2026-05-16 15:31:43 --> Session: Class initialized using 'CodeIgniter\Session\Handlers\FileHandler' driver.
DEBUG - 2026-05-16 15:31:59 --> Session: Class initialized using 'CodeIgniter\Session\Handlers\FileHandler' driver.
DEBUG - 2026-05-16 15:32:07 --> Session: Class initialized using 'CodeIgniter\Session\Handlers\FileHandler' driver.
DEBUG - 2026-05-16 15:32:18 --> Session: Class initialized using 'CodeIgniter\Session\Handlers\FileHandler' driver.
DEBUG - 2026-05-16 15:32:26 --> Session: Class initialized using 'CodeIgniter\Session\Handlers\FileHandler' driver.
DEBUG - 2026-05-16 15:32:31 --> Session: Class initialized using 'CodeIgniter\Session\Handlers\FileHandler' driver.
DEBUG - 2026-05-16 15:32:49 --> Session: Class initialized using 'CodeIgniter\Session\Handlers\FileHandler' driver.
DEBUG - 2026-05-16 15:33:32 --> Session: Class initialized using 'CodeIgniter\Session\Handlers\FileHandler' driver.
DEBUG - 2026-05-16 15:33:41 --> Session: Class initialized using 'CodeIgniter\Session\Handlers\FileHandler' driver.
DEBUG - 2026-05-16 15:33:42 --> Session: Class initialized using 'CodeIgniter\Session\Handlers\FileHandler' driver.
DEBUG - 2026-05-16 15:33:42 --> Session: Class initialized using 'CodeIgniter\Session\Handlers\FileHandler' driver.
CRITICAL - 2026-05-16 15:33:58 --> ErrorException: Undefined variable $guru_list
[Method: GET, Route: kehadiran/input]
in APPPATH\Views\Kehadiran\input.php on line 45.
 1 APPPATH\Views\Kehadiran\input.php(45): CodeIgniter\Debug\Exceptions->errorHandler(2, 'Undefined variable $guru_list', 'C:\\xampp-baru\\htdocs\\tk\\app\\Views\\Kehadiran\\input.php', 45)
 2 SYSTEMPATH\View\View.php(240): include('C:\\xampp-baru\\htdocs\\tk\\app\\Views\\Kehadiran\\input.php')
 3 SYSTEMPATH\View\View.php(243): CodeIgniter\View\View->CodeIgniter\View\{closure}()
 4 SYSTEMPATH\Common.php(1250): CodeIgniter\View\View->render('Kehadiran/input', [], true)
 5 APPPATH\Controllers\Kehadiran.php(72): view('Kehadiran/input', [...])
 6 SYSTEMPATH\CodeIgniter.php(951): App\Controllers\Kehadiran->input()
 7 SYSTEMPATH\CodeIgniter.php(497): CodeIgniter\CodeIgniter->runController(Object(App\Controllers\Kehadiran))
 8 SYSTEMPATH\CodeIgniter.php(340): CodeIgniter\CodeIgniter->handleRequest(null, Object(Config\Cache), false)
 9 SYSTEMPATH\Boot.php(417): CodeIgniter\CodeIgniter->run()
10 SYSTEMPATH\Boot.php(68): CodeIgniter\Boot::runCodeIgniter(Object(CodeIgniter\CodeIgniter))
11 FCPATH\index.php(59): CodeIgniter\Boot::bootWeb(Object(Config\Paths))
DEBUG - 2026-05-16 15:34:50 --> Session: Class initialized using 'CodeIgniter\Session\Handlers\FileHandler' driver.
DEBUG - 2026-05-16 15:36:04 --> Session: Class initialized using 'CodeIgniter\Session\Handlers\FileHandler' driver.
DEBUG - 2026-05-16 15:37:59 --> Session: Class initialized using 'CodeIgniter\Session\Handlers\FileHandler' driver.
DEBUG - 2026-05-16 15:45:21 --> Session: Class initialized using 'CodeIgniter\Session\Handlers\FileHandler' driver.
DEBUG - 2026-05-16 15:46:19 --> Session: Class initialized using 'CodeIgniter\Session\Handlers\FileHandler' driver.
WARNING - 2026-05-16 15:46:57 --> [DEPRECATED] Creation of dynamic property App\Controllers\Murid::$pendidikan is deprecated in APPPATH\Controllers\Murid.php on line 18.
 1 SYSTEMPATH\CodeIgniter.php(921): App\Controllers\Murid->__construct()
 2 SYSTEMPATH\CodeIgniter.php(488): CodeIgniter\CodeIgniter->createController()
 3 SYSTEMPATH\CodeIgniter.php(340): CodeIgniter\CodeIgniter->handleRequest(null, Object(Config\Cache), false)
 4 SYSTEMPATH\Boot.php(417): CodeIgniter\CodeIgniter->run()
 5 SYSTEMPATH\Boot.php(68): CodeIgniter\Boot::runCodeIgniter(Object(CodeIgniter\CodeIgniter))
 6 FCPATH\index.php(59): CodeIgniter\Boot::bootWeb(Object(Config\Paths))
WARNING - 2026-05-16 15:46:59 --> [DEPRECATED] Creation of dynamic property App\Controllers\Murid::$pendidikan is deprecated in APPPATH\Controllers\Murid.php on line 18.
 1 SYSTEMPATH\CodeIgniter.php(921): App\Controllers\Murid->__construct()
 2 SYSTEMPATH\CodeIgniter.php(488): CodeIgniter\CodeIgniter->createController()
 3 SYSTEMPATH\CodeIgniter.php(340): CodeIgniter\CodeIgniter->handleRequest(null, Object(Config\Cache), false)
 4 SYSTEMPATH\Boot.php(417): CodeIgniter\CodeIgniter->run()
 5 SYSTEMPATH\Boot.php(68): CodeIgniter\Boot::runCodeIgniter(Object(CodeIgniter\CodeIgniter))
 6 FCPATH\index.php(59): CodeIgniter\Boot::bootWeb(Object(Config\Paths))
WARNING - 2026-05-16 15:47:32 --> [DEPRECATED] Creation of dynamic property App\Controllers\Murid::$pendidikan is deprecated in APPPATH\Controllers\Murid.php on line 18.
 1 SYSTEMPATH\CodeIgniter.php(921): App\Controllers\Murid->__construct()
 2 SYSTEMPATH\CodeIgniter.php(488): CodeIgniter\CodeIgniter->createController()
 3 SYSTEMPATH\CodeIgniter.php(340): CodeIgniter\CodeIgniter->handleRequest(null, Object(Config\Cache), false)
 4 SYSTEMPATH\Boot.php(417): CodeIgniter\CodeIgniter->run()
 5 SYSTEMPATH\Boot.php(68): CodeIgniter\Boot::runCodeIgniter(Object(CodeIgniter\CodeIgniter))
 6 FCPATH\index.php(59): CodeIgniter\Boot::bootWeb(Object(Config\Paths))
WARNING - 2026-05-16 15:47:32 --> [DEPRECATED] Creation of dynamic property App\Controllers\Murid::$pendidikan is deprecated in APPPATH\Controllers\Murid.php on line 18.
 1 SYSTEMPATH\CodeIgniter.php(921): App\Controllers\Murid->__construct()
 2 SYSTEMPATH\CodeIgniter.php(488): CodeIgniter\CodeIgniter->createController()
 3 SYSTEMPATH\CodeIgniter.php(340): CodeIgniter\CodeIgniter->handleRequest(null, Object(Config\Cache), false)
 4 SYSTEMPATH\Boot.php(417): CodeIgniter\CodeIgniter->run()
 5 SYSTEMPATH\Boot.php(68): CodeIgniter\Boot::runCodeIgniter(Object(CodeIgniter\CodeIgniter))
 6 FCPATH\index.php(59): CodeIgniter\Boot::bootWeb(Object(Config\Paths))
DEBUG - 2026-05-16 15:47:35 --> Session: Class initialized using 'CodeIgniter\Session\Handlers\FileHandler' driver.
DEBUG - 2026-05-16 15:47:38 --> Session: Class initialized using 'CodeIgniter\Session\Handlers\FileHandler' driver.
DEBUG - 2026-05-16 15:47:51 --> Session: Class initialized using 'CodeIgniter\Session\Handlers\FileHandler' driver.
DEBUG - 2026-05-16 15:48:03 --> Session: Class initialized using 'CodeIgniter\Session\Handlers\FileHandler' driver.
CRITICAL - 2026-05-16 16:35:51 --> CodeIgniter\View\Exceptions\ViewException: Invalid file: "Pendidikan/edit.php"
[Method: GET, Route: pendidikan/edit/1]
in SYSTEMPATH\Exceptions\FrameworkException.php on line 39.
 1 SYSTEMPATH\View\View.php(228): CodeIgniter\Exceptions\FrameworkException::forInvalidFile('Pendidikan/edit.php')
 2 SYSTEMPATH\Common.php(1250): CodeIgniter\View\View->render('Pendidikan/edit', [], true)
 3 APPPATH\Controllers\Pendidikan.php(46): view('Pendidikan/edit', [...])
 4 SYSTEMPATH\CodeIgniter.php(951): App\Controllers\Pendidikan->edit('1')
 5 SYSTEMPATH\CodeIgniter.php(497): CodeIgniter\CodeIgniter->runController(Object(App\Controllers\Pendidikan))
 6 SYSTEMPATH\CodeIgniter.php(340): CodeIgniter\CodeIgniter->handleRequest(null, Object(Config\Cache), false)
 7 SYSTEMPATH\Boot.php(417): CodeIgniter\CodeIgniter->run()
 8 SYSTEMPATH\Boot.php(68): CodeIgniter\Boot::runCodeIgniter(Object(CodeIgniter\CodeIgniter))
 9 FCPATH\index.php(59): CodeIgniter\Boot::bootWeb(Object(Config\Paths))
DEBUG - 2026-05-16 16:36:05 --> Session: Class initialized using 'CodeIgniter\Session\Handlers\FileHandler' driver.
DEBUG - 2026-05-16 16:36:11 --> Session: Class initialized using 'CodeIgniter\Session\Handlers\FileHandler' driver.
DEBUG - 2026-05-16 16:36:21 --> Session: Class initialized using 'CodeIgniter\Session\Handlers\FileHandler' driver.
DEBUG - 2026-05-16 16:36:49 --> Session: Class initialized using 'CodeIgniter\Session\Handlers\FileHandler' driver.
DEBUG - 2026-05-16 16:37:02 --> Session: Class initialized using 'CodeIgniter\Session\Handlers\FileHandler' driver.
DEBUG - 2026-05-16 16:37:05 --> Session: Class initialized using 'CodeIgniter\Session\Handlers\FileHandler' driver.
DEBUG - 2026-05-16 16:37:33 --> Session: Class initialized using 'CodeIgniter\Session\Handlers\FileHandler' driver.
DEBUG - 2026-05-16 16:37:33 --> Session: Class initialized using 'CodeIgniter\Session\Handlers\FileHandler' driver.
DEBUG - 2026-05-16 16:37:40 --> Session: Class initialized using 'CodeIgniter\Session\Handlers\FileHandler' driver.
DEBUG - 2026-05-16 16:37:49 --> Session: Class initialized using 'CodeIgniter\Session\Handlers\FileHandler' driver.
DEBUG - 2026-05-16 16:38:38 --> Session: Class initialized using 'CodeIgniter\Session\Handlers\FileHandler' driver.
CRITICAL - 2026-05-16 16:43:41 --> CodeIgniter\View\Exceptions\ViewException: Invalid file: "Pendidikan/edit.php"
[Method: GET, Route: pendidikan/edit/1]
in SYSTEMPATH\Exceptions\FrameworkException.php on line 39.
 1 SYSTEMPATH\View\View.php(228): CodeIgniter\Exceptions\FrameworkException::forInvalidFile('Pendidikan/edit.php')
 2 SYSTEMPATH\Common.php(1250): CodeIgniter\View\View->render('Pendidikan/edit', [], true)
 3 APPPATH\Controllers\Pendidikan.php(46): view('Pendidikan/edit', [...])
 4 SYSTEMPATH\CodeIgniter.php(951): App\Controllers\Pendidikan->edit('1')
 5 SYSTEMPATH\CodeIgniter.php(497): CodeIgniter\CodeIgniter->runController(Object(App\Controllers\Pendidikan))
 6 SYSTEMPATH\CodeIgniter.php(340): CodeIgniter\CodeIgniter->handleRequest(null, Object(Config\Cache), false)
 7 SYSTEMPATH\Boot.php(417): CodeIgniter\CodeIgniter->run()
 8 SYSTEMPATH\Boot.php(68): CodeIgniter\Boot::runCodeIgniter(Object(CodeIgniter\CodeIgniter))
 9 FCPATH\index.php(59): CodeIgniter\Boot::bootWeb(Object(Config\Paths))
