CRITICAL - 2026-06-10 09:31:10 --> ErrorException: touch(): Unable to create file session/ci_session334b0a85a21fa947ed76f04affde1bb4 because No such file or directory
[Method: GET, Route: admin]
in SYSTEMPATH/Session/Handlers/FileHandler.php on line 188.
 1 [internal function]: CodeIgniter\Debug\Exceptions->errorHandler()
 2 SYSTEMPATH/Session/Handlers/FileHandler.php(188): touch()
 3 [internal function]: CodeIgniter\Session\Handlers\FileHandler->write()
 4 [internal function]: session_write_close()
CRITICAL - 2026-06-10 09:39:42 --> ErrorException: touch(): Unable to create file session/ci_session82a6c17f76089bc5f4b62dc20f1cd917 because No such file or directory
[Method: GET, Route: admin]
in SYSTEMPATH/Session/Handlers/FileHandler.php on line 188.
 1 [internal function]: CodeIgniter\Debug\Exceptions->errorHandler()
 2 SYSTEMPATH/Session/Handlers/FileHandler.php(188): touch()
 3 [internal function]: CodeIgniter\Session\Handlers\FileHandler->write()
 4 [internal function]: session_write_close()
CRITICAL - 2026-06-10 09:40:03 --> ErrorException: touch(): Unable to create file session/ci_session82a6c17f76089bc5f4b62dc20f1cd917 because No such file or directory
[Method: GET, Route: admin]
in SYSTEMPATH/Session/Handlers/FileHandler.php on line 188.
 1 [internal function]: CodeIgniter\Debug\Exceptions->errorHandler()
 2 SYSTEMPATH/Session/Handlers/FileHandler.php(188): touch()
 3 [internal function]: CodeIgniter\Session\Handlers\FileHandler->write()
 4 [internal function]: session_write_close()
CRITICAL - 2026-06-10 09:50:00 --> ErrorException: touch(): Unable to create file session/ci_sessionff1bbf5ba960acc2d176ab7d7127e058 because No such file or directory
[Method: GET, Route: orangtua/dashboard]
in SYSTEMPATH/Session/Handlers/FileHandler.php on line 188.
 1 [internal function]: CodeIgniter\Debug\Exceptions->errorHandler()
 2 SYSTEMPATH/Session/Handlers/FileHandler.php(188): touch()
 3 [internal function]: CodeIgniter\Session\Handlers\FileHandler->write()
 4 [internal function]: session_write_close()
CRITICAL - 2026-06-10 09:50:30 --> ErrorException: touch(): Unable to create file session/ci_sessionff1bbf5ba960acc2d176ab7d7127e058 because No such file or directory
[Method: GET, Route: orangtua/dashboard]
in SYSTEMPATH/Session/Handlers/FileHandler.php on line 188.
 1 [internal function]: CodeIgniter\Debug\Exceptions->errorHandler()
 2 SYSTEMPATH/Session/Handlers/FileHandler.php(188): touch()
 3 [internal function]: CodeIgniter\Session\Handlers\FileHandler->write()
 4 [internal function]: session_write_close()
CRITICAL - 2026-06-10 09:50:31 --> ErrorException: touch(): Unable to create file session/ci_sessionff1bbf5ba960acc2d176ab7d7127e058 because No such file or directory
[Method: GET, Route: orangtua/dashboard]
in SYSTEMPATH/Session/Handlers/FileHandler.php on line 188.
 1 [internal function]: CodeIgniter\Debug\Exceptions->errorHandler()
 2 SYSTEMPATH/Session/Handlers/FileHandler.php(188): touch()
 3 [internal function]: CodeIgniter\Session\Handlers\FileHandler->write()
 4 [internal function]: session_write_close()
CRITICAL - 2026-06-10 09:52:42 --> ErrorException: touch(): Unable to create file session/ci_sessionff1bbf5ba960acc2d176ab7d7127e058 because No such file or directory
[Method: GET, Route: orangtua/dashboard]
in SYSTEMPATH/Session/Handlers/FileHandler.php on line 188.
 1 [internal function]: CodeIgniter\Debug\Exceptions->errorHandler()
 2 SYSTEMPATH/Session/Handlers/FileHandler.php(188): touch()
 3 [internal function]: CodeIgniter\Session\Handlers\FileHandler->write()
 4 [internal function]: session_write_close()
CRITICAL - 2026-06-10 09:52:43 --> ErrorException: touch(): Unable to create file session/ci_sessionff1bbf5ba960acc2d176ab7d7127e058 because No such file or directory
[Method: GET, Route: orangtua/dashboard]
in SYSTEMPATH/Session/Handlers/FileHandler.php on line 188.
 1 [internal function]: CodeIgniter\Debug\Exceptions->errorHandler()
 2 SYSTEMPATH/Session/Handlers/FileHandler.php(188): touch()
 3 [internal function]: CodeIgniter\Session\Handlers\FileHandler->write()
 4 [internal function]: session_write_close()
CRITICAL - 2026-06-10 10:02:20 --> ErrorException: touch(): Unable to create file session/ci_session0c80fd1484b4a84e8befbbb124b649c8 because No such file or directory
[Method: GET, Route: orangtua/dashboard]
in SYSTEMPATH/Session/Handlers/FileHandler.php on line 188.
 1 [internal function]: CodeIgniter\Debug\Exceptions->errorHandler()
 2 SYSTEMPATH/Session/Handlers/FileHandler.php(188): touch()
 3 [internal function]: CodeIgniter\Session\Handlers\FileHandler->write()
 4 [internal function]: session_write_close()
CRITICAL - 2026-06-10 10:02:22 --> ErrorException: touch(): Unable to create file session/ci_session0c80fd1484b4a84e8befbbb124b649c8 because No such file or directory
[Method: GET, Route: orangtua/dashboard]
in SYSTEMPATH/Session/Handlers/FileHandler.php on line 188.
 1 [internal function]: CodeIgniter\Debug\Exceptions->errorHandler()
 2 SYSTEMPATH/Session/Handlers/FileHandler.php(188): touch()
 3 [internal function]: CodeIgniter\Session\Handlers\FileHandler->write()
 4 [internal function]: session_write_close()
CRITICAL - 2026-06-10 10:05:02 --> ErrorException: touch(): Unable to create file session/ci_session0c80fd1484b4a84e8befbbb124b649c8 because No such file or directory
[Method: GET, Route: orangtua/dashboard]
in SYSTEMPATH/Session/Handlers/FileHandler.php on line 188.
 1 [internal function]: CodeIgniter\Debug\Exceptions->errorHandler()
 2 SYSTEMPATH/Session/Handlers/FileHandler.php(188): touch()
 3 [internal function]: CodeIgniter\Session\Handlers\FileHandler->write()
 4 [internal function]: session_write_close()
CRITICAL - 2026-06-10 10:05:03 --> ErrorException: touch(): Unable to create file session/ci_session0c80fd1484b4a84e8befbbb124b649c8 because No such file or directory
[Method: GET, Route: orangtua/dashboard]
in SYSTEMPATH/Session/Handlers/FileHandler.php on line 188.
 1 [internal function]: CodeIgniter\Debug\Exceptions->errorHandler()
 2 SYSTEMPATH/Session/Handlers/FileHandler.php(188): touch()
 3 [internal function]: CodeIgniter\Session\Handlers\FileHandler->write()
 4 [internal function]: session_write_close()
CRITICAL - 2026-06-10 10:05:04 --> ErrorException: touch(): Unable to create file session/ci_session0c80fd1484b4a84e8befbbb124b649c8 because No such file or directory
[Method: GET, Route: orangtua/dashboard]
in SYSTEMPATH/Session/Handlers/FileHandler.php on line 188.
 1 [internal function]: CodeIgniter\Debug\Exceptions->errorHandler()
 2 SYSTEMPATH/Session/Handlers/FileHandler.php(188): touch()
 3 [internal function]: CodeIgniter\Session\Handlers\FileHandler->write()
 4 [internal function]: session_write_close()
CRITICAL - 2026-06-10 10:05:11 --> ErrorException: touch(): Unable to create file session/ci_session0c80fd1484b4a84e8befbbb124b649c8 because No such file or directory
[Method: GET, Route: orangtua/dashboard]
in SYSTEMPATH/Session/Handlers/FileHandler.php on line 188.
 1 [internal function]: CodeIgniter\Debug\Exceptions->errorHandler()
 2 SYSTEMPATH/Session/Handlers/FileHandler.php(188): touch()
 3 [internal function]: CodeIgniter\Session\Handlers\FileHandler->write()
 4 [internal function]: session_write_close()
CRITICAL - 2026-06-10 10:05:11 --> ErrorException: touch(): Unable to create file session/ci_session0c80fd1484b4a84e8befbbb124b649c8 because No such file or directory
[Method: GET, Route: orangtua/dashboard]
in SYSTEMPATH/Session/Handlers/FileHandler.php on line 188.
 1 [internal function]: CodeIgniter\Debug\Exceptions->errorHandler()
 2 SYSTEMPATH/Session/Handlers/FileHandler.php(188): touch()
 3 [internal function]: CodeIgniter\Session\Handlers\FileHandler->write()
 4 [internal function]: session_write_close()
CRITICAL - 2026-06-10 10:05:12 --> ErrorException: touch(): Unable to create file session/ci_session0c80fd1484b4a84e8befbbb124b649c8 because No such file or directory
[Method: GET, Route: orangtua/dashboard]
in SYSTEMPATH/Session/Handlers/FileHandler.php on line 188.
 1 [internal function]: CodeIgniter\Debug\Exceptions->errorHandler()
 2 SYSTEMPATH/Session/Handlers/FileHandler.php(188): touch()
 3 [internal function]: CodeIgniter\Session\Handlers\FileHandler->write()
 4 [internal function]: session_write_close()
CRITICAL - 2026-06-10 10:05:12 --> ErrorException: touch(): Unable to create file session/ci_session0c80fd1484b4a84e8befbbb124b649c8 because No such file or directory
[Method: GET, Route: orangtua/dashboard]
in SYSTEMPATH/Session/Handlers/FileHandler.php on line 188.
 1 [internal function]: CodeIgniter\Debug\Exceptions->errorHandler()
 2 SYSTEMPATH/Session/Handlers/FileHandler.php(188): touch()
 3 [internal function]: CodeIgniter\Session\Handlers\FileHandler->write()
 4 [internal function]: session_write_close()
CRITICAL - 2026-06-10 10:05:12 --> ErrorException: touch(): Unable to create file session/ci_session0c80fd1484b4a84e8befbbb124b649c8 because No such file or directory
[Method: GET, Route: orangtua/dashboard]
in SYSTEMPATH/Session/Handlers/FileHandler.php on line 188.
 1 [internal function]: CodeIgniter\Debug\Exceptions->errorHandler()
 2 SYSTEMPATH/Session/Handlers/FileHandler.php(188): touch()
 3 [internal function]: CodeIgniter\Session\Handlers\FileHandler->write()
 4 [internal function]: session_write_close()
CRITICAL - 2026-06-10 10:05:12 --> ErrorException: touch(): Unable to create file session/ci_session0c80fd1484b4a84e8befbbb124b649c8 because No such file or directory
[Method: GET, Route: orangtua/dashboard]
in SYSTEMPATH/Session/Handlers/FileHandler.php on line 188.
 1 [internal function]: CodeIgniter\Debug\Exceptions->errorHandler()
 2 SYSTEMPATH/Session/Handlers/FileHandler.php(188): touch()
 3 [internal function]: CodeIgniter\Session\Handlers\FileHandler->write()
 4 [internal function]: session_write_close()
CRITICAL - 2026-06-10 10:05:12 --> ErrorException: touch(): Unable to create file session/ci_session0c80fd1484b4a84e8befbbb124b649c8 because No such file or directory
[Method: GET, Route: orangtua/dashboard]
in SYSTEMPATH/Session/Handlers/FileHandler.php on line 188.
 1 [internal function]: CodeIgniter\Debug\Exceptions->errorHandler()
 2 SYSTEMPATH/Session/Handlers/FileHandler.php(188): touch()
 3 [internal function]: CodeIgniter\Session\Handlers\FileHandler->write()
 4 [internal function]: session_write_close()
CRITICAL - 2026-06-10 10:09:32 --> ErrorException: touch(): Unable to create file session/ci_session6278b318bdebc547a4abdeb98f571bdf because No such file or directory
[Method: GET, Route: orangtua/dashboard]
in SYSTEMPATH/Session/Handlers/FileHandler.php on line 188.
 1 [internal function]: CodeIgniter\Debug\Exceptions->errorHandler()
 2 SYSTEMPATH/Session/Handlers/FileHandler.php(188): touch()
 3 [internal function]: CodeIgniter\Session\Handlers\FileHandler->write()
 4 [internal function]: session_write_close()
CRITICAL - 2026-06-10 10:11:10 --> ErrorException: touch(): Unable to create file session/ci_session6278b318bdebc547a4abdeb98f571bdf because No such file or directory
[Method: GET, Route: orangtua/dashboard]
in SYSTEMPATH/Session/Handlers/FileHandler.php on line 188.
 1 [internal function]: CodeIgniter\Debug\Exceptions->errorHandler()
 2 SYSTEMPATH/Session/Handlers/FileHandler.php(188): touch()
 3 [internal function]: CodeIgniter\Session\Handlers\FileHandler->write()
 4 [internal function]: session_write_close()
CRITICAL - 2026-06-10 10:11:12 --> ErrorException: touch(): Unable to create file session/ci_session6278b318bdebc547a4abdeb98f571bdf because No such file or directory
[Method: GET, Route: orangtua/dashboard]
in SYSTEMPATH/Session/Handlers/FileHandler.php on line 188.
 1 [internal function]: CodeIgniter\Debug\Exceptions->errorHandler()
 2 SYSTEMPATH/Session/Handlers/FileHandler.php(188): touch()
 3 [internal function]: CodeIgniter\Session\Handlers\FileHandler->write()
 4 [internal function]: session_write_close()
CRITICAL - 2026-06-10 10:19:03 --> ErrorException: touch(): Unable to create file session/ci_session8991be123546c9e527d887ad591c0285 because No such file or directory
[Method: GET, Route: admin]
in SYSTEMPATH/Session/Handlers/FileHandler.php on line 188.
 1 [internal function]: CodeIgniter\Debug\Exceptions->errorHandler()
 2 SYSTEMPATH/Session/Handlers/FileHandler.php(188): touch()
 3 [internal function]: CodeIgniter\Session\Handlers\FileHandler->write()
 4 [internal function]: session_write_close()
CRITICAL - 2026-06-10 10:24:38 --> ErrorException: touch(): Unable to create file session/ci_session275820a8042d44af1203adf69368f593 because No such file or directory
[Method: GET, Route: admin]
in SYSTEMPATH/Session/Handlers/FileHandler.php on line 188.
 1 [internal function]: CodeIgniter\Debug\Exceptions->errorHandler()
 2 SYSTEMPATH/Session/Handlers/FileHandler.php(188): touch()
 3 [internal function]: CodeIgniter\Session\Handlers\FileHandler->write()
 4 [internal function]: session_write_close()
CRITICAL - 2026-06-10 10:24:39 --> ErrorException: touch(): Unable to create file session/ci_session275820a8042d44af1203adf69368f593 because No such file or directory
[Method: GET, Route: admin]
in SYSTEMPATH/Session/Handlers/FileHandler.php on line 188.
 1 [internal function]: CodeIgniter\Debug\Exceptions->errorHandler()
 2 SYSTEMPATH/Session/Handlers/FileHandler.php(188): touch()
 3 [internal function]: CodeIgniter\Session\Handlers\FileHandler->write()
 4 [internal function]: session_write_close()
CRITICAL - 2026-06-10 10:24:39 --> ErrorException: touch(): Unable to create file session/ci_session275820a8042d44af1203adf69368f593 because No such file or directory
[Method: GET, Route: admin]
in SYSTEMPATH/Session/Handlers/FileHandler.php on line 188.
 1 [internal function]: CodeIgniter\Debug\Exceptions->errorHandler()
 2 SYSTEMPATH/Session/Handlers/FileHandler.php(188): touch()
 3 [internal function]: CodeIgniter\Session\Handlers\FileHandler->write()
 4 [internal function]: session_write_close()
CRITICAL - 2026-06-10 10:24:40 --> ErrorException: touch(): Unable to create file session/ci_session275820a8042d44af1203adf69368f593 because No such file or directory
[Method: GET, Route: admin]
in SYSTEMPATH/Session/Handlers/FileHandler.php on line 188.
 1 [internal function]: CodeIgniter\Debug\Exceptions->errorHandler()
 2 SYSTEMPATH/Session/Handlers/FileHandler.php(188): touch()
 3 [internal function]: CodeIgniter\Session\Handlers\FileHandler->write()
 4 [internal function]: session_write_close()
CRITICAL - 2026-06-10 10:24:40 --> ErrorException: touch(): Unable to create file session/ci_session275820a8042d44af1203adf69368f593 because No such file or directory
[Method: GET, Route: admin]
in SYSTEMPATH/Session/Handlers/FileHandler.php on line 188.
 1 [internal function]: CodeIgniter\Debug\Exceptions->errorHandler()
 2 SYSTEMPATH/Session/Handlers/FileHandler.php(188): touch()
 3 [internal function]: CodeIgniter\Session\Handlers\FileHandler->write()
 4 [internal function]: session_write_close()
CRITICAL - 2026-06-10 10:24:48 --> ErrorException: touch(): Unable to create file session/ci_session1867458ad6205adffc12c2e131f7e152 because No such file or directory
[Method: GET, Route: orangtua/dashboard]
in SYSTEMPATH/Session/Handlers/FileHandler.php on line 188.
 1 [internal function]: CodeIgniter\Debug\Exceptions->errorHandler()
 2 SYSTEMPATH/Session/Handlers/FileHandler.php(188): touch()
 3 [internal function]: CodeIgniter\Session\Handlers\FileHandler->write()
 4 [internal function]: session_write_close()
CRITICAL - 2026-06-10 10:24:54 --> ErrorException: touch(): Unable to create file session/ci_session1867458ad6205adffc12c2e131f7e152 because No such file or directory
[Method: GET, Route: orangtua/dashboard]
in SYSTEMPATH/Session/Handlers/FileHandler.php on line 188.
 1 [internal function]: CodeIgniter\Debug\Exceptions->errorHandler()
 2 SYSTEMPATH/Session/Handlers/FileHandler.php(188): touch()
 3 [internal function]: CodeIgniter\Session\Handlers\FileHandler->write()
 4 [internal function]: session_write_close()
CRITICAL - 2026-06-10 10:28:57 --> ErrorException: touch(): Unable to create file session/ci_session1867458ad6205adffc12c2e131f7e152 because No such file or directory
[Method: GET, Route: orangtua/dashboard]
in SYSTEMPATH/Session/Handlers/FileHandler.php on line 188.
 1 [internal function]: CodeIgniter\Debug\Exceptions->errorHandler()
 2 SYSTEMPATH/Session/Handlers/FileHandler.php(188): touch()
 3 [internal function]: CodeIgniter\Session\Handlers\FileHandler->write()
 4 [internal function]: session_write_close()
CRITICAL - 2026-06-10 10:28:59 --> ErrorException: touch(): Unable to create file session/ci_session1867458ad6205adffc12c2e131f7e152 because No such file or directory
[Method: GET, Route: orangtua/dashboard]
in SYSTEMPATH/Session/Handlers/FileHandler.php on line 188.
 1 [internal function]: CodeIgniter\Debug\Exceptions->errorHandler()
 2 SYSTEMPATH/Session/Handlers/FileHandler.php(188): touch()
 3 [internal function]: CodeIgniter\Session\Handlers\FileHandler->write()
 4 [internal function]: session_write_close()
CRITICAL - 2026-06-10 10:29:00 --> ErrorException: touch(): Unable to create file session/ci_session1867458ad6205adffc12c2e131f7e152 because No such file or directory
[Method: GET, Route: orangtua/dashboard]
in SYSTEMPATH/Session/Handlers/FileHandler.php on line 188.
 1 [internal function]: CodeIgniter\Debug\Exceptions->errorHandler()
 2 SYSTEMPATH/Session/Handlers/FileHandler.php(188): touch()
 3 [internal function]: CodeIgniter\Session\Handlers\FileHandler->write()
 4 [internal function]: session_write_close()
CRITICAL - 2026-06-10 10:29:00 --> ErrorException: touch(): Unable to create file session/ci_session1867458ad6205adffc12c2e131f7e152 because No such file or directory
[Method: GET, Route: orangtua/dashboard]
in SYSTEMPATH/Session/Handlers/FileHandler.php on line 188.
 1 [internal function]: CodeIgniter\Debug\Exceptions->errorHandler()
 2 SYSTEMPATH/Session/Handlers/FileHandler.php(188): touch()
 3 [internal function]: CodeIgniter\Session\Handlers\FileHandler->write()
 4 [internal function]: session_write_close()
CRITICAL - 2026-06-10 10:29:02 --> ErrorException: touch(): Unable to create file session/ci_session1867458ad6205adffc12c2e131f7e152 because No such file or directory
[Method: GET, Route: orangtua/dashboard]
in SYSTEMPATH/Session/Handlers/FileHandler.php on line 188.
 1 [internal function]: CodeIgniter\Debug\Exceptions->errorHandler()
 2 SYSTEMPATH/Session/Handlers/FileHandler.php(188): touch()
 3 [internal function]: CodeIgniter\Session\Handlers\FileHandler->write()
 4 [internal function]: session_write_close()
CRITICAL - 2026-06-10 10:31:59 --> ErrorException: touch(): Unable to create file session/ci_session0b1df86085e3f1cd2c4c8e8ddbdf22b6 because No such file or directory
[Method: GET, Route: orangtua/dashboard]
in SYSTEMPATH/Session/Handlers/FileHandler.php on line 188.
 1 [internal function]: CodeIgniter\Debug\Exceptions->errorHandler()
 2 SYSTEMPATH/Session/Handlers/FileHandler.php(188): touch()
 3 [internal function]: CodeIgniter\Session\Handlers\FileHandler->write()
 4 [internal function]: session_write_close()
CRITICAL - 2026-06-10 10:33:04 --> ErrorException: Uncaught CodeIgniter\Exceptions\PageNotFoundException: Can't find a route for 'CLI: /'. in /home/raperwan/public_html/system/CodeIgniter.php:1001
Stack trace:
#0 /home/raperwan/public_html/system/CodeIgniter.php(1001): CodeIgniter\Exceptions\PageNotFoundException::forPageNotFound()
#1 /home/raperwan/public_html/system/CodeIgniter.php(346): CodeIgniter\CodeIgniter->display404errors()
#2 /home/raperwan/public_html/system/Boot.php(417): CodeIgniter\CodeIgniter->run()
#3 /home/raperwan/public_html/system/Boot.php(68): CodeIgniter\Boot::runCodeIgniter()
#4 /home/raperwan/public_html/public/index.php(59): CodeIgniter\Boot::bootWeb()
#5 Command line code(2): require('/home/raperwan/...')
#6 {main}
  thrown
[Method: CLI, Route: /]
in SYSTEMPATH/CodeIgniter.php on line 1001.
 1 [internal function]: CodeIgniter\Debug\Exceptions->shutdownHandler()
CRITICAL - 2026-06-10 10:33:09 --> ErrorException: Uncaught CodeIgniter\Exceptions\PageNotFoundException: Can't find a route for 'CLI: /'. in /home/raperwan/public_html/system/CodeIgniter.php:1001
Stack trace:
#0 /home/raperwan/public_html/system/CodeIgniter.php(1001): CodeIgniter\Exceptions\PageNotFoundException::forPageNotFound()
#1 /home/raperwan/public_html/system/CodeIgniter.php(346): CodeIgniter\CodeIgniter->display404errors()
#2 /home/raperwan/public_html/system/Boot.php(417): CodeIgniter\CodeIgniter->run()
#3 /home/raperwan/public_html/system/Boot.php(68): CodeIgniter\Boot::runCodeIgniter()
#4 /home/raperwan/public_html/public/index.php(59): CodeIgniter\Boot::bootWeb()
#5 Command line code(2): require('/home/raperwan/...')
#6 {main}
  thrown
[Method: CLI, Route: /]
in SYSTEMPATH/CodeIgniter.php on line 1001.
 1 [internal function]: CodeIgniter\Debug\Exceptions->shutdownHandler()
CRITICAL - 2026-06-10 10:34:36 --> ErrorException: touch(): Unable to create file session/ci_session0b1df86085e3f1cd2c4c8e8ddbdf22b6 because No such file or directory
[Method: GET, Route: orangtua/dashboard]
in SYSTEMPATH/Session/Handlers/FileHandler.php on line 188.
 1 [internal function]: CodeIgniter\Debug\Exceptions->errorHandler()
 2 SYSTEMPATH/Session/Handlers/FileHandler.php(188): touch()
 3 [internal function]: CodeIgniter\Session\Handlers\FileHandler->write()
 4 [internal function]: session_write_close()
CRITICAL - 2026-06-10 10:34:37 --> ErrorException: touch(): Unable to create file session/ci_session0b1df86085e3f1cd2c4c8e8ddbdf22b6 because No such file or directory
[Method: GET, Route: orangtua/dashboard]
in SYSTEMPATH/Session/Handlers/FileHandler.php on line 188.
 1 [internal function]: CodeIgniter\Debug\Exceptions->errorHandler()
 2 SYSTEMPATH/Session/Handlers/FileHandler.php(188): touch()
 3 [internal function]: CodeIgniter\Session\Handlers\FileHandler->write()
 4 [internal function]: session_write_close()
CRITICAL - 2026-06-10 10:34:38 --> ErrorException: touch(): Unable to create file session/ci_session0b1df86085e3f1cd2c4c8e8ddbdf22b6 because No such file or directory
[Method: GET, Route: orangtua/dashboard]
in SYSTEMPATH/Session/Handlers/FileHandler.php on line 188.
 1 [internal function]: CodeIgniter\Debug\Exceptions->errorHandler()
 2 SYSTEMPATH/Session/Handlers/FileHandler.php(188): touch()
 3 [internal function]: CodeIgniter\Session\Handlers\FileHandler->write()
 4 [internal function]: session_write_close()
CRITICAL - 2026-06-10 10:34:55 --> ErrorException: touch(): Unable to create file session/ci_session0b1df86085e3f1cd2c4c8e8ddbdf22b6 because No such file or directory
[Method: GET, Route: ebook]
in SYSTEMPATH/Session/Handlers/FileHandler.php on line 188.
 1 [internal function]: CodeIgniter\Debug\Exceptions->errorHandler()
 2 SYSTEMPATH/Session/Handlers/FileHandler.php(188): touch()
 3 [internal function]: CodeIgniter\Session\Handlers\FileHandler->write()
 4 [internal function]: session_write_close()
CRITICAL - 2026-06-10 10:36:15 --> ErrorException: touch(): Unable to create file session/ci_session0b1df86085e3f1cd2c4c8e8ddbdf22b6 because No such file or directory
[Method: GET, Route: orangtua/dashboard]
in SYSTEMPATH/Session/Handlers/FileHandler.php on line 188.
 1 [internal function]: CodeIgniter\Debug\Exceptions->errorHandler()
 2 SYSTEMPATH/Session/Handlers/FileHandler.php(188): touch()
 3 [internal function]: CodeIgniter\Session\Handlers\FileHandler->write()
 4 [internal function]: session_write_close()
CRITICAL - 2026-06-10 10:37:05 --> ErrorException: touch(): Unable to create file session/ci_sessiona4931115d4f1fbdbe635c33defdcdf83 because No such file or directory
[Method: GET, Route: admin]
in SYSTEMPATH/Session/Handlers/FileHandler.php on line 188.
 1 [internal function]: CodeIgniter\Debug\Exceptions->errorHandler()
 2 SYSTEMPATH/Session/Handlers/FileHandler.php(188): touch()
 3 [internal function]: CodeIgniter\Session\Handlers\FileHandler->write()
 4 [internal function]: session_write_close()
CRITICAL - 2026-06-10 10:41:28 --> ErrorException: touch(): Unable to create file session/ci_sessiona4931115d4f1fbdbe635c33defdcdf83 because No such file or directory
[Method: GET, Route: admin]
in SYSTEMPATH/Session/Handlers/FileHandler.php on line 188.
 1 [internal function]: CodeIgniter\Debug\Exceptions->errorHandler()
 2 SYSTEMPATH/Session/Handlers/FileHandler.php(188): touch()
 3 [internal function]: CodeIgniter\Session\Handlers\FileHandler->write()
 4 [internal function]: session_write_close()
CRITICAL - 2026-06-10 10:44:58 --> ErrorException: touch(): Unable to create file session/ci_sessionea4c9e07e802c9d9583224e532706d14 because No such file or directory
[Method: GET, Route: orangtua/dashboard]
in SYSTEMPATH/Session/Handlers/FileHandler.php on line 188.
 1 [internal function]: CodeIgniter\Debug\Exceptions->errorHandler()
 2 SYSTEMPATH/Session/Handlers/FileHandler.php(188): touch()
 3 [internal function]: CodeIgniter\Session\Handlers\FileHandler->write()
 4 [internal function]: session_write_close()
CRITICAL - 2026-06-10 10:50:37 --> ErrorException: touch(): Unable to create file session/ci_session716ec9ab84880cb23e16554fb0b822f0 because No such file or directory
[Method: GET, Route: orangtua/dashboard]
in SYSTEMPATH/Session/Handlers/FileHandler.php on line 188.
 1 [internal function]: CodeIgniter\Debug\Exceptions->errorHandler()
 2 SYSTEMPATH/Session/Handlers/FileHandler.php(188): touch()
 3 [internal function]: CodeIgniter\Session\Handlers\FileHandler->write()
 4 [internal function]: session_write_close()
CRITICAL - 2026-06-10 10:50:45 --> ErrorException: touch(): Unable to create file session/ci_session716ec9ab84880cb23e16554fb0b822f0 because No such file or directory
[Method: GET, Route: orangtua/dashboard]
in SYSTEMPATH/Session/Handlers/FileHandler.php on line 188.
 1 [internal function]: CodeIgniter\Debug\Exceptions->errorHandler()
 2 SYSTEMPATH/Session/Handlers/FileHandler.php(188): touch()
 3 [internal function]: CodeIgniter\Session\Handlers\FileHandler->write()
 4 [internal function]: session_write_close()
CRITICAL - 2026-06-10 10:51:14 --> ErrorException: touch(): Unable to create file session/ci_session3a9c29f0893f01b579464720da63bac1 because No such file or directory
[Method: GET, Route: admin]
in SYSTEMPATH/Session/Handlers/FileHandler.php on line 188.
 1 [internal function]: CodeIgniter\Debug\Exceptions->errorHandler()
 2 SYSTEMPATH/Session/Handlers/FileHandler.php(188): touch()
 3 [internal function]: CodeIgniter\Session\Handlers\FileHandler->write()
 4 [internal function]: session_write_close()
CRITICAL - 2026-06-10 10:52:35 --> ErrorException: touch(): Unable to create file session/ci_session72fd2657a4fee284c46e60934d62509d because No such file or directory
[Method: GET, Route: orangtua/dashboard]
in SYSTEMPATH/Session/Handlers/FileHandler.php on line 188.
 1 [internal function]: CodeIgniter\Debug\Exceptions->errorHandler()
 2 SYSTEMPATH/Session/Handlers/FileHandler.php(188): touch()
 3 [internal function]: CodeIgniter\Session\Handlers\FileHandler->write()
 4 [internal function]: session_write_close()
CRITICAL - 2026-06-10 10:53:20 --> ErrorException: touch(): Unable to create file session/ci_sessionf7d1b1ecfe5a39279f6fb9551f992ddb because No such file or directory
[Method: GET, Route: admin]
in SYSTEMPATH/Session/Handlers/FileHandler.php on line 188.
 1 [internal function]: CodeIgniter\Debug\Exceptions->errorHandler()
 2 SYSTEMPATH/Session/Handlers/FileHandler.php(188): touch()
 3 [internal function]: CodeIgniter\Session\Handlers\FileHandler->write()
 4 [internal function]: session_write_close()
CRITICAL - 2026-06-10 11:01:42 --> ErrorException: touch(): Unable to create file session/ci_session42d87e833fe2cbd7d3de2ae280bb64ae because No such file or directory
[Method: GET, Route: admin]
in SYSTEMPATH/Session/Handlers/FileHandler.php on line 188.
 1 [internal function]: CodeIgniter\Debug\Exceptions->errorHandler()
 2 SYSTEMPATH/Session/Handlers/FileHandler.php(188): touch()
 3 [internal function]: CodeIgniter\Session\Handlers\FileHandler->write()
 4 [internal function]: session_write_close()
CRITICAL - 2026-06-10 11:01:43 --> ErrorException: touch(): Unable to create file session/ci_session42d87e833fe2cbd7d3de2ae280bb64ae because No such file or directory
[Method: GET, Route: admin]
in SYSTEMPATH/Session/Handlers/FileHandler.php on line 188.
 1 [internal function]: CodeIgniter\Debug\Exceptions->errorHandler()
 2 SYSTEMPATH/Session/Handlers/FileHandler.php(188): touch()
 3 [internal function]: CodeIgniter\Session\Handlers\FileHandler->write()
 4 [internal function]: session_write_close()
CRITICAL - 2026-06-10 11:01:44 --> ErrorException: touch(): Unable to create file session/ci_session42d87e833fe2cbd7d3de2ae280bb64ae because No such file or directory
[Method: GET, Route: admin]
in SYSTEMPATH/Session/Handlers/FileHandler.php on line 188.
 1 [internal function]: CodeIgniter\Debug\Exceptions->errorHandler()
 2 SYSTEMPATH/Session/Handlers/FileHandler.php(188): touch()
 3 [internal function]: CodeIgniter\Session\Handlers\FileHandler->write()
 4 [internal function]: session_write_close()
CRITICAL - 2026-06-10 11:01:46 --> ErrorException: touch(): Unable to create file session/ci_session42d87e833fe2cbd7d3de2ae280bb64ae because No such file or directory
[Method: GET, Route: admin]
in SYSTEMPATH/Session/Handlers/FileHandler.php on line 188.
 1 [internal function]: CodeIgniter\Debug\Exceptions->errorHandler()
 2 SYSTEMPATH/Session/Handlers/FileHandler.php(188): touch()
 3 [internal function]: CodeIgniter\Session\Handlers\FileHandler->write()
 4 [internal function]: session_write_close()
CRITICAL - 2026-06-10 11:01:46 --> ErrorException: touch(): Unable to create file session/ci_session42d87e833fe2cbd7d3de2ae280bb64ae because No such file or directory
[Method: GET, Route: admin]
in SYSTEMPATH/Session/Handlers/FileHandler.php on line 188.
 1 [internal function]: CodeIgniter\Debug\Exceptions->errorHandler()
 2 SYSTEMPATH/Session/Handlers/FileHandler.php(188): touch()
 3 [internal function]: CodeIgniter\Session\Handlers\FileHandler->write()
 4 [internal function]: session_write_close()
CRITICAL - 2026-06-10 11:02:44 --> ErrorException: touch(): Unable to create file session/ci_session42d87e833fe2cbd7d3de2ae280bb64ae because No such file or directory
[Method: GET, Route: orangtua/dashboard]
in SYSTEMPATH/Session/Handlers/FileHandler.php on line 188.
 1 [internal function]: CodeIgniter\Debug\Exceptions->errorHandler()
 2 SYSTEMPATH/Session/Handlers/FileHandler.php(188): touch()
 3 [internal function]: CodeIgniter\Session\Handlers\FileHandler->write()
 4 [internal function]: session_write_close()
CRITICAL - 2026-06-10 11:03:01 --> ErrorException: touch(): Unable to create file session/ci_session7e9a76835aea8a134ce36b3c383e47ce because No such file or directory
[Method: GET, Route: orangtua/dashboard]
in SYSTEMPATH/Session/Handlers/FileHandler.php on line 188.
 1 [internal function]: CodeIgniter\Debug\Exceptions->errorHandler()
 2 SYSTEMPATH/Session/Handlers/FileHandler.php(188): touch()
 3 [internal function]: CodeIgniter\Session\Handlers\FileHandler->write()
 4 [internal function]: session_write_close()
CRITICAL - 2026-06-10 11:03:59 --> ErrorException: touch(): Unable to create file session/ci_session087a8cee06dc2b312b53d6240c6b2e50 because No such file or directory
[Method: GET, Route: orangtua/dashboard]
in SYSTEMPATH/Session/Handlers/FileHandler.php on line 188.
 1 [internal function]: CodeIgniter\Debug\Exceptions->errorHandler()
 2 SYSTEMPATH/Session/Handlers/FileHandler.php(188): touch()
 3 [internal function]: CodeIgniter\Session\Handlers\FileHandler->write()
 4 [internal function]: session_write_close()
CRITICAL - 2026-06-10 11:12:26 --> ErrorException: touch(): Unable to create file session/ci_session40d08a8b95abcbba823862b13a5e91f1 because No such file or directory
[Method: GET, Route: orangtua/dashboard]
in SYSTEMPATH/Session/Handlers/FileHandler.php on line 188.
 1 [internal function]: CodeIgniter\Debug\Exceptions->errorHandler()
 2 SYSTEMPATH/Session/Handlers/FileHandler.php(188): touch()
 3 [internal function]: CodeIgniter\Session\Handlers\FileHandler->write()
 4 [internal function]: session_write_close()
CRITICAL - 2026-06-10 13:13:34 --> CodeIgniter\Cache\Exceptions\CacheException: Cache unable to write to "C:\xampp-baru\htdocs\tk\writable\cache/".
[Method: GET, Route: /]
in SYSTEMPATH\Cache\Handlers\FileHandler.php on line 66.
 1 SYSTEMPATH\Cache\Handlers\FileHandler.php(66): CodeIgniter\Cache\Exceptions\CacheException::forUnableToWrite('C:\\xampp-baru\\htdocs\\tk\\writable\\cache/')
 2 SYSTEMPATH\Cache\CacheFactory.php(67): CodeIgniter\Cache\Handlers\FileHandler->__construct(Object(Config\Cache))
 3 SYSTEMPATH\Config\Services.php(129): CodeIgniter\Cache\CacheFactory::getHandler(Object(Config\Cache))
 4 SYSTEMPATH\Config\BaseService.php(325): CodeIgniter\Config\Services::cache(Object(Config\Cache), false)
 5 SYSTEMPATH\Config\BaseService.php(264): CodeIgniter\Config\BaseService::__callStatic('cache', [...])
 6 SYSTEMPATH\Config\Services.php(124): CodeIgniter\Config\BaseService::getSharedInstance('cache', null)
 7 SYSTEMPATH\Config\BaseService.php(334): CodeIgniter\Config\Services::cache()
 8 SYSTEMPATH\Config\BaseService.php(203): CodeIgniter\Config\BaseService::__callStatic('cache', [])
 9 SYSTEMPATH\Config\Services.php(454): CodeIgniter\Config\BaseService::get('cache')
10 SYSTEMPATH\Config\BaseService.php(325): CodeIgniter\Config\Services::responsecache(Object(Config\Cache), null, false)
11 SYSTEMPATH\Config\BaseService.php(264): CodeIgniter\Config\BaseService::__callStatic('responsecache', [...])
12 SYSTEMPATH\Config\Services.php(450): CodeIgniter\Config\BaseService::getSharedInstance('responsecache', null, null)
13 SYSTEMPATH\Config\BaseService.php(334): CodeIgniter\Config\Services::responsecache()
14 SYSTEMPATH\CodeIgniter.php(178): CodeIgniter\Config\BaseService::__callStatic('responsecache', [])
15 SYSTEMPATH\Config\Services.php(164): CodeIgniter\CodeIgniter->__construct(Object(Config\App))
16 SYSTEMPATH\Config\BaseService.php(325): CodeIgniter\Config\Services::codeigniter(Object(Config\App), false)
17 SYSTEMPATH\Config\BaseService.php(264): CodeIgniter\Config\BaseService::__callStatic('codeigniter', [...])
18 SYSTEMPATH\Config\Services.php(159): CodeIgniter\Config\BaseService::getSharedInstance('codeigniter', null)
19 SYSTEMPATH\Config\BaseService.php(334): CodeIgniter\Config\Services::codeigniter()
20 SYSTEMPATH\Config\BaseService.php(203): CodeIgniter\Config\BaseService::__callStatic('codeigniter', [])
21 SYSTEMPATH\Common.php(1078): CodeIgniter\Config\BaseService::get('codeigniter')
22 SYSTEMPATH\Boot.php(403): service('codeigniter')
23 SYSTEMPATH\Boot.php(163): CodeIgniter\Boot::initializeCodeIgniter()
24 ROOTPATH\spark(87): CodeIgniter\Boot::bootSpark(Object(Config\Paths))
CRITICAL - 2026-06-10 13:14:21 --> CodeIgniter\Cache\Exceptions\CacheException: Cache unable to write to "C:\xampp-baru\htdocs\tk\writable\cache/".
[Method: GET, Route: /]
in SYSTEMPATH\Cache\Handlers\FileHandler.php on line 66.
 1 SYSTEMPATH\Cache\Handlers\FileHandler.php(66): CodeIgniter\Cache\Exceptions\CacheException::forUnableToWrite('C:\\xampp-baru\\htdocs\\tk\\writable\\cache/')
 2 SYSTEMPATH\Cache\CacheFactory.php(67): CodeIgniter\Cache\Handlers\FileHandler->__construct(Object(Config\Cache))
 3 SYSTEMPATH\Config\Services.php(129): CodeIgniter\Cache\CacheFactory::getHandler(Object(Config\Cache))
 4 SYSTEMPATH\Config\BaseService.php(325): CodeIgniter\Config\Services::cache(Object(Config\Cache), false)
 5 SYSTEMPATH\Config\BaseService.php(264): CodeIgniter\Config\BaseService::__callStatic('cache', [...])
 6 SYSTEMPATH\Config\Services.php(124): CodeIgniter\Config\BaseService::getSharedInstance('cache', null)
 7 SYSTEMPATH\Config\BaseService.php(334): CodeIgniter\Config\Services::cache()
 8 SYSTEMPATH\Config\BaseService.php(203): CodeIgniter\Config\BaseService::__callStatic('cache', [])
 9 SYSTEMPATH\Config\Services.php(454): CodeIgniter\Config\BaseService::get('cache')
10 SYSTEMPATH\Config\BaseService.php(325): CodeIgniter\Config\Services::responsecache(Object(Config\Cache), null, false)
11 SYSTEMPATH\Config\BaseService.php(264): CodeIgniter\Config\BaseService::__callStatic('responsecache', [...])
12 SYSTEMPATH\Config\Services.php(450): CodeIgniter\Config\BaseService::getSharedInstance('responsecache', null, null)
13 SYSTEMPATH\Config\BaseService.php(334): CodeIgniter\Config\Services::responsecache()
14 SYSTEMPATH\CodeIgniter.php(178): CodeIgniter\Config\BaseService::__callStatic('responsecache', [])
15 SYSTEMPATH\Config\Services.php(164): CodeIgniter\CodeIgniter->__construct(Object(Config\App))
16 SYSTEMPATH\Config\BaseService.php(325): CodeIgniter\Config\Services::codeigniter(Object(Config\App), false)
17 SYSTEMPATH\Config\BaseService.php(264): CodeIgniter\Config\BaseService::__callStatic('codeigniter', [...])
18 SYSTEMPATH\Config\Services.php(159): CodeIgniter\Config\BaseService::getSharedInstance('codeigniter', null)
19 SYSTEMPATH\Config\BaseService.php(334): CodeIgniter\Config\Services::codeigniter()
20 SYSTEMPATH\Config\BaseService.php(203): CodeIgniter\Config\BaseService::__callStatic('codeigniter', [])
21 SYSTEMPATH\Common.php(1078): CodeIgniter\Config\BaseService::get('codeigniter')
22 SYSTEMPATH\Boot.php(403): service('codeigniter')
23 SYSTEMPATH\Boot.php(163): CodeIgniter\Boot::initializeCodeIgniter()
24 ROOTPATH\spark(87): CodeIgniter\Boot::bootSpark(Object(Config\Paths))
CRITICAL - 2026-06-10 13:14:32 --> CodeIgniter\Cache\Exceptions\CacheException: Cache unable to write to "C:\xampp-baru\htdocs\tk\writable\cache/".
[Method: GET, Route: /]
in SYSTEMPATH\Cache\Handlers\FileHandler.php on line 66.
 1 SYSTEMPATH\Cache\Handlers\FileHandler.php(66): CodeIgniter\Cache\Exceptions\CacheException::forUnableToWrite('C:\\xampp-baru\\htdocs\\tk\\writable\\cache/')
 2 SYSTEMPATH\Cache\CacheFactory.php(67): CodeIgniter\Cache\Handlers\FileHandler->__construct(Object(Config\Cache))
 3 SYSTEMPATH\Config\Services.php(129): CodeIgniter\Cache\CacheFactory::getHandler(Object(Config\Cache))
 4 SYSTEMPATH\Config\BaseService.php(325): CodeIgniter\Config\Services::cache(Object(Config\Cache), false)
 5 SYSTEMPATH\Config\BaseService.php(264): CodeIgniter\Config\BaseService::__callStatic('cache', [...])
 6 SYSTEMPATH\Config\Services.php(124): CodeIgniter\Config\BaseService::getSharedInstance('cache', null)
 7 SYSTEMPATH\Config\BaseService.php(334): CodeIgniter\Config\Services::cache()
 8 SYSTEMPATH\Config\BaseService.php(203): CodeIgniter\Config\BaseService::__callStatic('cache', [])
 9 SYSTEMPATH\Config\Services.php(454): CodeIgniter\Config\BaseService::get('cache')
10 SYSTEMPATH\Config\BaseService.php(325): CodeIgniter\Config\Services::responsecache(Object(Config\Cache), null, false)
11 SYSTEMPATH\Config\BaseService.php(264): CodeIgniter\Config\BaseService::__callStatic('responsecache', [...])
12 SYSTEMPATH\Config\Services.php(450): CodeIgniter\Config\BaseService::getSharedInstance('responsecache', null, null)
13 SYSTEMPATH\Config\BaseService.php(334): CodeIgniter\Config\Services::responsecache()
14 SYSTEMPATH\CodeIgniter.php(178): CodeIgniter\Config\BaseService::__callStatic('responsecache', [])
15 SYSTEMPATH\Config\Services.php(164): CodeIgniter\CodeIgniter->__construct(Object(Config\App))
16 SYSTEMPATH\Config\BaseService.php(325): CodeIgniter\Config\Services::codeigniter(Object(Config\App), false)
17 SYSTEMPATH\Config\BaseService.php(264): CodeIgniter\Config\BaseService::__callStatic('codeigniter', [...])
18 SYSTEMPATH\Config\Services.php(159): CodeIgniter\Config\BaseService::getSharedInstance('codeigniter', null)
19 SYSTEMPATH\Config\BaseService.php(334): CodeIgniter\Config\Services::codeigniter()
20 SYSTEMPATH\Config\BaseService.php(203): CodeIgniter\Config\BaseService::__callStatic('codeigniter', [])
21 SYSTEMPATH\Common.php(1078): CodeIgniter\Config\BaseService::get('codeigniter')
22 SYSTEMPATH\Boot.php(403): service('codeigniter')
23 SYSTEMPATH\Boot.php(163): CodeIgniter\Boot::initializeCodeIgniter()
24 ROOTPATH\spark(87): CodeIgniter\Boot::bootSpark(Object(Config\Paths))
CRITICAL - 2026-06-10 13:14:47 --> CodeIgniter\Cache\Exceptions\CacheException: Cache unable to write to "C:\xampp-baru\htdocs\tk\writable\cache/".
[Method: GET, Route: /]
in SYSTEMPATH\Cache\Handlers\FileHandler.php on line 66.
 1 SYSTEMPATH\Cache\Handlers\FileHandler.php(66): CodeIgniter\Cache\Exceptions\CacheException::forUnableToWrite('C:\\xampp-baru\\htdocs\\tk\\writable\\cache/')
 2 SYSTEMPATH\Cache\CacheFactory.php(67): CodeIgniter\Cache\Handlers\FileHandler->__construct(Object(Config\Cache))
 3 SYSTEMPATH\Config\Services.php(129): CodeIgniter\Cache\CacheFactory::getHandler(Object(Config\Cache))
 4 SYSTEMPATH\Config\BaseService.php(325): CodeIgniter\Config\Services::cache(Object(Config\Cache), false)
 5 SYSTEMPATH\Config\BaseService.php(264): CodeIgniter\Config\BaseService::__callStatic('cache', [...])
 6 SYSTEMPATH\Config\Services.php(124): CodeIgniter\Config\BaseService::getSharedInstance('cache', null)
 7 SYSTEMPATH\Config\BaseService.php(334): CodeIgniter\Config\Services::cache()
 8 SYSTEMPATH\Config\BaseService.php(203): CodeIgniter\Config\BaseService::__callStatic('cache', [])
 9 SYSTEMPATH\Config\Services.php(454): CodeIgniter\Config\BaseService::get('cache')
10 SYSTEMPATH\Config\BaseService.php(325): CodeIgniter\Config\Services::responsecache(Object(Config\Cache), null, false)
11 SYSTEMPATH\Config\BaseService.php(264): CodeIgniter\Config\BaseService::__callStatic('responsecache', [...])
12 SYSTEMPATH\Config\Services.php(450): CodeIgniter\Config\BaseService::getSharedInstance('responsecache', null, null)
13 SYSTEMPATH\Config\BaseService.php(334): CodeIgniter\Config\Services::responsecache()
14 SYSTEMPATH\CodeIgniter.php(178): CodeIgniter\Config\BaseService::__callStatic('responsecache', [])
15 SYSTEMPATH\Config\Services.php(164): CodeIgniter\CodeIgniter->__construct(Object(Config\App))
16 SYSTEMPATH\Config\BaseService.php(325): CodeIgniter\Config\Services::codeigniter(Object(Config\App), false)
17 SYSTEMPATH\Config\BaseService.php(264): CodeIgniter\Config\BaseService::__callStatic('codeigniter', [...])
18 SYSTEMPATH\Config\Services.php(159): CodeIgniter\Config\BaseService::getSharedInstance('codeigniter', null)
19 SYSTEMPATH\Config\BaseService.php(334): CodeIgniter\Config\Services::codeigniter()
20 SYSTEMPATH\Config\BaseService.php(203): CodeIgniter\Config\BaseService::__callStatic('codeigniter', [])
21 SYSTEMPATH\Common.php(1078): CodeIgniter\Config\BaseService::get('codeigniter')
22 SYSTEMPATH\Boot.php(403): service('codeigniter')
23 SYSTEMPATH\Boot.php(67): CodeIgniter\Boot::initializeCodeIgniter()
24 FCPATH\index.php(59): CodeIgniter\Boot::bootWeb(Object(Config\Paths))
CRITICAL - 2026-06-10 13:14:51 --> CodeIgniter\Cache\Exceptions\CacheException: Cache unable to write to "C:\xampp-baru\htdocs\tk\writable\cache/".
[Method: GET, Route: admin]
in SYSTEMPATH\Cache\Handlers\FileHandler.php on line 66.
 1 SYSTEMPATH\Cache\Handlers\FileHandler.php(66): CodeIgniter\Cache\Exceptions\CacheException::forUnableToWrite('C:\\xampp-baru\\htdocs\\tk\\writable\\cache/')
 2 SYSTEMPATH\Cache\CacheFactory.php(67): CodeIgniter\Cache\Handlers\FileHandler->__construct(Object(Config\Cache))
 3 SYSTEMPATH\Config\Services.php(129): CodeIgniter\Cache\CacheFactory::getHandler(Object(Config\Cache))
 4 SYSTEMPATH\Config\BaseService.php(325): CodeIgniter\Config\Services::cache(Object(Config\Cache), false)
 5 SYSTEMPATH\Config\BaseService.php(264): CodeIgniter\Config\BaseService::__callStatic('cache', [...])
 6 SYSTEMPATH\Config\Services.php(124): CodeIgniter\Config\BaseService::getSharedInstance('cache', null)
 7 SYSTEMPATH\Config\BaseService.php(334): CodeIgniter\Config\Services::cache()
 8 SYSTEMPATH\Config\BaseService.php(203): CodeIgniter\Config\BaseService::__callStatic('cache', [])
 9 SYSTEMPATH\Config\Services.php(454): CodeIgniter\Config\BaseService::get('cache')
10 SYSTEMPATH\Config\BaseService.php(325): CodeIgniter\Config\Services::responsecache(Object(Config\Cache), null, false)
11 SYSTEMPATH\Config\BaseService.php(264): CodeIgniter\Config\BaseService::__callStatic('responsecache', [...])
12 SYSTEMPATH\Config\Services.php(450): CodeIgniter\Config\BaseService::getSharedInstance('responsecache', null, null)
13 SYSTEMPATH\Config\BaseService.php(334): CodeIgniter\Config\Services::responsecache()
14 SYSTEMPATH\CodeIgniter.php(178): CodeIgniter\Config\BaseService::__callStatic('responsecache', [])
15 SYSTEMPATH\Config\Services.php(164): CodeIgniter\CodeIgniter->__construct(Object(Config\App))
16 SYSTEMPATH\Config\BaseService.php(325): CodeIgniter\Config\Services::codeigniter(Object(Config\App), false)
17 SYSTEMPATH\Config\BaseService.php(264): CodeIgniter\Config\BaseService::__callStatic('codeigniter', [...])
18 SYSTEMPATH\Config\Services.php(159): CodeIgniter\Config\BaseService::getSharedInstance('codeigniter', null)
19 SYSTEMPATH\Config\BaseService.php(334): CodeIgniter\Config\Services::codeigniter()
20 SYSTEMPATH\Config\BaseService.php(203): CodeIgniter\Config\BaseService::__callStatic('codeigniter', [])
21 SYSTEMPATH\Common.php(1078): CodeIgniter\Config\BaseService::get('codeigniter')
22 SYSTEMPATH\Boot.php(403): service('codeigniter')
23 SYSTEMPATH\Boot.php(67): CodeIgniter\Boot::initializeCodeIgniter()
24 FCPATH\index.php(59): CodeIgniter\Boot::bootWeb(Object(Config\Paths))
CRITICAL - 2026-06-10 13:21:19 --> CodeIgniter\Cache\Exceptions\CacheException: Cache unable to write to "C:\xampp-baru\htdocs\tk\writable\cache/".
[Method: GET, Route: /]
in SYSTEMPATH\Cache\Handlers\FileHandler.php on line 66.
 1 SYSTEMPATH\Cache\Handlers\FileHandler.php(66): CodeIgniter\Cache\Exceptions\CacheException::forUnableToWrite('C:\\xampp-baru\\htdocs\\tk\\writable\\cache/')
 2 SYSTEMPATH\Cache\CacheFactory.php(67): CodeIgniter\Cache\Handlers\FileHandler->__construct(Object(Config\Cache))
 3 SYSTEMPATH\Config\Services.php(129): CodeIgniter\Cache\CacheFactory::getHandler(Object(Config\Cache))
 4 SYSTEMPATH\Config\BaseService.php(325): CodeIgniter\Config\Services::cache(Object(Config\Cache), false)
 5 SYSTEMPATH\Config\BaseService.php(264): CodeIgniter\Config\BaseService::__callStatic('cache', [...])
 6 SYSTEMPATH\Config\Services.php(124): CodeIgniter\Config\BaseService::getSharedInstance('cache', null)
 7 SYSTEMPATH\Config\BaseService.php(334): CodeIgniter\Config\Services::cache()
 8 SYSTEMPATH\Config\BaseService.php(203): CodeIgniter\Config\BaseService::__callStatic('cache', [])
 9 SYSTEMPATH\Config\Services.php(454): CodeIgniter\Config\BaseService::get('cache')
10 SYSTEMPATH\Config\BaseService.php(325): CodeIgniter\Config\Services::responsecache(Object(Config\Cache), null, false)
11 SYSTEMPATH\Config\BaseService.php(264): CodeIgniter\Config\BaseService::__callStatic('responsecache', [...])
12 SYSTEMPATH\Config\Services.php(450): CodeIgniter\Config\BaseService::getSharedInstance('responsecache', null, null)
13 SYSTEMPATH\Config\BaseService.php(334): CodeIgniter\Config\Services::responsecache()
14 SYSTEMPATH\CodeIgniter.php(178): CodeIgniter\Config\BaseService::__callStatic('responsecache', [])
15 SYSTEMPATH\Config\Services.php(164): CodeIgniter\CodeIgniter->__construct(Object(Config\App))
16 SYSTEMPATH\Config\BaseService.php(325): CodeIgniter\Config\Services::codeigniter(Object(Config\App), false)
17 SYSTEMPATH\Config\BaseService.php(264): CodeIgniter\Config\BaseService::__callStatic('codeigniter', [...])
18 SYSTEMPATH\Config\Services.php(159): CodeIgniter\Config\BaseService::getSharedInstance('codeigniter', null)
19 SYSTEMPATH\Config\BaseService.php(334): CodeIgniter\Config\Services::codeigniter()
20 SYSTEMPATH\Config\BaseService.php(203): CodeIgniter\Config\BaseService::__callStatic('codeigniter', [])
21 SYSTEMPATH\Common.php(1078): CodeIgniter\Config\BaseService::get('codeigniter')
22 SYSTEMPATH\Boot.php(403): service('codeigniter')
23 SYSTEMPATH\Boot.php(67): CodeIgniter\Boot::initializeCodeIgniter()
24 FCPATH\index.php(59): CodeIgniter\Boot::bootWeb(Object(Config\Paths))
CRITICAL - 2026-06-10 13:21:31 --> CodeIgniter\Cache\Exceptions\CacheException: Cache unable to write to "C:\xampp-baru\htdocs\tk\writable\cache/".
[Method: GET, Route: /]
in SYSTEMPATH\Cache\Handlers\FileHandler.php on line 66.
 1 SYSTEMPATH\Cache\Handlers\FileHandler.php(66): CodeIgniter\Cache\Exceptions\CacheException::forUnableToWrite('C:\\xampp-baru\\htdocs\\tk\\writable\\cache/')
 2 SYSTEMPATH\Cache\CacheFactory.php(67): CodeIgniter\Cache\Handlers\FileHandler->__construct(Object(Config\Cache))
 3 SYSTEMPATH\Config\Services.php(129): CodeIgniter\Cache\CacheFactory::getHandler(Object(Config\Cache))
 4 SYSTEMPATH\Config\BaseService.php(325): CodeIgniter\Config\Services::cache(Object(Config\Cache), false)
 5 SYSTEMPATH\Config\BaseService.php(264): CodeIgniter\Config\BaseService::__callStatic('cache', [...])
 6 SYSTEMPATH\Config\Services.php(124): CodeIgniter\Config\BaseService::getSharedInstance('cache', null)
 7 SYSTEMPATH\Config\BaseService.php(334): CodeIgniter\Config\Services::cache()
 8 SYSTEMPATH\Config\BaseService.php(203): CodeIgniter\Config\BaseService::__callStatic('cache', [])
 9 SYSTEMPATH\Config\Services.php(454): CodeIgniter\Config\BaseService::get('cache')
10 SYSTEMPATH\Config\BaseService.php(325): CodeIgniter\Config\Services::responsecache(Object(Config\Cache), null, false)
11 SYSTEMPATH\Config\BaseService.php(264): CodeIgniter\Config\BaseService::__callStatic('responsecache', [...])
12 SYSTEMPATH\Config\Services.php(450): CodeIgniter\Config\BaseService::getSharedInstance('responsecache', null, null)
13 SYSTEMPATH\Config\BaseService.php(334): CodeIgniter\Config\Services::responsecache()
14 SYSTEMPATH\CodeIgniter.php(178): CodeIgniter\Config\BaseService::__callStatic('responsecache', [])
15 SYSTEMPATH\Config\Services.php(164): CodeIgniter\CodeIgniter->__construct(Object(Config\App))
16 SYSTEMPATH\Config\BaseService.php(325): CodeIgniter\Config\Services::codeigniter(Object(Config\App), false)
17 SYSTEMPATH\Config\BaseService.php(264): CodeIgniter\Config\BaseService::__callStatic('codeigniter', [...])
18 SYSTEMPATH\Config\Services.php(159): CodeIgniter\Config\BaseService::getSharedInstance('codeigniter', null)
19 SYSTEMPATH\Config\BaseService.php(334): CodeIgniter\Config\Services::codeigniter()
20 SYSTEMPATH\Config\BaseService.php(203): CodeIgniter\Config\BaseService::__callStatic('codeigniter', [])
21 SYSTEMPATH\Common.php(1078): CodeIgniter\Config\BaseService::get('codeigniter')
22 SYSTEMPATH\Boot.php(403): service('codeigniter')
23 SYSTEMPATH\Boot.php(67): CodeIgniter\Boot::initializeCodeIgniter()
24 FCPATH\index.php(59): CodeIgniter\Boot::bootWeb(Object(Config\Paths))
CRITICAL - 2026-06-10 13:21:57 --> CodeIgniter\Cache\Exceptions\CacheException: Cache unable to write to "C:\xampp-baru\htdocs\tk\writable\cache/".
[Method: GET, Route: /]
in SYSTEMPATH\Cache\Handlers\FileHandler.php on line 66.
 1 SYSTEMPATH\Cache\Handlers\FileHandler.php(66): CodeIgniter\Cache\Exceptions\CacheException::forUnableToWrite('C:\\xampp-baru\\htdocs\\tk\\writable\\cache/')
 2 SYSTEMPATH\Cache\CacheFactory.php(67): CodeIgniter\Cache\Handlers\FileHandler->__construct(Object(Config\Cache))
 3 SYSTEMPATH\Config\Services.php(129): CodeIgniter\Cache\CacheFactory::getHandler(Object(Config\Cache))
 4 SYSTEMPATH\Config\BaseService.php(325): CodeIgniter\Config\Services::cache(Object(Config\Cache), false)
 5 SYSTEMPATH\Config\BaseService.php(264): CodeIgniter\Config\BaseService::__callStatic('cache', [...])
 6 SYSTEMPATH\Config\Services.php(124): CodeIgniter\Config\BaseService::getSharedInstance('cache', null)
 7 SYSTEMPATH\Config\BaseService.php(334): CodeIgniter\Config\Services::cache()
 8 SYSTEMPATH\Config\BaseService.php(203): CodeIgniter\Config\BaseService::__callStatic('cache', [])
 9 SYSTEMPATH\Config\Services.php(454): CodeIgniter\Config\BaseService::get('cache')
10 SYSTEMPATH\Config\BaseService.php(325): CodeIgniter\Config\Services::responsecache(Object(Config\Cache), null, false)
11 SYSTEMPATH\Config\BaseService.php(264): CodeIgniter\Config\BaseService::__callStatic('responsecache', [...])
12 SYSTEMPATH\Config\Services.php(450): CodeIgniter\Config\BaseService::getSharedInstance('responsecache', null, null)
13 SYSTEMPATH\Config\BaseService.php(334): CodeIgniter\Config\Services::responsecache()
14 SYSTEMPATH\CodeIgniter.php(178): CodeIgniter\Config\BaseService::__callStatic('responsecache', [])
15 SYSTEMPATH\Config\Services.php(164): CodeIgniter\CodeIgniter->__construct(Object(Config\App))
16 SYSTEMPATH\Config\BaseService.php(325): CodeIgniter\Config\Services::codeigniter(Object(Config\App), false)
17 SYSTEMPATH\Config\BaseService.php(264): CodeIgniter\Config\BaseService::__callStatic('codeigniter', [...])
18 SYSTEMPATH\Config\Services.php(159): CodeIgniter\Config\BaseService::getSharedInstance('codeigniter', null)
19 SYSTEMPATH\Config\BaseService.php(334): CodeIgniter\Config\Services::codeigniter()
20 SYSTEMPATH\Config\BaseService.php(203): CodeIgniter\Config\BaseService::__callStatic('codeigniter', [])
21 SYSTEMPATH\Common.php(1078): CodeIgniter\Config\BaseService::get('codeigniter')
22 SYSTEMPATH\Boot.php(403): service('codeigniter')
23 SYSTEMPATH\Boot.php(67): CodeIgniter\Boot::initializeCodeIgniter()
24 FCPATH\index.php(59): CodeIgniter\Boot::bootWeb(Object(Config\Paths))
CRITICAL - 2026-06-10 13:21:59 --> CodeIgniter\Cache\Exceptions\CacheException: Cache unable to write to "C:\xampp-baru\htdocs\tk\writable\cache/".
[Method: GET, Route: /]
in SYSTEMPATH\Cache\Handlers\FileHandler.php on line 66.
 1 SYSTEMPATH\Cache\Handlers\FileHandler.php(66): CodeIgniter\Cache\Exceptions\CacheException::forUnableToWrite('C:\\xampp-baru\\htdocs\\tk\\writable\\cache/')
 2 SYSTEMPATH\Cache\CacheFactory.php(67): CodeIgniter\Cache\Handlers\FileHandler->__construct(Object(Config\Cache))
 3 SYSTEMPATH\Config\Services.php(129): CodeIgniter\Cache\CacheFactory::getHandler(Object(Config\Cache))
 4 SYSTEMPATH\Config\BaseService.php(325): CodeIgniter\Config\Services::cache(Object(Config\Cache), false)
 5 SYSTEMPATH\Config\BaseService.php(264): CodeIgniter\Config\BaseService::__callStatic('cache', [...])
 6 SYSTEMPATH\Config\Services.php(124): CodeIgniter\Config\BaseService::getSharedInstance('cache', null)
 7 SYSTEMPATH\Config\BaseService.php(334): CodeIgniter\Config\Services::cache()
 8 SYSTEMPATH\Config\BaseService.php(203): CodeIgniter\Config\BaseService::__callStatic('cache', [])
 9 SYSTEMPATH\Config\Services.php(454): CodeIgniter\Config\BaseService::get('cache')
10 SYSTEMPATH\Config\BaseService.php(325): CodeIgniter\Config\Services::responsecache(Object(Config\Cache), null, false)
11 SYSTEMPATH\Config\BaseService.php(264): CodeIgniter\Config\BaseService::__callStatic('responsecache', [...])
12 SYSTEMPATH\Config\Services.php(450): CodeIgniter\Config\BaseService::getSharedInstance('responsecache', null, null)
13 SYSTEMPATH\Config\BaseService.php(334): CodeIgniter\Config\Services::responsecache()
14 SYSTEMPATH\CodeIgniter.php(178): CodeIgniter\Config\BaseService::__callStatic('responsecache', [])
15 SYSTEMPATH\Config\Services.php(164): CodeIgniter\CodeIgniter->__construct(Object(Config\App))
16 SYSTEMPATH\Config\BaseService.php(325): CodeIgniter\Config\Services::codeigniter(Object(Config\App), false)
17 SYSTEMPATH\Config\BaseService.php(264): CodeIgniter\Config\BaseService::__callStatic('codeigniter', [...])
18 SYSTEMPATH\Config\Services.php(159): CodeIgniter\Config\BaseService::getSharedInstance('codeigniter', null)
19 SYSTEMPATH\Config\BaseService.php(334): CodeIgniter\Config\Services::codeigniter()
20 SYSTEMPATH\Config\BaseService.php(203): CodeIgniter\Config\BaseService::__callStatic('codeigniter', [])
21 SYSTEMPATH\Common.php(1078): CodeIgniter\Config\BaseService::get('codeigniter')
22 SYSTEMPATH\Boot.php(403): service('codeigniter')
23 SYSTEMPATH\Boot.php(67): CodeIgniter\Boot::initializeCodeIgniter()
24 FCPATH\index.php(59): CodeIgniter\Boot::bootWeb(Object(Config\Paths))
CRITICAL - 2026-06-10 13:22:24 --> CodeIgniter\Cache\Exceptions\CacheException: Cache unable to write to "C:\xampp-baru\htdocs\tk\writable\cache/".
[Method: GET, Route: /]
in SYSTEMPATH\Cache\Handlers\FileHandler.php on line 66.
 1 SYSTEMPATH\Cache\Handlers\FileHandler.php(66): CodeIgniter\Cache\Exceptions\CacheException::forUnableToWrite('C:\\xampp-baru\\htdocs\\tk\\writable\\cache/')
 2 SYSTEMPATH\Cache\CacheFactory.php(67): CodeIgniter\Cache\Handlers\FileHandler->__construct(Object(Config\Cache))
 3 SYSTEMPATH\Config\Services.php(129): CodeIgniter\Cache\CacheFactory::getHandler(Object(Config\Cache))
 4 SYSTEMPATH\Config\BaseService.php(325): CodeIgniter\Config\Services::cache(Object(Config\Cache), false)
 5 SYSTEMPATH\Config\BaseService.php(264): CodeIgniter\Config\BaseService::__callStatic('cache', [...])
 6 SYSTEMPATH\Config\Services.php(124): CodeIgniter\Config\BaseService::getSharedInstance('cache', null)
 7 SYSTEMPATH\Config\BaseService.php(334): CodeIgniter\Config\Services::cache()
 8 SYSTEMPATH\Config\BaseService.php(203): CodeIgniter\Config\BaseService::__callStatic('cache', [])
 9 SYSTEMPATH\Config\Services.php(454): CodeIgniter\Config\BaseService::get('cache')
10 SYSTEMPATH\Config\BaseService.php(325): CodeIgniter\Config\Services::responsecache(Object(Config\Cache), null, false)
11 SYSTEMPATH\Config\BaseService.php(264): CodeIgniter\Config\BaseService::__callStatic('responsecache', [...])
12 SYSTEMPATH\Config\Services.php(450): CodeIgniter\Config\BaseService::getSharedInstance('responsecache', null, null)
13 SYSTEMPATH\Config\BaseService.php(334): CodeIgniter\Config\Services::responsecache()
14 SYSTEMPATH\CodeIgniter.php(178): CodeIgniter\Config\BaseService::__callStatic('responsecache', [])
15 SYSTEMPATH\Config\Services.php(164): CodeIgniter\CodeIgniter->__construct(Object(Config\App))
16 SYSTEMPATH\Config\BaseService.php(325): CodeIgniter\Config\Services::codeigniter(Object(Config\App), false)
17 SYSTEMPATH\Config\BaseService.php(264): CodeIgniter\Config\BaseService::__callStatic('codeigniter', [...])
18 SYSTEMPATH\Config\Services.php(159): CodeIgniter\Config\BaseService::getSharedInstance('codeigniter', null)
19 SYSTEMPATH\Config\BaseService.php(334): CodeIgniter\Config\Services::codeigniter()
20 SYSTEMPATH\Config\BaseService.php(203): CodeIgniter\Config\BaseService::__callStatic('codeigniter', [])
21 SYSTEMPATH\Common.php(1078): CodeIgniter\Config\BaseService::get('codeigniter')
22 SYSTEMPATH\Boot.php(403): service('codeigniter')
23 SYSTEMPATH\Boot.php(67): CodeIgniter\Boot::initializeCodeIgniter()
24 FCPATH\index.php(59): CodeIgniter\Boot::bootWeb(Object(Config\Paths))
CRITICAL - 2026-06-10 13:23:04 --> CodeIgniter\Cache\Exceptions\CacheException: Cache unable to write to "C:\xampp-baru\htdocs\tk\writable\cache/".
[Method: GET, Route: /]
in SYSTEMPATH\Cache\Handlers\FileHandler.php on line 66.
 1 SYSTEMPATH\Cache\Handlers\FileHandler.php(66): CodeIgniter\Cache\Exceptions\CacheException::forUnableToWrite('C:\\xampp-baru\\htdocs\\tk\\writable\\cache/')
 2 SYSTEMPATH\Cache\CacheFactory.php(67): CodeIgniter\Cache\Handlers\FileHandler->__construct(Object(Config\Cache))
 3 SYSTEMPATH\Config\Services.php(129): CodeIgniter\Cache\CacheFactory::getHandler(Object(Config\Cache))
 4 SYSTEMPATH\Config\BaseService.php(325): CodeIgniter\Config\Services::cache(Object(Config\Cache), false)
 5 SYSTEMPATH\Config\BaseService.php(264): CodeIgniter\Config\BaseService::__callStatic('cache', [...])
 6 SYSTEMPATH\Config\Services.php(124): CodeIgniter\Config\BaseService::getSharedInstance('cache', null)
 7 SYSTEMPATH\Config\BaseService.php(334): CodeIgniter\Config\Services::cache()
 8 SYSTEMPATH\Config\BaseService.php(203): CodeIgniter\Config\BaseService::__callStatic('cache', [])
 9 SYSTEMPATH\Config\Services.php(454): CodeIgniter\Config\BaseService::get('cache')
10 SYSTEMPATH\Config\BaseService.php(325): CodeIgniter\Config\Services::responsecache(Object(Config\Cache), null, false)
11 SYSTEMPATH\Config\BaseService.php(264): CodeIgniter\Config\BaseService::__callStatic('responsecache', [...])
12 SYSTEMPATH\Config\Services.php(450): CodeIgniter\Config\BaseService::getSharedInstance('responsecache', null, null)
13 SYSTEMPATH\Config\BaseService.php(334): CodeIgniter\Config\Services::responsecache()
14 SYSTEMPATH\CodeIgniter.php(178): CodeIgniter\Config\BaseService::__callStatic('responsecache', [])
15 SYSTEMPATH\Config\Services.php(164): CodeIgniter\CodeIgniter->__construct(Object(Config\App))
16 SYSTEMPATH\Config\BaseService.php(325): CodeIgniter\Config\Services::codeigniter(Object(Config\App), false)
17 SYSTEMPATH\Config\BaseService.php(264): CodeIgniter\Config\BaseService::__callStatic('codeigniter', [...])
18 SYSTEMPATH\Config\Services.php(159): CodeIgniter\Config\BaseService::getSharedInstance('codeigniter', null)
19 SYSTEMPATH\Config\BaseService.php(334): CodeIgniter\Config\Services::codeigniter()
20 SYSTEMPATH\Config\BaseService.php(203): CodeIgniter\Config\BaseService::__callStatic('codeigniter', [])
21 SYSTEMPATH\Common.php(1078): CodeIgniter\Config\BaseService::get('codeigniter')
22 SYSTEMPATH\Boot.php(403): service('codeigniter')
23 SYSTEMPATH\Boot.php(67): CodeIgniter\Boot::initializeCodeIgniter()
24 FCPATH\index.php(59): CodeIgniter\Boot::bootWeb(Object(Config\Paths))
CRITICAL - 2026-06-10 13:23:43 --> CodeIgniter\Cache\Exceptions\CacheException: Cache unable to write to "C:\xampp-baru\htdocs\tk\writable\cache/".
[Method: GET, Route: /]
in SYSTEMPATH\Cache\Handlers\FileHandler.php on line 66.
 1 SYSTEMPATH\Cache\Handlers\FileHandler.php(66): CodeIgniter\Cache\Exceptions\CacheException::forUnableToWrite('C:\\xampp-baru\\htdocs\\tk\\writable\\cache/')
 2 SYSTEMPATH\Cache\CacheFactory.php(67): CodeIgniter\Cache\Handlers\FileHandler->__construct(Object(Config\Cache))
 3 SYSTEMPATH\Config\Services.php(129): CodeIgniter\Cache\CacheFactory::getHandler(Object(Config\Cache))
 4 SYSTEMPATH\Config\BaseService.php(325): CodeIgniter\Config\Services::cache(Object(Config\Cache), false)
 5 SYSTEMPATH\Config\BaseService.php(264): CodeIgniter\Config\BaseService::__callStatic('cache', [...])
 6 SYSTEMPATH\Config\Services.php(124): CodeIgniter\Config\BaseService::getSharedInstance('cache', null)
 7 SYSTEMPATH\Config\BaseService.php(334): CodeIgniter\Config\Services::cache()
 8 SYSTEMPATH\Config\BaseService.php(203): CodeIgniter\Config\BaseService::__callStatic('cache', [])
 9 SYSTEMPATH\Config\Services.php(454): CodeIgniter\Config\BaseService::get('cache')
10 SYSTEMPATH\Config\BaseService.php(325): CodeIgniter\Config\Services::responsecache(Object(Config\Cache), null, false)
11 SYSTEMPATH\Config\BaseService.php(264): CodeIgniter\Config\BaseService::__callStatic('responsecache', [...])
12 SYSTEMPATH\Config\Services.php(450): CodeIgniter\Config\BaseService::getSharedInstance('responsecache', null, null)
13 SYSTEMPATH\Config\BaseService.php(334): CodeIgniter\Config\Services::responsecache()
14 SYSTEMPATH\CodeIgniter.php(178): CodeIgniter\Config\BaseService::__callStatic('responsecache', [])
15 SYSTEMPATH\Config\Services.php(164): CodeIgniter\CodeIgniter->__construct(Object(Config\App))
16 SYSTEMPATH\Config\BaseService.php(325): CodeIgniter\Config\Services::codeigniter(Object(Config\App), false)
17 SYSTEMPATH\Config\BaseService.php(264): CodeIgniter\Config\BaseService::__callStatic('codeigniter', [...])
18 SYSTEMPATH\Config\Services.php(159): CodeIgniter\Config\BaseService::getSharedInstance('codeigniter', null)
19 SYSTEMPATH\Config\BaseService.php(334): CodeIgniter\Config\Services::codeigniter()
20 SYSTEMPATH\Config\BaseService.php(203): CodeIgniter\Config\BaseService::__callStatic('codeigniter', [])
21 SYSTEMPATH\Common.php(1078): CodeIgniter\Config\BaseService::get('codeigniter')
22 SYSTEMPATH\Boot.php(403): service('codeigniter')
23 SYSTEMPATH\Boot.php(163): CodeIgniter\Boot::initializeCodeIgniter()
24 ROOTPATH\spark(87): CodeIgniter\Boot::bootSpark(Object(Config\Paths))
CRITICAL - 2026-06-10 13:26:24 --> CodeIgniter\Cache\Exceptions\CacheException: Cache unable to write to "C:\xampp-baru\htdocs\tk\writable\cache/".
[Method: GET, Route: /]
in SYSTEMPATH\Cache\Handlers\FileHandler.php on line 66.
 1 SYSTEMPATH\Cache\Handlers\FileHandler.php(66): CodeIgniter\Cache\Exceptions\CacheException::forUnableToWrite('C:\\xampp-baru\\htdocs\\tk\\writable\\cache/')
 2 SYSTEMPATH\Cache\CacheFactory.php(67): CodeIgniter\Cache\Handlers\FileHandler->__construct(Object(Config\Cache))
 3 SYSTEMPATH\Config\Services.php(129): CodeIgniter\Cache\CacheFactory::getHandler(Object(Config\Cache))
 4 SYSTEMPATH\Config\BaseService.php(325): CodeIgniter\Config\Services::cache(Object(Config\Cache), false)
 5 SYSTEMPATH\Config\BaseService.php(264): CodeIgniter\Config\BaseService::__callStatic('cache', [...])
 6 SYSTEMPATH\Config\Services.php(124): CodeIgniter\Config\BaseService::getSharedInstance('cache', null)
 7 SYSTEMPATH\Config\BaseService.php(334): CodeIgniter\Config\Services::cache()
 8 SYSTEMPATH\Config\BaseService.php(203): CodeIgniter\Config\BaseService::__callStatic('cache', [])
 9 SYSTEMPATH\Config\Services.php(454): CodeIgniter\Config\BaseService::get('cache')
10 SYSTEMPATH\Config\BaseService.php(325): CodeIgniter\Config\Services::responsecache(Object(Config\Cache), null, false)
11 SYSTEMPATH\Config\BaseService.php(264): CodeIgniter\Config\BaseService::__callStatic('responsecache', [...])
12 SYSTEMPATH\Config\Services.php(450): CodeIgniter\Config\BaseService::getSharedInstance('responsecache', null, null)
13 SYSTEMPATH\Config\BaseService.php(334): CodeIgniter\Config\Services::responsecache()
14 SYSTEMPATH\CodeIgniter.php(178): CodeIgniter\Config\BaseService::__callStatic('responsecache', [])
15 SYSTEMPATH\Config\Services.php(164): CodeIgniter\CodeIgniter->__construct(Object(Config\App))
16 SYSTEMPATH\Config\BaseService.php(325): CodeIgniter\Config\Services::codeigniter(Object(Config\App), false)
17 SYSTEMPATH\Config\BaseService.php(264): CodeIgniter\Config\BaseService::__callStatic('codeigniter', [...])
18 SYSTEMPATH\Config\Services.php(159): CodeIgniter\Config\BaseService::getSharedInstance('codeigniter', null)
19 SYSTEMPATH\Config\BaseService.php(334): CodeIgniter\Config\Services::codeigniter()
20 SYSTEMPATH\Config\BaseService.php(203): CodeIgniter\Config\BaseService::__callStatic('codeigniter', [])
21 SYSTEMPATH\Common.php(1078): CodeIgniter\Config\BaseService::get('codeigniter')
22 SYSTEMPATH\Boot.php(403): service('codeigniter')
23 SYSTEMPATH\Boot.php(163): CodeIgniter\Boot::initializeCodeIgniter()
24 ROOTPATH\spark(87): CodeIgniter\Boot::bootSpark(Object(Config\Paths))
DEBUG - 2026-06-10 18:27:48 --> Session: Class initialized using 'CodeIgniter\Session\Handlers\FileHandler' driver.
DEBUG - 2026-06-10 18:27:48 --> Session: Class initialized using 'CodeIgniter\Session\Handlers\FileHandler' driver.
DEBUG - 2026-06-10 18:27:55 --> Session: Class initialized using 'CodeIgniter\Session\Handlers\FileHandler' driver.
DEBUG - 2026-06-10 18:27:55 --> Session: Class initialized using 'CodeIgniter\Session\Handlers\FileHandler' driver.
DEBUG - 2026-06-10 18:28:03 --> Session: Class initialized using 'CodeIgniter\Session\Handlers\FileHandler' driver.
DEBUG - 2026-06-10 18:29:08 --> Session: Class initialized using 'CodeIgniter\Session\Handlers\FileHandler' driver.
DEBUG - 2026-06-10 18:29:33 --> Session: Class initialized using 'CodeIgniter\Session\Handlers\FileHandler' driver.
DEBUG - 2026-06-10 18:29:34 --> Session: Class initialized using 'CodeIgniter\Session\Handlers\FileHandler' driver.
DEBUG - 2026-06-10 18:29:43 --> Session: Class initialized using 'CodeIgniter\Session\Handlers\FileHandler' driver.
DEBUG - 2026-06-10 18:29:50 --> Session: Class initialized using 'CodeIgniter\Session\Handlers\FileHandler' driver.
DEBUG - 2026-06-10 18:30:06 --> Session: Class initialized using 'CodeIgniter\Session\Handlers\FileHandler' driver.
DEBUG - 2026-06-10 18:30:06 --> Session: Class initialized using 'CodeIgniter\Session\Handlers\FileHandler' driver.
DEBUG - 2026-06-10 18:30:11 --> Session: Class initialized using 'CodeIgniter\Session\Handlers\FileHandler' driver.
DEBUG - 2026-06-10 18:30:11 --> Session: Class initialized using 'CodeIgniter\Session\Handlers\FileHandler' driver.
DEBUG - 2026-06-10 18:31:09 --> Session: Class initialized using 'CodeIgniter\Session\Handlers\FileHandler' driver.
DEBUG - 2026-06-10 18:31:14 --> Session: Class initialized using 'CodeIgniter\Session\Handlers\FileHandler' driver.
DEBUG - 2026-06-10 18:32:55 --> Session: Class initialized using 'CodeIgniter\Session\Handlers\FileHandler' driver.
DEBUG - 2026-06-10 18:32:55 --> Session: Class initialized using 'CodeIgniter\Session\Handlers\FileHandler' driver.
DEBUG - 2026-06-10 18:33:08 --> Session: Class initialized using 'CodeIgniter\Session\Handlers\FileHandler' driver.
DEBUG - 2026-06-10 18:33:09 --> Session: Class initialized using 'CodeIgniter\Session\Handlers\FileHandler' driver.
DEBUG - 2026-06-10 18:35:00 --> Session: Class initialized using 'CodeIgniter\Session\Handlers\FileHandler' driver.
DEBUG - 2026-06-10 18:35:07 --> Session: Class initialized using 'CodeIgniter\Session\Handlers\FileHandler' driver.
DEBUG - 2026-06-10 18:35:18 --> Session: Class initialized using 'CodeIgniter\Session\Handlers\FileHandler' driver.
DEBUG - 2026-06-10 18:35:18 --> Session: Class initialized using 'CodeIgniter\Session\Handlers\FileHandler' driver.
DEBUG - 2026-06-10 18:35:21 --> Session: Class initialized using 'CodeIgniter\Session\Handlers\FileHandler' driver.
DEBUG - 2026-06-10 18:35:27 --> Session: Class initialized using 'CodeIgniter\Session\Handlers\FileHandler' driver.
DEBUG - 2026-06-10 18:35:40 --> Session: Class initialized using 'CodeIgniter\Session\Handlers\FileHandler' driver.
DEBUG - 2026-06-10 18:36:33 --> Session: Class initialized using 'CodeIgniter\Session\Handlers\FileHandler' driver.
DEBUG - 2026-06-10 18:36:33 --> Session: Class initialized using 'CodeIgniter\Session\Handlers\FileHandler' driver.
DEBUG - 2026-06-10 18:36:54 --> Session: Class initialized using 'CodeIgniter\Session\Handlers\FileHandler' driver.
DEBUG - 2026-06-10 18:36:54 --> Session: Class initialized using 'CodeIgniter\Session\Handlers\FileHandler' driver.
DEBUG - 2026-06-10 18:37:04 --> Session: Class initialized using 'CodeIgniter\Session\Handlers\FileHandler' driver.
DEBUG - 2026-06-10 18:37:05 --> Session: Class initialized using 'CodeIgniter\Session\Handlers\FileHandler' driver.
DEBUG - 2026-06-10 18:37:41 --> Session: Class initialized using 'CodeIgniter\Session\Handlers\FileHandler' driver.
DEBUG - 2026-06-10 18:37:45 --> Session: Class initialized using 'CodeIgniter\Session\Handlers\FileHandler' driver.
DEBUG - 2026-06-10 18:38:25 --> Session: Class initialized using 'CodeIgniter\Session\Handlers\FileHandler' driver.
DEBUG - 2026-06-10 18:48:53 --> Session: Class initialized using 'CodeIgniter\Session\Handlers\FileHandler' driver.
DEBUG - 2026-06-10 18:48:56 --> Session: Class initialized using 'CodeIgniter\Session\Handlers\FileHandler' driver.
DEBUG - 2026-06-10 18:49:16 --> Session: Class initialized using 'CodeIgniter\Session\Handlers\FileHandler' driver.
DEBUG - 2026-06-10 18:49:19 --> Session: Class initialized using 'CodeIgniter\Session\Handlers\FileHandler' driver.
DEBUG - 2026-06-10 18:50:41 --> Session: Class initialized using 'CodeIgniter\Session\Handlers\FileHandler' driver.
DEBUG - 2026-06-10 18:50:47 --> Session: Class initialized using 'CodeIgniter\Session\Handlers\FileHandler' driver.
DEBUG - 2026-06-10 18:50:51 --> Session: Class initialized using 'CodeIgniter\Session\Handlers\FileHandler' driver.
DEBUG - 2026-06-10 18:51:00 --> Session: Class initialized using 'CodeIgniter\Session\Handlers\FileHandler' driver.
DEBUG - 2026-06-10 18:51:03 --> Session: Class initialized using 'CodeIgniter\Session\Handlers\FileHandler' driver.
DEBUG - 2026-06-10 18:57:58 --> Session: Class initialized using 'CodeIgniter\Session\Handlers\FileHandler' driver.
DEBUG - 2026-06-10 18:59:51 --> Session: Class initialized using 'CodeIgniter\Session\Handlers\FileHandler' driver.
DEBUG - 2026-06-10 18:59:53 --> Session: Class initialized using 'CodeIgniter\Session\Handlers\FileHandler' driver.
DEBUG - 2026-06-10 19:00:05 --> Session: Class initialized using 'CodeIgniter\Session\Handlers\FileHandler' driver.
DEBUG - 2026-06-10 19:00:13 --> Session: Class initialized using 'CodeIgniter\Session\Handlers\FileHandler' driver.
DEBUG - 2026-06-10 19:00:16 --> Session: Class initialized using 'CodeIgniter\Session\Handlers\FileHandler' driver.
DEBUG - 2026-06-10 19:01:55 --> Session: Class initialized using 'CodeIgniter\Session\Handlers\FileHandler' driver.
DEBUG - 2026-06-10 19:02:34 --> Session: Class initialized using 'CodeIgniter\Session\Handlers\FileHandler' driver.
DEBUG - 2026-06-10 19:03:14 --> Session: Class initialized using 'CodeIgniter\Session\Handlers\FileHandler' driver.
DEBUG - 2026-06-10 19:04:39 --> Session: Class initialized using 'CodeIgniter\Session\Handlers\FileHandler' driver.
DEBUG - 2026-06-10 19:06:06 --> Session: Class initialized using 'CodeIgniter\Session\Handlers\FileHandler' driver.
DEBUG - 2026-06-10 19:06:45 --> Session: Class initialized using 'CodeIgniter\Session\Handlers\FileHandler' driver.
DEBUG - 2026-06-10 19:06:48 --> Session: Class initialized using 'CodeIgniter\Session\Handlers\FileHandler' driver.
DEBUG - 2026-06-10 19:06:54 --> Session: Class initialized using 'CodeIgniter\Session\Handlers\FileHandler' driver.
DEBUG - 2026-06-10 19:07:12 --> Session: Class initialized using 'CodeIgniter\Session\Handlers\FileHandler' driver.
DEBUG - 2026-06-10 19:10:18 --> Session: Class initialized using 'CodeIgniter\Session\Handlers\FileHandler' driver.
DEBUG - 2026-06-10 19:15:42 --> Session: Class initialized using 'CodeIgniter\Session\Handlers\FileHandler' driver.
DEBUG - 2026-06-10 19:15:42 --> Session: Class initialized using 'CodeIgniter\Session\Handlers\FileHandler' driver.
DEBUG - 2026-06-10 19:15:47 --> Session: Class initialized using 'CodeIgniter\Session\Handlers\FileHandler' driver.
DEBUG - 2026-06-10 19:16:14 --> Session: Class initialized using 'CodeIgniter\Session\Handlers\FileHandler' driver.
DEBUG - 2026-06-10 19:16:22 --> Session: Class initialized using 'CodeIgniter\Session\Handlers\FileHandler' driver.
DEBUG - 2026-06-10 19:16:29 --> Session: Class initialized using 'CodeIgniter\Session\Handlers\FileHandler' driver.
DEBUG - 2026-06-10 19:16:31 --> Session: Class initialized using 'CodeIgniter\Session\Handlers\FileHandler' driver.
DEBUG - 2026-06-10 19:17:44 --> Session: Class initialized using 'CodeIgniter\Session\Handlers\FileHandler' driver.
DEBUG - 2026-06-10 19:17:44 --> Session: Class initialized using 'CodeIgniter\Session\Handlers\FileHandler' driver.
DEBUG - 2026-06-10 19:17:47 --> Session: Class initialized using 'CodeIgniter\Session\Handlers\FileHandler' driver.
DEBUG - 2026-06-10 19:17:56 --> Session: Class initialized using 'CodeIgniter\Session\Handlers\FileHandler' driver.
DEBUG - 2026-06-10 19:18:00 --> Session: Class initialized using 'CodeIgniter\Session\Handlers\FileHandler' driver.
DEBUG - 2026-06-10 19:18:06 --> Session: Class initialized using 'CodeIgniter\Session\Handlers\FileHandler' driver.
DEBUG - 2026-06-10 19:18:19 --> Session: Class initialized using 'CodeIgniter\Session\Handlers\FileHandler' driver.
DEBUG - 2026-06-10 19:18:19 --> Session: Class initialized using 'CodeIgniter\Session\Handlers\FileHandler' driver.
DEBUG - 2026-06-10 19:18:26 --> Session: Class initialized using 'CodeIgniter\Session\Handlers\FileHandler' driver.
DEBUG - 2026-06-10 19:18:26 --> Session: Class initialized using 'CodeIgniter\Session\Handlers\FileHandler' driver.
DEBUG - 2026-06-10 19:18:33 --> Session: Class initialized using 'CodeIgniter\Session\Handlers\FileHandler' driver.
DEBUG - 2026-06-10 19:18:34 --> Session: Class initialized using 'CodeIgniter\Session\Handlers\FileHandler' driver.
DEBUG - 2026-06-10 19:18:50 --> Session: Class initialized using 'CodeIgniter\Session\Handlers\FileHandler' driver.
DEBUG - 2026-06-10 19:19:19 --> Session: Class initialized using 'CodeIgniter\Session\Handlers\FileHandler' driver.
DEBUG - 2026-06-10 19:19:19 --> Session: Class initialized using 'CodeIgniter\Session\Handlers\FileHandler' driver.
DEBUG - 2026-06-10 19:19:22 --> Session: Class initialized using 'CodeIgniter\Session\Handlers\FileHandler' driver.
DEBUG - 2026-06-10 19:19:25 --> Session: Class initialized using 'CodeIgniter\Session\Handlers\FileHandler' driver.
DEBUG - 2026-06-10 19:19:29 --> Session: Class initialized using 'CodeIgniter\Session\Handlers\FileHandler' driver.
DEBUG - 2026-06-10 19:19:40 --> Session: Class initialized using 'CodeIgniter\Session\Handlers\FileHandler' driver.
DEBUG - 2026-06-10 19:19:41 --> Session: Class initialized using 'CodeIgniter\Session\Handlers\FileHandler' driver.
DEBUG - 2026-06-10 19:19:51 --> Session: Class initialized using 'CodeIgniter\Session\Handlers\FileHandler' driver.
DEBUG - 2026-06-10 19:19:51 --> Session: Class initialized using 'CodeIgniter\Session\Handlers\FileHandler' driver.
DEBUG - 2026-06-10 19:20:06 --> Session: Class initialized using 'CodeIgniter\Session\Handlers\FileHandler' driver.
DEBUG - 2026-06-10 19:20:07 --> Session: Class initialized using 'CodeIgniter\Session\Handlers\FileHandler' driver.
DEBUG - 2026-06-10 19:20:13 --> Session: Class initialized using 'CodeIgniter\Session\Handlers\FileHandler' driver.
DEBUG - 2026-06-10 19:20:13 --> Session: Class initialized using 'CodeIgniter\Session\Handlers\FileHandler' driver.
DEBUG - 2026-06-10 19:21:10 --> Session: Class initialized using 'CodeIgniter\Session\Handlers\FileHandler' driver.
DEBUG - 2026-06-10 19:21:10 --> Session: Class initialized using 'CodeIgniter\Session\Handlers\FileHandler' driver.
DEBUG - 2026-06-10 19:22:04 --> Session: Class initialized using 'CodeIgniter\Session\Handlers\FileHandler' driver.
DEBUG - 2026-06-10 19:22:11 --> Session: Class initialized using 'CodeIgniter\Session\Handlers\FileHandler' driver.
DEBUG - 2026-06-10 19:22:50 --> Session: Class initialized using 'CodeIgniter\Session\Handlers\FileHandler' driver.
DEBUG - 2026-06-10 19:22:50 --> Session: Class initialized using 'CodeIgniter\Session\Handlers\FileHandler' driver.
DEBUG - 2026-06-10 19:22:53 --> Session: Class initialized using 'CodeIgniter\Session\Handlers\FileHandler' driver.
DEBUG - 2026-06-10 19:22:57 --> Session: Class initialized using 'CodeIgniter\Session\Handlers\FileHandler' driver.
DEBUG - 2026-06-10 19:23:19 --> Session: Class initialized using 'CodeIgniter\Session\Handlers\FileHandler' driver.
DEBUG - 2026-06-10 19:23:28 --> Session: Class initialized using 'CodeIgniter\Session\Handlers\FileHandler' driver.
DEBUG - 2026-06-10 19:23:34 --> Session: Class initialized using 'CodeIgniter\Session\Handlers\FileHandler' driver.
DEBUG - 2026-06-10 19:23:34 --> Session: Class initialized using 'CodeIgniter\Session\Handlers\FileHandler' driver.
DEBUG - 2026-06-10 19:23:40 --> Session: Class initialized using 'CodeIgniter\Session\Handlers\FileHandler' driver.
DEBUG - 2026-06-10 19:23:40 --> Session: Class initialized using 'CodeIgniter\Session\Handlers\FileHandler' driver.
DEBUG - 2026-06-10 19:23:43 --> Session: Class initialized using 'CodeIgniter\Session\Handlers\FileHandler' driver.
DEBUG - 2026-06-10 19:23:49 --> Session: Class initialized using 'CodeIgniter\Session\Handlers\FileHandler' driver.
DEBUG - 2026-06-10 19:23:55 --> Session: Class initialized using 'CodeIgniter\Session\Handlers\FileHandler' driver.
DEBUG - 2026-06-10 19:23:55 --> Session: Class initialized using 'CodeIgniter\Session\Handlers\FileHandler' driver.
DEBUG - 2026-06-10 19:24:03 --> Session: Class initialized using 'CodeIgniter\Session\Handlers\FileHandler' driver.
DEBUG - 2026-06-10 19:24:03 --> Session: Class initialized using 'CodeIgniter\Session\Handlers\FileHandler' driver.
DEBUG - 2026-06-10 19:24:11 --> Session: Class initialized using 'CodeIgniter\Session\Handlers\FileHandler' driver.
DEBUG - 2026-06-10 19:24:11 --> Session: Class initialized using 'CodeIgniter\Session\Handlers\FileHandler' driver.
DEBUG - 2026-06-10 19:24:14 --> Session: Class initialized using 'CodeIgniter\Session\Handlers\FileHandler' driver.
DEBUG - 2026-06-10 19:24:25 --> Session: Class initialized using 'CodeIgniter\Session\Handlers\FileHandler' driver.
DEBUG - 2026-06-10 19:26:31 --> Session: Class initialized using 'CodeIgniter\Session\Handlers\FileHandler' driver.
DEBUG - 2026-06-10 19:26:31 --> Session: Class initialized using 'CodeIgniter\Session\Handlers\FileHandler' driver.
DEBUG - 2026-06-10 19:26:36 --> Session: Class initialized using 'CodeIgniter\Session\Handlers\FileHandler' driver.
DEBUG - 2026-06-10 19:26:36 --> Session: Class initialized using 'CodeIgniter\Session\Handlers\FileHandler' driver.
DEBUG - 2026-06-10 19:26:42 --> Session: Class initialized using 'CodeIgniter\Session\Handlers\FileHandler' driver.
DEBUG - 2026-06-10 19:26:42 --> Session: Class initialized using 'CodeIgniter\Session\Handlers\FileHandler' driver.
DEBUG - 2026-06-10 19:27:19 --> Session: Class initialized using 'CodeIgniter\Session\Handlers\FileHandler' driver.
DEBUG - 2026-06-10 19:27:19 --> Session: Class initialized using 'CodeIgniter\Session\Handlers\FileHandler' driver.
DEBUG - 2026-06-10 19:27:24 --> Session: Class initialized using 'CodeIgniter\Session\Handlers\FileHandler' driver.
DEBUG - 2026-06-10 19:27:24 --> Session: Class initialized using 'CodeIgniter\Session\Handlers\FileHandler' driver.
DEBUG - 2026-06-10 19:27:49 --> Session: Class initialized using 'CodeIgniter\Session\Handlers\FileHandler' driver.
DEBUG - 2026-06-10 19:27:49 --> Session: Class initialized using 'CodeIgniter\Session\Handlers\FileHandler' driver.
DEBUG - 2026-06-10 19:27:52 --> Session: Class initialized using 'CodeIgniter\Session\Handlers\FileHandler' driver.
DEBUG - 2026-06-10 19:28:26 --> Session: Class initialized using 'CodeIgniter\Session\Handlers\FileHandler' driver.
DEBUG - 2026-06-10 19:28:29 --> Session: Class initialized using 'CodeIgniter\Session\Handlers\FileHandler' driver.
DEBUG - 2026-06-10 19:28:33 --> Session: Class initialized using 'CodeIgniter\Session\Handlers\FileHandler' driver.
DEBUG - 2026-06-10 19:32:46 --> Session: Class initialized using 'CodeIgniter\Session\Handlers\FileHandler' driver.
DEBUG - 2026-06-10 19:32:51 --> Session: Class initialized using 'CodeIgniter\Session\Handlers\FileHandler' driver.
DEBUG - 2026-06-10 19:32:54 --> Session: Class initialized using 'CodeIgniter\Session\Handlers\FileHandler' driver.
DEBUG - 2026-06-10 19:33:01 --> Session: Class initialized using 'CodeIgniter\Session\Handlers\FileHandler' driver.
DEBUG - 2026-06-10 19:33:01 --> Session: Class initialized using 'CodeIgniter\Session\Handlers\FileHandler' driver.
DEBUG - 2026-06-10 19:33:25 --> Session: Class initialized using 'CodeIgniter\Session\Handlers\FileHandler' driver.
DEBUG - 2026-06-10 19:33:25 --> Session: Class initialized using 'CodeIgniter\Session\Handlers\FileHandler' driver.
DEBUG - 2026-06-10 19:33:32 --> Session: Class initialized using 'CodeIgniter\Session\Handlers\FileHandler' driver.
DEBUG - 2026-06-10 19:33:32 --> Session: Class initialized using 'CodeIgniter\Session\Handlers\FileHandler' driver.
DEBUG - 2026-06-10 19:34:04 --> Session: Class initialized using 'CodeIgniter\Session\Handlers\FileHandler' driver.
DEBUG - 2026-06-10 19:34:05 --> Session: Class initialized using 'CodeIgniter\Session\Handlers\FileHandler' driver.
DEBUG - 2026-06-10 19:34:10 --> Session: Class initialized using 'CodeIgniter\Session\Handlers\FileHandler' driver.
DEBUG - 2026-06-10 19:34:10 --> Session: Class initialized using 'CodeIgniter\Session\Handlers\FileHandler' driver.
DEBUG - 2026-06-10 19:34:16 --> Session: Class initialized using 'CodeIgniter\Session\Handlers\FileHandler' driver.
DEBUG - 2026-06-10 19:34:22 --> Session: Class initialized using 'CodeIgniter\Session\Handlers\FileHandler' driver.
DEBUG - 2026-06-10 19:34:29 --> Session: Class initialized using 'CodeIgniter\Session\Handlers\FileHandler' driver.
DEBUG - 2026-06-10 19:34:36 --> Session: Class initialized using 'CodeIgniter\Session\Handlers\FileHandler' driver.
DEBUG - 2026-06-10 19:34:38 --> Session: Class initialized using 'CodeIgniter\Session\Handlers\FileHandler' driver.
DEBUG - 2026-06-10 19:36:17 --> Session: Class initialized using 'CodeIgniter\Session\Handlers\FileHandler' driver.
DEBUG - 2026-06-10 19:37:25 --> Session: Class initialized using 'CodeIgniter\Session\Handlers\FileHandler' driver.
DEBUG - 2026-06-10 19:37:54 --> Session: Class initialized using 'CodeIgniter\Session\Handlers\FileHandler' driver.
DEBUG - 2026-06-10 19:37:56 --> Session: Class initialized using 'CodeIgniter\Session\Handlers\FileHandler' driver.
DEBUG - 2026-06-10 19:38:05 --> Session: Class initialized using 'CodeIgniter\Session\Handlers\FileHandler' driver.
DEBUG - 2026-06-10 19:38:38 --> Session: Class initialized using 'CodeIgniter\Session\Handlers\FileHandler' driver.
DEBUG - 2026-06-10 19:38:45 --> Session: Class initialized using 'CodeIgniter\Session\Handlers\FileHandler' driver.
DEBUG - 2026-06-10 19:38:49 --> Session: Class initialized using 'CodeIgniter\Session\Handlers\FileHandler' driver.
DEBUG - 2026-06-10 19:39:13 --> Session: Class initialized using 'CodeIgniter\Session\Handlers\FileHandler' driver.
DEBUG - 2026-06-10 19:39:44 --> Session: Class initialized using 'CodeIgniter\Session\Handlers\FileHandler' driver.
DEBUG - 2026-06-10 19:39:50 --> Session: Class initialized using 'CodeIgniter\Session\Handlers\FileHandler' driver.
DEBUG - 2026-06-10 19:40:04 --> Session: Class initialized using 'CodeIgniter\Session\Handlers\FileHandler' driver.
DEBUG - 2026-06-10 19:40:21 --> Session: Class initialized using 'CodeIgniter\Session\Handlers\FileHandler' driver.
DEBUG - 2026-06-10 19:42:17 --> Session: Class initialized using 'CodeIgniter\Session\Handlers\FileHandler' driver.
DEBUG - 2026-06-10 19:44:12 --> Session: Class initialized using 'CodeIgniter\Session\Handlers\FileHandler' driver.
DEBUG - 2026-06-10 19:44:33 --> Session: Class initialized using 'CodeIgniter\Session\Handlers\FileHandler' driver.
DEBUG - 2026-06-10 19:44:33 --> Session: Class initialized using 'CodeIgniter\Session\Handlers\FileHandler' driver.
DEBUG - 2026-06-10 19:44:40 --> Session: Class initialized using 'CodeIgniter\Session\Handlers\FileHandler' driver.
DEBUG - 2026-06-10 19:44:40 --> Session: Class initialized using 'CodeIgniter\Session\Handlers\FileHandler' driver.
DEBUG - 2026-06-10 19:48:20 --> Session: Class initialized using 'CodeIgniter\Session\Handlers\FileHandler' driver.
DEBUG - 2026-06-10 19:48:28 --> Session: Class initialized using 'CodeIgniter\Session\Handlers\FileHandler' driver.
DEBUG - 2026-06-10 19:48:35 --> Session: Class initialized using 'CodeIgniter\Session\Handlers\FileHandler' driver.
DEBUG - 2026-06-10 19:48:42 --> Session: Class initialized using 'CodeIgniter\Session\Handlers\FileHandler' driver.
DEBUG - 2026-06-10 19:48:47 --> Session: Class initialized using 'CodeIgniter\Session\Handlers\FileHandler' driver.
DEBUG - 2026-06-10 19:48:56 --> Session: Class initialized using 'CodeIgniter\Session\Handlers\FileHandler' driver.
DEBUG - 2026-06-10 19:48:58 --> Session: Class initialized using 'CodeIgniter\Session\Handlers\FileHandler' driver.
DEBUG - 2026-06-10 19:49:03 --> Session: Class initialized using 'CodeIgniter\Session\Handlers\FileHandler' driver.
DEBUG - 2026-06-10 19:49:07 --> Session: Class initialized using 'CodeIgniter\Session\Handlers\FileHandler' driver.
DEBUG - 2026-06-10 19:50:35 --> Session: Class initialized using 'CodeIgniter\Session\Handlers\FileHandler' driver.
DEBUG - 2026-06-10 19:50:50 --> Session: Class initialized using 'CodeIgniter\Session\Handlers\FileHandler' driver.
DEBUG - 2026-06-10 19:51:35 --> Session: Class initialized using 'CodeIgniter\Session\Handlers\FileHandler' driver.
DEBUG - 2026-06-10 19:51:59 --> Session: Class initialized using 'CodeIgniter\Session\Handlers\FileHandler' driver.
DEBUG - 2026-06-10 19:52:04 --> Session: Class initialized using 'CodeIgniter\Session\Handlers\FileHandler' driver.
DEBUG - 2026-06-10 19:52:19 --> Session: Class initialized using 'CodeIgniter\Session\Handlers\FileHandler' driver.
DEBUG - 2026-06-10 19:52:21 --> Session: Class initialized using 'CodeIgniter\Session\Handlers\FileHandler' driver.
DEBUG - 2026-06-10 20:02:00 --> Session: Class initialized using 'CodeIgniter\Session\Handlers\FileHandler' driver.
DEBUG - 2026-06-10 20:02:24 --> Session: Class initialized using 'CodeIgniter\Session\Handlers\FileHandler' driver.
DEBUG - 2026-06-10 20:02:38 --> Session: Class initialized using 'CodeIgniter\Session\Handlers\FileHandler' driver.
DEBUG - 2026-06-10 20:02:45 --> Session: Class initialized using 'CodeIgniter\Session\Handlers\FileHandler' driver.
DEBUG - 2026-06-10 20:02:47 --> Session: Class initialized using 'CodeIgniter\Session\Handlers\FileHandler' driver.
DEBUG - 2026-06-10 20:02:57 --> Session: Class initialized using 'CodeIgniter\Session\Handlers\FileHandler' driver.
DEBUG - 2026-06-10 20:03:12 --> Session: Class initialized using 'CodeIgniter\Session\Handlers\FileHandler' driver.
DEBUG - 2026-06-10 20:03:20 --> Session: Class initialized using 'CodeIgniter\Session\Handlers\FileHandler' driver.
DEBUG - 2026-06-10 20:03:30 --> Session: Class initialized using 'CodeIgniter\Session\Handlers\FileHandler' driver.
DEBUG - 2026-06-10 20:03:58 --> Session: Class initialized using 'CodeIgniter\Session\Handlers\FileHandler' driver.
DEBUG - 2026-06-10 20:03:58 --> Session: Class initialized using 'CodeIgniter\Session\Handlers\FileHandler' driver.
DEBUG - 2026-06-10 20:04:02 --> Session: Class initialized using 'CodeIgniter\Session\Handlers\FileHandler' driver.
DEBUG - 2026-06-10 20:04:29 --> Session: Class initialized using 'CodeIgniter\Session\Handlers\FileHandler' driver.
DEBUG - 2026-06-10 20:04:29 --> Session: Class initialized using 'CodeIgniter\Session\Handlers\FileHandler' driver.
DEBUG - 2026-06-10 20:04:31 --> Session: Class initialized using 'CodeIgniter\Session\Handlers\FileHandler' driver.
DEBUG - 2026-06-10 20:04:55 --> Session: Class initialized using 'CodeIgniter\Session\Handlers\FileHandler' driver.
DEBUG - 2026-06-10 20:04:55 --> Session: Class initialized using 'CodeIgniter\Session\Handlers\FileHandler' driver.
DEBUG - 2026-06-10 20:04:57 --> Session: Class initialized using 'CodeIgniter\Session\Handlers\FileHandler' driver.
DEBUG - 2026-06-10 20:05:00 --> Session: Class initialized using 'CodeIgniter\Session\Handlers\FileHandler' driver.
DEBUG - 2026-06-10 20:05:07 --> Session: Class initialized using 'CodeIgniter\Session\Handlers\FileHandler' driver.
DEBUG - 2026-06-10 20:06:18 --> Session: Class initialized using 'CodeIgniter\Session\Handlers\FileHandler' driver.
DEBUG - 2026-06-10 20:06:18 --> Session: Class initialized using 'CodeIgniter\Session\Handlers\FileHandler' driver.
DEBUG - 2026-06-10 20:06:46 --> Session: Class initialized using 'CodeIgniter\Session\Handlers\FileHandler' driver.
DEBUG - 2026-06-10 20:06:46 --> Session: Class initialized using 'CodeIgniter\Session\Handlers\FileHandler' driver.
DEBUG - 2026-06-10 20:07:05 --> Session: Class initialized using 'CodeIgniter\Session\Handlers\FileHandler' driver.
DEBUG - 2026-06-10 20:07:18 --> Session: Class initialized using 'CodeIgniter\Session\Handlers\FileHandler' driver.
DEBUG - 2026-06-10 20:07:18 --> Session: Class initialized using 'CodeIgniter\Session\Handlers\FileHandler' driver.
DEBUG - 2026-06-10 20:07:23 --> Session: Class initialized using 'CodeIgniter\Session\Handlers\FileHandler' driver.
DEBUG - 2026-06-10 20:07:23 --> Session: Class initialized using 'CodeIgniter\Session\Handlers\FileHandler' driver.
DEBUG - 2026-06-10 20:07:35 --> Session: Class initialized using 'CodeIgniter\Session\Handlers\FileHandler' driver.
DEBUG - 2026-06-10 20:07:44 --> Session: Class initialized using 'CodeIgniter\Session\Handlers\FileHandler' driver.
DEBUG - 2026-06-10 20:07:52 --> Session: Class initialized using 'CodeIgniter\Session\Handlers\FileHandler' driver.
DEBUG - 2026-06-10 20:08:16 --> Session: Class initialized using 'CodeIgniter\Session\Handlers\FileHandler' driver.
DEBUG - 2026-06-10 20:08:30 --> Session: Class initialized using 'CodeIgniter\Session\Handlers\FileHandler' driver.
DEBUG - 2026-06-10 20:08:34 --> Session: Class initialized using 'CodeIgniter\Session\Handlers\FileHandler' driver.
DEBUG - 2026-06-10 20:08:42 --> Session: Class initialized using 'CodeIgniter\Session\Handlers\FileHandler' driver.
DEBUG - 2026-06-10 20:08:46 --> Session: Class initialized using 'CodeIgniter\Session\Handlers\FileHandler' driver.
DEBUG - 2026-06-10 20:09:06 --> Session: Class initialized using 'CodeIgniter\Session\Handlers\FileHandler' driver.
DEBUG - 2026-06-10 20:09:13 --> Session: Class initialized using 'CodeIgniter\Session\Handlers\FileHandler' driver.
DEBUG - 2026-06-10 20:09:25 --> Session: Class initialized using 'CodeIgniter\Session\Handlers\FileHandler' driver.
DEBUG - 2026-06-10 20:09:33 --> Session: Class initialized using 'CodeIgniter\Session\Handlers\FileHandler' driver.
DEBUG - 2026-06-10 20:09:43 --> Session: Class initialized using 'CodeIgniter\Session\Handlers\FileHandler' driver.
DEBUG - 2026-06-10 20:10:10 --> Session: Class initialized using 'CodeIgniter\Session\Handlers\FileHandler' driver.
DEBUG - 2026-06-10 20:10:10 --> Session: Class initialized using 'CodeIgniter\Session\Handlers\FileHandler' driver.
DEBUG - 2026-06-10 20:10:14 --> Session: Class initialized using 'CodeIgniter\Session\Handlers\FileHandler' driver.
DEBUG - 2026-06-10 20:10:17 --> Session: Class initialized using 'CodeIgniter\Session\Handlers\FileHandler' driver.
DEBUG - 2026-06-10 20:10:23 --> Session: Class initialized using 'CodeIgniter\Session\Handlers\FileHandler' driver.
DEBUG - 2026-06-10 20:10:23 --> Session: Class initialized using 'CodeIgniter\Session\Handlers\FileHandler' driver.
DEBUG - 2026-06-10 20:10:25 --> Session: Class initialized using 'CodeIgniter\Session\Handlers\FileHandler' driver.
DEBUG - 2026-06-10 20:10:27 --> Session: Class initialized using 'CodeIgniter\Session\Handlers\FileHandler' driver.
DEBUG - 2026-06-10 20:10:34 --> Session: Class initialized using 'CodeIgniter\Session\Handlers\FileHandler' driver.
DEBUG - 2026-06-10 20:10:39 --> Session: Class initialized using 'CodeIgniter\Session\Handlers\FileHandler' driver.
DEBUG - 2026-06-10 20:10:47 --> Session: Class initialized using 'CodeIgniter\Session\Handlers\FileHandler' driver.
DEBUG - 2026-06-10 20:10:55 --> Session: Class initialized using 'CodeIgniter\Session\Handlers\FileHandler' driver.
DEBUG - 2026-06-10 20:11:01 --> Session: Class initialized using 'CodeIgniter\Session\Handlers\FileHandler' driver.
DEBUG - 2026-06-10 20:11:03 --> Session: Class initialized using 'CodeIgniter\Session\Handlers\FileHandler' driver.
DEBUG - 2026-06-10 20:11:05 --> Session: Class initialized using 'CodeIgniter\Session\Handlers\FileHandler' driver.
DEBUG - 2026-06-10 20:12:18 --> Session: Class initialized using 'CodeIgniter\Session\Handlers\FileHandler' driver.
DEBUG - 2026-06-10 20:12:19 --> Session: Class initialized using 'CodeIgniter\Session\Handlers\FileHandler' driver.
DEBUG - 2026-06-10 20:12:24 --> Session: Class initialized using 'CodeIgniter\Session\Handlers\FileHandler' driver.
DEBUG - 2026-06-10 20:12:37 --> Session: Class initialized using 'CodeIgniter\Session\Handlers\FileHandler' driver.
DEBUG - 2026-06-10 20:12:37 --> Session: Class initialized using 'CodeIgniter\Session\Handlers\FileHandler' driver.
DEBUG - 2026-06-10 20:12:41 --> Session: Class initialized using 'CodeIgniter\Session\Handlers\FileHandler' driver.
DEBUG - 2026-06-10 20:12:41 --> Session: Class initialized using 'CodeIgniter\Session\Handlers\FileHandler' driver.
DEBUG - 2026-06-10 20:12:51 --> Session: Class initialized using 'CodeIgniter\Session\Handlers\FileHandler' driver.
DEBUG - 2026-06-10 20:12:51 --> Session: Class initialized using 'CodeIgniter\Session\Handlers\FileHandler' driver.
DEBUG - 2026-06-10 20:13:41 --> Session: Class initialized using 'CodeIgniter\Session\Handlers\FileHandler' driver.
DEBUG - 2026-06-10 20:13:41 --> Session: Class initialized using 'CodeIgniter\Session\Handlers\FileHandler' driver.
DEBUG - 2026-06-10 20:13:52 --> Session: Class initialized using 'CodeIgniter\Session\Handlers\FileHandler' driver.
DEBUG - 2026-06-10 20:13:52 --> Session: Class initialized using 'CodeIgniter\Session\Handlers\FileHandler' driver.
DEBUG - 2026-06-10 20:13:57 --> Session: Class initialized using 'CodeIgniter\Session\Handlers\FileHandler' driver.
DEBUG - 2026-06-10 20:13:58 --> Session: Class initialized using 'CodeIgniter\Session\Handlers\FileHandler' driver.
DEBUG - 2026-06-10 20:14:04 --> Session: Class initialized using 'CodeIgniter\Session\Handlers\FileHandler' driver.
DEBUG - 2026-06-10 20:14:05 --> Session: Class initialized using 'CodeIgniter\Session\Handlers\FileHandler' driver.
DEBUG - 2026-06-10 20:14:15 --> Session: Class initialized using 'CodeIgniter\Session\Handlers\FileHandler' driver.
DEBUG - 2026-06-10 20:14:15 --> Session: Class initialized using 'CodeIgniter\Session\Handlers\FileHandler' driver.
DEBUG - 2026-06-10 20:14:17 --> Session: Class initialized using 'CodeIgniter\Session\Handlers\FileHandler' driver.
DEBUG - 2026-06-10 20:14:22 --> Session: Class initialized using 'CodeIgniter\Session\Handlers\FileHandler' driver.
DEBUG - 2026-06-10 20:14:27 --> Session: Class initialized using 'CodeIgniter\Session\Handlers\FileHandler' driver.
DEBUG - 2026-06-10 20:15:00 --> Session: Class initialized using 'CodeIgniter\Session\Handlers\FileHandler' driver.
DEBUG - 2026-06-10 20:15:00 --> Session: Class initialized using 'CodeIgniter\Session\Handlers\FileHandler' driver.
DEBUG - 2026-06-10 20:15:06 --> Session: Class initialized using 'CodeIgniter\Session\Handlers\FileHandler' driver.
DEBUG - 2026-06-10 20:15:06 --> Session: Class initialized using 'CodeIgniter\Session\Handlers\FileHandler' driver.
DEBUG - 2026-06-10 20:15:17 --> Session: Class initialized using 'CodeIgniter\Session\Handlers\FileHandler' driver.
DEBUG - 2026-06-10 20:15:17 --> Session: Class initialized using 'CodeIgniter\Session\Handlers\FileHandler' driver.
DEBUG - 2026-06-10 20:15:21 --> Session: Class initialized using 'CodeIgniter\Session\Handlers\FileHandler' driver.
DEBUG - 2026-06-10 20:15:22 --> Session: Class initialized using 'CodeIgniter\Session\Handlers\FileHandler' driver.
DEBUG - 2026-06-10 20:15:32 --> Session: Class initialized using 'CodeIgniter\Session\Handlers\FileHandler' driver.
DEBUG - 2026-06-10 20:15:32 --> Session: Class initialized using 'CodeIgniter\Session\Handlers\FileHandler' driver.
DEBUG - 2026-06-10 20:15:58 --> Session: Class initialized using 'CodeIgniter\Session\Handlers\FileHandler' driver.
DEBUG - 2026-06-10 20:19:24 --> Session: Class initialized using 'CodeIgniter\Session\Handlers\FileHandler' driver.
DEBUG - 2026-06-10 20:19:27 --> Session: Class initialized using 'CodeIgniter\Session\Handlers\FileHandler' driver.
DEBUG - 2026-06-10 20:19:34 --> Session: Class initialized using 'CodeIgniter\Session\Handlers\FileHandler' driver.
DEBUG - 2026-06-10 20:19:44 --> Session: Class initialized using 'CodeIgniter\Session\Handlers\FileHandler' driver.
DEBUG - 2026-06-10 20:19:47 --> Session: Class initialized using 'CodeIgniter\Session\Handlers\FileHandler' driver.
DEBUG - 2026-06-10 20:19:52 --> Session: Class initialized using 'CodeIgniter\Session\Handlers\FileHandler' driver.
DEBUG - 2026-06-10 20:19:59 --> Session: Class initialized using 'CodeIgniter\Session\Handlers\FileHandler' driver.
DEBUG - 2026-06-10 20:20:07 --> Session: Class initialized using 'CodeIgniter\Session\Handlers\FileHandler' driver.
DEBUG - 2026-06-10 20:20:09 --> Session: Class initialized using 'CodeIgniter\Session\Handlers\FileHandler' driver.
DEBUG - 2026-06-10 20:20:11 --> Session: Class initialized using 'CodeIgniter\Session\Handlers\FileHandler' driver.
DEBUG - 2026-06-10 20:20:17 --> Session: Class initialized using 'CodeIgniter\Session\Handlers\FileHandler' driver.
DEBUG - 2026-06-10 20:20:19 --> Session: Class initialized using 'CodeIgniter\Session\Handlers\FileHandler' driver.
DEBUG - 2026-06-10 20:20:22 --> Session: Class initialized using 'CodeIgniter\Session\Handlers\FileHandler' driver.
DEBUG - 2026-06-10 20:20:26 --> Session: Class initialized using 'CodeIgniter\Session\Handlers\FileHandler' driver.
DEBUG - 2026-06-10 20:25:52 --> Session: Class initialized using 'CodeIgniter\Session\Handlers\FileHandler' driver.
DEBUG - 2026-06-10 20:25:52 --> Session: Class initialized using 'CodeIgniter\Session\Handlers\FileHandler' driver.
DEBUG - 2026-06-10 20:26:02 --> Session: Class initialized using 'CodeIgniter\Session\Handlers\FileHandler' driver.
DEBUG - 2026-06-10 20:26:03 --> Session: Class initialized using 'CodeIgniter\Session\Handlers\FileHandler' driver.
DEBUG - 2026-06-10 20:26:05 --> Session: Class initialized using 'CodeIgniter\Session\Handlers\FileHandler' driver.
DEBUG - 2026-06-10 20:26:12 --> Session: Class initialized using 'CodeIgniter\Session\Handlers\FileHandler' driver.
DEBUG - 2026-06-10 20:26:45 --> Session: Class initialized using 'CodeIgniter\Session\Handlers\FileHandler' driver.
DEBUG - 2026-06-10 20:26:51 --> Session: Class initialized using 'CodeIgniter\Session\Handlers\FileHandler' driver.
DEBUG - 2026-06-10 20:26:55 --> Session: Class initialized using 'CodeIgniter\Session\Handlers\FileHandler' driver.
DEBUG - 2026-06-10 20:27:12 --> Session: Class initialized using 'CodeIgniter\Session\Handlers\FileHandler' driver.
DEBUG - 2026-06-10 20:27:34 --> Session: Class initialized using 'CodeIgniter\Session\Handlers\FileHandler' driver.
DEBUG - 2026-06-10 20:27:38 --> Session: Class initialized using 'CodeIgniter\Session\Handlers\FileHandler' driver.
DEBUG - 2026-06-10 20:27:56 --> Session: Class initialized using 'CodeIgniter\Session\Handlers\FileHandler' driver.
DEBUG - 2026-06-10 20:28:30 --> Session: Class initialized using 'CodeIgniter\Session\Handlers\FileHandler' driver.
DEBUG - 2026-06-10 21:54:53 --> Session: Class initialized using 'CodeIgniter\Session\Handlers\FileHandler' driver.
DEBUG - 2026-06-10 21:54:59 --> Session: Class initialized using 'CodeIgniter\Session\Handlers\FileHandler' driver.
DEBUG - 2026-06-10 21:55:02 --> Session: Class initialized using 'CodeIgniter\Session\Handlers\FileHandler' driver.
DEBUG - 2026-06-10 21:55:31 --> Session: Class initialized using 'CodeIgniter\Session\Handlers\FileHandler' driver.
DEBUG - 2026-06-10 21:56:08 --> Session: Class initialized using 'CodeIgniter\Session\Handlers\FileHandler' driver.
DEBUG - 2026-06-10 21:56:08 --> Session: Class initialized using 'CodeIgniter\Session\Handlers\FileHandler' driver.
DEBUG - 2026-06-10 21:56:14 --> Session: Class initialized using 'CodeIgniter\Session\Handlers\FileHandler' driver.
DEBUG - 2026-06-10 21:56:14 --> Session: Class initialized using 'CodeIgniter\Session\Handlers\FileHandler' driver.
DEBUG - 2026-06-10 21:56:29 --> Session: Class initialized using 'CodeIgniter\Session\Handlers\FileHandler' driver.
DEBUG - 2026-06-10 21:56:29 --> Session: Class initialized using 'CodeIgniter\Session\Handlers\FileHandler' driver.
DEBUG - 2026-06-10 21:56:43 --> Session: Class initialized using 'CodeIgniter\Session\Handlers\FileHandler' driver.
DEBUG - 2026-06-10 21:57:04 --> Session: Class initialized using 'CodeIgniter\Session\Handlers\FileHandler' driver.
DEBUG - 2026-06-10 21:58:21 --> Session: Class initialized using 'CodeIgniter\Session\Handlers\FileHandler' driver.
DEBUG - 2026-06-10 21:58:21 --> Session: Class initialized using 'CodeIgniter\Session\Handlers\FileHandler' driver.
DEBUG - 2026-06-10 21:58:45 --> Session: Class initialized using 'CodeIgniter\Session\Handlers\FileHandler' driver.
DEBUG - 2026-06-10 21:58:45 --> Session: Class initialized using 'CodeIgniter\Session\Handlers\FileHandler' driver.
DEBUG - 2026-06-10 21:58:59 --> Session: Class initialized using 'CodeIgniter\Session\Handlers\FileHandler' driver.
DEBUG - 2026-06-10 21:58:59 --> Session: Class initialized using 'CodeIgniter\Session\Handlers\FileHandler' driver.
DEBUG - 2026-06-10 21:59:14 --> Session: Class initialized using 'CodeIgniter\Session\Handlers\FileHandler' driver.
DEBUG - 2026-06-10 21:59:19 --> Session: Class initialized using 'CodeIgniter\Session\Handlers\FileHandler' driver.
DEBUG - 2026-06-10 21:59:30 --> Session: Class initialized using 'CodeIgniter\Session\Handlers\FileHandler' driver.
DEBUG - 2026-06-10 21:59:33 --> Session: Class initialized using 'CodeIgniter\Session\Handlers\FileHandler' driver.
DEBUG - 2026-06-10 21:59:35 --> Session: Class initialized using 'CodeIgniter\Session\Handlers\FileHandler' driver.
DEBUG - 2026-06-10 21:59:50 --> Session: Class initialized using 'CodeIgniter\Session\Handlers\FileHandler' driver.
DEBUG - 2026-06-10 22:00:06 --> Session: Class initialized using 'CodeIgniter\Session\Handlers\FileHandler' driver.
DEBUG - 2026-06-10 22:00:06 --> Session: Class initialized using 'CodeIgniter\Session\Handlers\FileHandler' driver.
DEBUG - 2026-06-10 22:00:11 --> Session: Class initialized using 'CodeIgniter\Session\Handlers\FileHandler' driver.
DEBUG - 2026-06-10 22:00:21 --> Session: Class initialized using 'CodeIgniter\Session\Handlers\FileHandler' driver.
DEBUG - 2026-06-10 22:00:44 --> Session: Class initialized using 'CodeIgniter\Session\Handlers\FileHandler' driver.
DEBUG - 2026-06-10 22:03:51 --> Session: Class initialized using 'CodeIgniter\Session\Handlers\FileHandler' driver.
DEBUG - 2026-06-10 22:10:02 --> Session: Class initialized using 'CodeIgniter\Session\Handlers\FileHandler' driver.
DEBUG - 2026-06-10 22:10:06 --> Session: Class initialized using 'CodeIgniter\Session\Handlers\FileHandler' driver.
DEBUG - 2026-06-10 22:10:07 --> Session: Class initialized using 'CodeIgniter\Session\Handlers\FileHandler' driver.
DEBUG - 2026-06-10 22:10:10 --> Session: Class initialized using 'CodeIgniter\Session\Handlers\FileHandler' driver.
DEBUG - 2026-06-10 22:10:21 --> Session: Class initialized using 'CodeIgniter\Session\Handlers\FileHandler' driver.
DEBUG - 2026-06-10 22:10:21 --> Session: Class initialized using 'CodeIgniter\Session\Handlers\FileHandler' driver.
DEBUG - 2026-06-10 22:10:41 --> Session: Class initialized using 'CodeIgniter\Session\Handlers\FileHandler' driver.
DEBUG - 2026-06-10 22:10:41 --> Session: Class initialized using 'CodeIgniter\Session\Handlers\FileHandler' driver.
DEBUG - 2026-06-10 22:11:11 --> Session: Class initialized using 'CodeIgniter\Session\Handlers\FileHandler' driver.
DEBUG - 2026-06-10 22:11:18 --> Session: Class initialized using 'CodeIgniter\Session\Handlers\FileHandler' driver.
DEBUG - 2026-06-10 22:11:33 --> Session: Class initialized using 'CodeIgniter\Session\Handlers\FileHandler' driver.
DEBUG - 2026-06-10 22:11:34 --> Session: Class initialized using 'CodeIgniter\Session\Handlers\FileHandler' driver.
DEBUG - 2026-06-10 22:12:06 --> Session: Class initialized using 'CodeIgniter\Session\Handlers\FileHandler' driver.
DEBUG - 2026-06-10 22:14:15 --> Session: Class initialized using 'CodeIgniter\Session\Handlers\FileHandler' driver.
DEBUG - 2026-06-10 22:14:19 --> Session: Class initialized using 'CodeIgniter\Session\Handlers\FileHandler' driver.
DEBUG - 2026-06-10 22:17:27 --> Session: Class initialized using 'CodeIgniter\Session\Handlers\FileHandler' driver.
DEBUG - 2026-06-10 22:20:45 --> Session: Class initialized using 'CodeIgniter\Session\Handlers\FileHandler' driver.
DEBUG - 2026-06-10 22:20:52 --> Session: Class initialized using 'CodeIgniter\Session\Handlers\FileHandler' driver.
DEBUG - 2026-06-10 22:20:56 --> Session: Class initialized using 'CodeIgniter\Session\Handlers\FileHandler' driver.
DEBUG - 2026-06-10 22:20:59 --> Session: Class initialized using 'CodeIgniter\Session\Handlers\FileHandler' driver.
DEBUG - 2026-06-10 22:21:00 --> Session: Class initialized using 'CodeIgniter\Session\Handlers\FileHandler' driver.
DEBUG - 2026-06-10 22:21:25 --> Session: Class initialized using 'CodeIgniter\Session\Handlers\FileHandler' driver.
DEBUG - 2026-06-10 22:22:01 --> Session: Class initialized using 'CodeIgniter\Session\Handlers\FileHandler' driver.
DEBUG - 2026-06-10 22:22:18 --> Session: Class initialized using 'CodeIgniter\Session\Handlers\FileHandler' driver.
DEBUG - 2026-06-10 22:23:20 --> Session: Class initialized using 'CodeIgniter\Session\Handlers\FileHandler' driver.
DEBUG - 2026-06-10 22:23:37 --> Session: Class initialized using 'CodeIgniter\Session\Handlers\FileHandler' driver.
DEBUG - 2026-06-10 22:23:40 --> Session: Class initialized using 'CodeIgniter\Session\Handlers\FileHandler' driver.
DEBUG - 2026-06-10 22:23:43 --> Session: Class initialized using 'CodeIgniter\Session\Handlers\FileHandler' driver.
DEBUG - 2026-06-10 22:23:49 --> Session: Class initialized using 'CodeIgniter\Session\Handlers\FileHandler' driver.
DEBUG - 2026-06-10 22:24:14 --> Session: Class initialized using 'CodeIgniter\Session\Handlers\FileHandler' driver.
DEBUG - 2026-06-10 22:24:45 --> Session: Class initialized using 'CodeIgniter\Session\Handlers\FileHandler' driver.
DEBUG - 2026-06-10 22:25:01 --> Session: Class initialized using 'CodeIgniter\Session\Handlers\FileHandler' driver.
DEBUG - 2026-06-10 22:25:03 --> Session: Class initialized using 'CodeIgniter\Session\Handlers\FileHandler' driver.
DEBUG - 2026-06-10 22:25:51 --> Session: Class initialized using 'CodeIgniter\Session\Handlers\FileHandler' driver.
DEBUG - 2026-06-10 22:25:51 --> Session: Class initialized using 'CodeIgniter\Session\Handlers\FileHandler' driver.
DEBUG - 2026-06-10 22:26:01 --> Session: Class initialized using 'CodeIgniter\Session\Handlers\FileHandler' driver.
DEBUG - 2026-06-10 22:26:01 --> Session: Class initialized using 'CodeIgniter\Session\Handlers\FileHandler' driver.
DEBUG - 2026-06-10 22:26:18 --> Session: Class initialized using 'CodeIgniter\Session\Handlers\FileHandler' driver.
DEBUG - 2026-06-10 22:26:18 --> Session: Class initialized using 'CodeIgniter\Session\Handlers\FileHandler' driver.
DEBUG - 2026-06-10 22:26:20 --> Session: Class initialized using 'CodeIgniter\Session\Handlers\FileHandler' driver.
DEBUG - 2026-06-10 22:26:44 --> Session: Class initialized using 'CodeIgniter\Session\Handlers\FileHandler' driver.
DEBUG - 2026-06-10 22:26:55 --> Session: Class initialized using 'CodeIgniter\Session\Handlers\FileHandler' driver.
DEBUG - 2026-06-10 22:26:55 --> Session: Class initialized using 'CodeIgniter\Session\Handlers\FileHandler' driver.
DEBUG - 2026-06-10 22:26:59 --> Session: Class initialized using 'CodeIgniter\Session\Handlers\FileHandler' driver.
DEBUG - 2026-06-10 22:27:14 --> Session: Class initialized using 'CodeIgniter\Session\Handlers\FileHandler' driver.
DEBUG - 2026-06-10 22:27:47 --> Session: Class initialized using 'CodeIgniter\Session\Handlers\FileHandler' driver.
DEBUG - 2026-06-10 22:27:51 --> Session: Class initialized using 'CodeIgniter\Session\Handlers\FileHandler' driver.
DEBUG - 2026-06-10 22:29:10 --> Session: Class initialized using 'CodeIgniter\Session\Handlers\FileHandler' driver.
DEBUG - 2026-06-10 22:29:12 --> Session: Class initialized using 'CodeIgniter\Session\Handlers\FileHandler' driver.
DEBUG - 2026-06-10 22:29:18 --> Session: Class initialized using 'CodeIgniter\Session\Handlers\FileHandler' driver.
DEBUG - 2026-06-10 22:29:57 --> Session: Class initialized using 'CodeIgniter\Session\Handlers\FileHandler' driver.
DEBUG - 2026-06-10 22:30:12 --> Session: Class initialized using 'CodeIgniter\Session\Handlers\FileHandler' driver.
DEBUG - 2026-06-10 22:30:25 --> Session: Class initialized using 'CodeIgniter\Session\Handlers\FileHandler' driver.
DEBUG - 2026-06-10 22:30:27 --> Session: Class initialized using 'CodeIgniter\Session\Handlers\FileHandler' driver.
DEBUG - 2026-06-10 22:30:57 --> Session: Class initialized using 'CodeIgniter\Session\Handlers\FileHandler' driver.
DEBUG - 2026-06-10 22:31:24 --> Session: Class initialized using 'CodeIgniter\Session\Handlers\FileHandler' driver.
DEBUG - 2026-06-10 22:32:06 --> Session: Class initialized using 'CodeIgniter\Session\Handlers\FileHandler' driver.
DEBUG - 2026-06-10 22:32:09 --> Session: Class initialized using 'CodeIgniter\Session\Handlers\FileHandler' driver.
DEBUG - 2026-06-10 22:32:26 --> Session: Class initialized using 'CodeIgniter\Session\Handlers\FileHandler' driver.
DEBUG - 2026-06-10 22:33:22 --> Session: Class initialized using 'CodeIgniter\Session\Handlers\FileHandler' driver.
DEBUG - 2026-06-10 22:33:27 --> Session: Class initialized using 'CodeIgniter\Session\Handlers\FileHandler' driver.
DEBUG - 2026-06-10 22:33:30 --> Session: Class initialized using 'CodeIgniter\Session\Handlers\FileHandler' driver.
DEBUG - 2026-06-10 22:33:33 --> Session: Class initialized using 'CodeIgniter\Session\Handlers\FileHandler' driver.
